{
  "Name":                       "HMMWV Pitman Arm Steering (ADAMS)",
  "Type":                       "Steering",
  "Template":                   "PitmanArm",

  "Steering Link":
  {
    "Mass":                     3.6814844109,
    "COM":                      [0,0,0],
    "Inertia":                  [0.252, 0.00233, 0.254],
    "Radius":                   0.03
  },

  "Pitman Arm":
  {
    "Mass":                     1.605,
    "COM":                      [-0.342, 0.249, 0.356],
    "Inertia":                  [0.00638, 0.00756, 0.00150],
    "Radius":                   0.02
  },

  "Revolute Joint":
  {
    "Location":                 [-0.396, 0.249, 0.329],
    "Direction":                [0.3173067, 0, 0.948323],
    "Maximum Angle":            50
  },

  "Universal Joint":
  {
    "Location":                 [-0.274, 0.249, 0.288],
    "Direction Arm":            [0.3173067, 0, 0.948323],
    "Direction Link":           [1, 0, 0]
  },

  "Revolute-Spherical Joint":
  {
    "Location Chassis":         [-0.396, -0.249, 0.329],
    "Location Link":            [-0.274, -0.249, 0.288],
    "Direction":                [0.3173067, 0, 0.948323]
  },

  "Tierod Locations":
  {
    "Pitman Side":              [-0.200,  0.448, 0.3],
    "Idler Side":               [-0.200, -0.448, 0.3]
  }
}
