{
  "Name": "Polaris Simple Map Powertrain",
  "Type": "Powertrain",
  "Template": "SimpleMapPowertrain",

  "Engine": {
    "Maximal Engine Speed RPM": 2700.0,
    "Map Full Throttle": [
      [-10, 100 ],
      [ 0, 185 ],
      [ 700, 200 ],
      [ 800, 208.3475306 ],
      [ 900, 229.1596487 ],
      [ 1000, 275.6342809 ],
      [ 1100, 320.3816972 ],
      [ 1200, 362.2937745 ],
      [ 1300, 379.0264092 ],
      [ 1400, 396.6246208 ],
      [ 1500, 397.0445784 ],
      [ 1600, 394.7468284 ],
      [ 1700, 393.6673876 ],
      [ 1800, 384.3584304 ],
      [ 1900, 376.029486 ],
      [ 2000, 358.4387209 ],
      [ 2100, 343.2256932 ],
      [ 2200, 337.3422633 ],
      [ 2300, 318.1802167 ],
      [ 2400, 299.3691472 ],
      [ 2500, 276.041792 ],
      [ 2600, 280 ],
      [ 2700, 250 ]
    ],
    "Map Zero Throttle": [
      [-10, 0.0],
      [10, 0.0],
      [1000, -10.0],
      [1500, -10.0],
      [2000, -15.0],
      [2500, -15.0],
      [3000, -15.0]
    ]
  },

  "Transmission": {
    "Reverse Gear Ratio": -0.171,
    "Forward Gear Ratios": [ 0.267, 0.500, 0.744, 1.0, 1.294, 1.577 ],
    "Shift Points Map RPM": [
      [ 0, 2375 ],
      [ 1000, 2375 ],
      [ 1000, 2375 ],
      [ 1000, 2375 ],
      [ 1000, 2375 ],
      [ 1000, 2375 ]
    ]
  }
}
