{
  "Name": "Polaris Simple Map Powertrain",
  "Type": "Powertrain",
  "Template": "SimpleMapPowertrain",

  "Engine": {
    "Maximal Engine Speed RPM": 2700.0,
    "Map Full Throttle": [
      [ 0, 185 ],
      [ 700, 200 ],
      [ 800, 208.3475306 ],
      [ 900, 229.1596487 ],
      [ 1000, 275.6342809 ],
      [ 1100, 320.3816972 ],
      [ 1200, 362.2937745 ],
      [ 1300, 379.0264092 ],
      [ 1400, 396.6246208 ],
      [ 1500, 397.0445784 ],
      [ 1600, 394.7468284 ],
      [ 1700, 393.6673876 ],
      [ 1800, 384.3584304 ],
      [ 1900, 376.029486 ],
      [ 2000, 358.4387209 ],
      [ 2100, 343.2256932 ],
      [ 2200, 337.3422633 ],
      [ 2300, 318.1802167 ],
      [ 2400, 299.3691472 ],
      [ 2500, 276.041792 ],
      [ 2600, 200 ],
      [ 2700, -500 ]
    ],
    "Map Zero Throttle": [
      [ 0, -92.5 ],
      [ 700, -100 ],
      [ 800, -104.1737653 ],
      [ 900, -114.5798244 ],
      [ 1000, -137.8171404 ],
      [ 1100, -160.1908486 ],
      [ 1200, -181.1468873 ],
      [ 1300, -189.5132046 ],
      [ 1400, -198.3123104 ],
      [ 1500, -198.5222892 ],
      [ 1600, -197.3734142 ],
      [ 1700, -196.8336938 ],
      [ 1800, -192.1792152 ],
      [ 1900, -188.014743 ],
      [ 2000, -179.2193604 ],
      [ 2100, -171.6128466 ],
      [ 2200, -168.6711317 ],
      [ 2300, -159.0901084 ],
      [ 2400, -149.6845736 ],
      [ 2500, -138.020896 ],
      [ 2600, -300 ],
      [ 2700, -500 ]
    ]
  },

  "Transmission": {
    "Reverse Gear Ratio": -0.171,
    "Forward Gear Ratios": [ 0.267, 0.500, 0.744, 1.0, 1.294, 1.577 ],
    "Shift Points Map RPM": [
      [ 0, 2375 ],
      [ 1000, 2375 ],
      [ 1000, 2375 ],
      [ 1000, 2375 ],
      [ 1000, 2375 ],
      [ 1000, 2375 ]
    ]
  }
}
