{
  "Name":                           "MAN_5t Solid Axle",
  "Type":                           "Suspension",
  "Template":                       "SolidAxle",

  "Spindle" :
  {
    "Mass":                         0.248,
    "COM":                          [0, 0.910, 0],
    "Inertia":                      [0.0000558, 0.0000279, 0.0000558],
    "Radius":                       0.06,
    "Width":                        0.04
  },

  "Knuckle":
  {
    "Mass":                         1.356,
    "COM":                          [-0.006, 0.834, 0.015],
    "Inertia":                      [0.00255, 0.00134, 0.00196],
    "Radius":                       0.01,
    "Location Lower":               [0.006, 0.849, -0.061],
    "Location Upper":               [-0.018, 0.819, 0.091]
  },

  "Upper Link":
  {
    "Mass":                         1.446,
    "COM":                          [0.182, 0.591, 0.182],
    "Inertia":                      [0.011, 0.011, 0.000142],
    "Radius":                       0.02,
    "Location Axle":                [-0.067, 0.000, 0.227],
    "Location Chassis":             [-0.710, 0.373, 0.242]
  },

  "Lower Link":
  {
    "Mass":                         2.892,
    "COM":                          [0.279, 0.577, -0.073],
    "Inertia":                      [0.0514, 0.0514, 0.00037],
    "Radius":                       0.02,
    "Location Axle":                [0.117, 0.645, -0.035],
    "Location Chassis":             [1.042, 0.441, 0.213]
  },
  
  "Axle Tube" :
  {
    "Mass":                         44.958,
    "COM":                          [0, 0, 0],
    "Inertia":                      [7.744, 0.045, 7.744],
    "Radius":                       0.03
  },

  "Tierod":
  {
    "Mass":                         1.633,
    "Inertia":                      [0.252, 0.001, 0.252],
    "Location Knuckle":             [-0.091, 0.825, -0.079],
    "Radius":                       0.003
  },

  "Draglink":
  {
    "Mass":                         0.464,
    "Inertia":                      [0.005, 0.005, 0.001],
    "Location Chassis":             [0.385, 0.45, -0.02],
    "Location Bell Crank":          [0, 0.425, -0.05],
	  "Radius":                       0.003
  },
  
  "Bell Crank":
  {
    "Mass":                         0.218,
    "Inertia":                      [0.001, 0.001, 0.001],
    "Location Tierod":              [-0.075, 0.325, -0.065],
    "Location Axle":                [0, 0.325, -0.05],
	  "Radius":                       0.003
  },

  "Spring":
  {
    "Location Chassis":             [0.0, 0.579, 0.535],
    "Location Axle":                [0.0, 0.579, 0.090],
    "Spring Coefficient":           1000000.000,   
    "Free Length":                  0.3948
  },

  "Shock":
  {
    "Location Chassis":             [0.0, 0.579, 0.535],
    "Location Axle":                [0.0, 0.579, 0.090],
    "Damping Coefficient":          90000.000
  },

  "Axle":
  {
    "Inertia":                      0.4
  }
}
