{
  "Name":                       "Generic MacPherson Strut",
  "Type":                       "Suspension",
  "Template":                   "MacPhersonStrut",

  "Spindle" :
  {
    "Mass":                     1.103,
    "COM":                      [-0.040, 1.100, -0.026],
    "Inertia":                  [0.000478, 0.000479, 0.000496],
    "Radius":                   0.15,
    "Width":                    0.06
  },

  "Upright":
  {
    "Mass":                     20.000,
    "COM":                      [-0.040, 0.910, -0.026],
    "Inertia":                  [0.000405, 0.000602, 0.000405],
    "Radius":                   0.025
  },

  "Control Arm":
  {
    "Mass":                     5.091,
    "COM":                      [-0.031, 0.646, -0.156],
    "Inertia":                  [0.0269, 0.06058, 0.03377],
    "Radius":                   0.02,
    "Location Chassis Front":   [0.220, 0.520, -0.156],
    "Location Chassis Back":    [-0.300, 0.507, -0.137],
    "Location Upright":         [-0.014, 0.910, -0.176]
  },

  "Strut":
  {
    "Mass":                     5.000,
    "Inertia":                  [0.001, 0.001, 0.001],
    "Radius":                   0.02
  },

  "Tierod":
  {
    "Location Chassis":         [-0.300, 0.520, -0.059],
    "Location Upright":         [-0.235, 0.897, -0.059]
  },

  "Spring":
  {
    "Location Chassis":         [-0.115, 0.785, 0.579],
    "Location Upright":         [-0.092, 0.813, 0.234],
    "Spring Coefficient":       369149.000,
    "Free Length" :             0.346
  },

  "Shock":
  {
    "Location Chassis":         [-0.115, 0.785, 0.579],
    "Location Upright":         [-0.092, 0.813, 0.234],
    "Damping Coefficient":      22459.000
  },

  "Axle":
  {
    "Inertia":                  0.4
  }
}
