{
  "Name": "Truck 6x4 Offroad Truck Rear Solid Three Link Axle",
  "Type": "Suspension",
  "Template": "SolidThreeLinkAxle",

  "Spindle": {
    "Mass": 60.2,
    "COM": [ 0, 1.185, 0 ],
    "Inertia": [ 0.2700752, 0.4822912, 0.2700752 ],
    "Radius": 0.10,
    "Width": 0.06
  },

  "Axle Tube": {
    "Mass": 709.0,
    "COM": [ 0, 0, 0 ],
    "Inertia": [ 329.00, 16.46, 330.00 ],
    "Radius": 0.0476
  },

  "Triangular Link": {
    "Mass": 50.0,
    "Inertia": [ 0.2, 0.2, 0.2 ],
    "Location Chassis": [ -0.762, 0.570, 0.100 ],
    "Location Axle": [ 0.000, 0.000, 0.260 ]
  },

  "Longitudinal Link": {
    "Mass": 25.0,
    "Inertia": [ 0.5, 0.1, 0.1 ],
    "Location Chassis": [ 1.139, 0.550, 0.100 ],
    "Location Axle": [ 0.115, 0.838, -0.090 ]
  },

  "Spring": {
    "Location Chassis": [ 0.000, 0.735, 0.585 ],
    "Location Axle": [ 0.000, 0.805, 0.090 ],
    "Free Length": 0.615,
    "Maximum Length": 0.63092,
    "Minimum Length": 0.335,
    "Spring Curve Data": [
      [ -1, -599893 ],
      [ -0.9, -497979 ],
      [ -0.8, -405381 ],
      [ -0.7, -322100 ],
      [ -0.6, -248136 ],
      [ -0.5, -183488 ],
      [ -0.4, -128157 ],
      [ -0.3, -82142.9 ],
      [ -0.2, -45445.3 ],
      [ -0.1, -18064.3 ],
      [ 0, 0 ],
      [ 0.1, 18064.3 ],
      [ 0.2, 45445.3 ],
      [ 0.3, 82142.9 ],
      [ 0.4, 128157 ],
      [ 0.5, 183488 ],
      [ 0.6, 248136 ],
      [ 0.7, 322100 ],
      [ 0.8, 405381 ],
      [ 0.9, 497979 ],
      [ 1, 599893 ]
    ]
  },

  "Shock": {
    "Location Chassis": [ -0.250, 0.712, 0.570 ],
    "Location Axle": [ -0.246, 0.838, -0.125 ],
    "Damping Curve Data": [
      [ -1, -13131.6 ],
      [ -0.9, -12776.7 ],
      [ -0.8, -12359.2 ],
      [ -0.7, -11860.8 ],
      [ -0.6, -11255.7 ],
      [ -0.5, -10505.3 ],
      [ -0.4, -9550.29 ],
      [ -0.3, -8293.67 ],
      [ -0.2, -6565.82 ],
      [ -0.1, -4040.51 ],
      [ 0, 0 ],
      [ 0.1, 6680.04 ],
      [ 0.2, 10095.4 ],
      [ 0.3, 12169.3 ],
      [ 0.4, 13562.4 ],
      [ 0.5, 14562.6 ],
      [ 0.6, 15315.7 ],
      [ 0.7, 15903 ],
      [ 0.8, 16374 ],
      [ 0.9, 16760.1 ],
      [ 1, 17082.3 ]
    ]
  },

  "Axle": {
    "Inertia": 0.4
  }
}
