{
    "Name": "HMMWV Pac89 Tire",
    "Type": "Tire",
    "Template": "Pac89Tire",
    "Mass": 37.6,
    "Inertia": [
        3.84,
        6.69,
        3.84
    ],
    "Coefficient of Friction": 0.8,
    "Design Parameters": {
        "Unloaded Radius": 0.464,
        "Width": 0.318,
        "Vertical Stiffness": 326332.4234,
        "Vertical Damping": 348.3932502,
            "Vertical Curve Data": [[0.0, 0.0],
                   [0.01, 2830.0],
                   [0.02, 6212.0],
                   [0.03, 10146.0],
                   [0.04, 14632.0],
                   [0.05, 19670.0],
                   [0.06, 25260.0],
                   [0.07, 31402.0],
                   [0.08, 38096.0],
                   [0.09, 45342.0],
                   [0.10, 53140.0]],
        "Lateral Stiffness": 261065.0,
        "Rolling Resistance": 0.015
    },
     "Lateral Coefficients": {
     "a0" : 1.49975356208205,
     "a1" : -4.84987524731462,
     "a2" : 812.449795340733,
     "a3" : 2613.92367840654,
     "a4" : 48.857910109076,
     "a5" : 0.0,
     "a6" : -0.00879541881020228,
     "a7" : 0.376999015041155,
     "a8" : 0.0,
     "a9" : 0.0,
     "a10" : 0.0,
     "a11" : 0.0,
     "a12" : 0.0,
     "a13" : 0.0
    },
     "Longitudinal Coefficients": {
      "b0" : 1.50018802672136,
      "b1" : -15.7761466722458,
      "b2" : 1022.11238546683,
      "b3" : -2.55317715303733,
      "b4" : 208.777316195246,
      "b5" : 0.0073134908964823,
      "b6" : -0.00376410345674027,
      "b7" : 0.156330736057758,
      "b8" : -1.15310023217878,
      "b9" : 0.0,
      "b10" : 0.0
   },
     "Aligning Coefficients": {
      "c0" : 2.34,
      "c1" : 0.990427,
      "c2" : 2.96848,
      "c3" : -0.277098,
      "c4" : -0.944859,
      "c5" : 0.0,
      "c6" : 0.0027699,
      "c7" : -0.0001151,
      "c8" : 0.10,
      "c9" : -1.3329,
      "c10" : 0.0,
      "c11" : 0.0,
      "c12" : 0.0,
      "c13" : 0.0,
      "c14" : 0.0,
      "c15" : 0.0,
      "c16" : 0.0,
      "c17" : 0.0
      },
    "Visualization": {
        "Mesh Filename": "hmmwv/hmmwv_tire.obj",
        "Mesh Name": "hmmwv_tire_POV_geom",
        "Width": 0.318
    }
}
