{
    "Name": "TMeasy Tire Parameter Set",
    "Type": "Tire",
    "Template": "TMeasyTire",
    "Coefficient of Friction": 0.8,
    "Rolling Resistance Coefficients": [
        0.015,
        0.015
    ],
    "Design": {
        "Unloaded Radius [m]": 0.464,
        "Mass [kg]": 37.6,
        "Inertia [kg.m2]": [
            3.86,
            7.6,
            3.86
        ],
        "Width [m]": 0.318,
        "Rim Radius [m]": 0.21,
        "Roundness of Cross Section": 0.1
    },
    "Parameters": {
        "Dynamic Radius Weighting Coefficients": [
            0.375,
            0.75
        ],
        "Tire Load": {
            "Nominal Vertical Force [N]": 7600.0,
            "Maximum Vertical Force [N]": 26600.0
        },
        "Tire Stiffness": {
            "Longitudinal [N/m]": 293699.1810600001,
            "Lateral [N/m]": 261065.93872000004,
            "Vertical [N/m]": [
                326332.4234,
                326332.4234
            ]
        },
        "Tire Damping": {
            "Longitudinal [Ns/m]": 3296,
            "Lateral [Ns/m]": 3107,
            "Vertical [Ns/m]": 3475
        },
        "Longitudinal": {
            "Initial Slopes dFx/dsx [N]": [
                157030.738840308,
                274685.069847482
            ],
            "Maximum Fx Load [N]": [
                6894.765328626913,
                11973.78061414796
            ],
            "Sliding Fx Load [N]": [
                5692.145971941859,
                10765.232472159529
            ],
            "Slip sx at Maximum Fx": [
                0.1337681868200464,
                0.1634000724558567
            ],
            "Slip sx where sliding begins": [
                0.959999390695378,
                0.9599349397154496
            ]
        },
        "Lateral": {
            "Initial Slopes dFy/dsy [N]": [
                55087.49318774042,
                102058.29431565656
            ],
            "Maximum Fy Load [N]": [
                5948.424247065884,
                11335.717829523435
            ],
            "Sliding Fy Load [N]": [
                5648.517057661229,
                10693.243250366206
            ],
            "Slip sy at Maximum Fy": [
                0.3794817785000966,
                0.3775168408962764
            ],
            "Slip sy where sliding begins": [
                0.925640996144482,
                0.959833720945494
            ]
        },
        "Aligning": {
            "Normalized Trail at Zero Slip sy": [
                0.13,
                0.167
            ],
            "Slip sy where Trail Changes Sign": [
                0.3984558674251015,
                0.3963926829410902
            ],
            "Slip sy where Trail Tends to Zero": [
                0.6792276290602397,
                0.6781638113282699
            ]
        }
    },

   "Visualization": {
      "Mesh Filename": "hmmwv/hmmwv_tire.obj",
      "Mesh Name": "hmmwv_tire_POV_geom"
   }

}
