{
  "Name":            "HMMWV ANCF Tire",
  "Type":            "Tire",
  "Template":        "ANCFTire",

  "Tire Radius":     0.4673,
  "Rim Radius":      0.2683,
  "Rim Width":       0.254,

  "Contact Material":
  {
      "Coefficient of Friction":    0.9,
      "Coefficient of Restitution": 0.1,

      "Properties":
      {
          "Young Modulus":              2e6,
          "Poisson Ratio":              0.3
      },

      "Coefficients":
      {
          "Normal Stiffness":           2.0e6,
          "Normal Damping":             1.3e1,
          "Tangential Stiffness":       1.0e6,
          "Tangential Damping":         0
      }
  },

  "Materials":
  [
      {
         "Type":    "Orthotropic",
         "Density": 0.108333E+04,
         "E":       [0.0569311E+09 , 1.2995000E+09 , 0.0569311E+09],
         "nu":      [0.0196939E+00 , 0.7415553E+00 , 0.4500000E+00],
         "G":       [1.6344800E+07 , 1.6344800E+07 , 1.6344800E+07]
      },
      
      {
         "Type":    "Orthotropic",
         "Density": 0.10090909E+04,
         "E":       [0.0484797E+09 , 6.8770364E+09 , 0.0484797E+09],
         "nu":      [0.0031508E+00 , 0.4830288E+00 , 0.4500000E+00],
         "G":       [1.6344800E+07 , 1.6344800E+07 , 1.6344800E+07]
      },

      {
         "Type":    "Orthotropic",
         "Density": 0.11515900E+04,
         "E":       [0.7522762E+09 , 1.8424304E+09 , 0.0819833E+09],
         "nu":      [0.0139820E+00 , 0.6983265E+00 , 0.6514890E+00],
         "G":       [5.3971520E+09 , 0.0163448E+09 , 0.0163448E+09]
      }
  ],

  "Structural Damping Coefficient":  0.005,

  "Default Pressure":                200.0e3,

  "Bead Section":
  {
      "Layer Thickness":   [ 9e-03 ],
      "Ply Angle":         [ 0],
      "Material ID":       [ 0],
      "Number Elements":   2
  },

  "Sidewall Section":
  {
      "Layer Thickness":   [ 3.1e-03],
      "Ply Angle":         [ 0 ],
      "Material ID":       [ 1 ],
      "Number Elements":   4
  },

  "Tread Section":
  {
      "Layer Thickness":   [ 8.1e-03 ],
      "Ply Angle":         [ 0 ],
      "Material ID":       [ 2 ],
      "Number Elements":   6
 },

  "Number Elements Circumference":  90,

  "Profile": 
  [
      [ 0.000000E+00 , 0.000000E+00 , -1.150000E-01 ],
      [ 1.428571E-02 , 1.166670E-02 , -1.164180E-01 ],
      [ 2.857143E-02 , 2.333330E-02 , -1.192300E-01 ],
      [ 4.285714E-02 , 3.500000E-02 , -1.230200E-01 ],
      [ 5.714286E-02 , 4.666670E-02 , -1.273710E-01 ],
      [ 7.142857E-02 , 5.833330E-02 , -1.318700E-01 ],
      [ 8.571429E-02 , 7.000000E-02 , -1.361330E-01 ],
      [ 1.000000E-01 , 8.166670E-02 , -1.399910E-01 ],
      [ 1.142857E-01 , 9.333330E-02 , -1.433510E-01 ],
      [ 1.285714E-01 , 1.050000E-01 , -1.461240E-01 ],
      [ 1.428571E-01 , 1.166670E-01 , -1.482160E-01 ],
      [ 1.571429E-01 , 1.283330E-01 , -1.495390E-01 ],
      [ 1.714286E-01 , 1.400000E-01 , -1.500000E-01 ],
      [ 1.857143E-01 , 1.475000E-01 , -1.486380E-01 ],
      [ 2.000000E-01 , 1.550000E-01 , -1.457860E-01 ],
      [ 2.142857E-01 , 1.625000E-01 , -1.419760E-01 ],
      [ 2.285714E-01 , 1.700000E-01 , -1.360000E-01 ],
      [ 2.428571E-01 , 1.768970E-01 , -1.288420E-01 ],
      [ 2.571429E-01 , 1.831090E-01 , -1.216840E-01 ],
      [ 2.714286E-01 , 1.883940E-01 , -1.145260E-01 ],
      [ 2.857143E-01 , 1.925100E-01 , -1.073680E-01 ],
      [ 3.000000E-01 , 1.953230E-01 , -1.002110E-01 ],
      [ 3.142857E-01 , 1.970380E-01 , -9.305260E-02 ],
      [ 3.285714E-01 , 1.979260E-01 , -8.589470E-02 ],
      [ 3.428571E-01 , 1.982580E-01 , -7.873680E-02 ],
      [ 3.571429E-01 , 1.983020E-01 , -7.157890E-02 ],
      [ 3.714286E-01 , 1.983090E-01 , -6.442110E-02 ],
      [ 3.857143E-01 , 1.983540E-01 , -5.726320E-02 ],
      [ 4.000000E-01 , 1.984290E-01 , -5.010530E-02 ],
      [ 4.142857E-01 , 1.985240E-01 , -4.294740E-02 ],
      [ 4.285714E-01 , 1.986300E-01 , -3.578950E-02 ],
      [ 4.428571E-01 , 1.987380E-01 , -2.863160E-02 ],
      [ 4.571429E-01 , 1.988390E-01 , -2.147370E-02 ],
      [ 4.714286E-01 , 1.989220E-01 , -1.431580E-02 ],
      [ 4.857143E-01 , 1.989790E-01 , -7.157890E-03 ],
      [ 5.000000E-01 , 1.990000E-01 ,  0.000000E+00 ],
      [ 5.142857E-01 , 1.989790E-01 ,  7.157890E-03 ],
      [ 5.285714E-01 , 1.989220E-01 ,  1.431580E-02 ],
      [ 5.428571E-01 , 1.988390E-01 ,  2.147370E-02 ],
      [ 5.571429E-01 , 1.987380E-01 ,  2.863160E-02 ],
      [ 5.714286E-01 , 1.986300E-01 ,  3.578950E-02 ],
      [ 5.857143E-01 , 1.985240E-01 ,  4.294740E-02 ],
      [ 6.000000E-01 , 1.984290E-01 ,  5.010530E-02 ],
      [ 6.142857E-01 , 1.983540E-01 ,  5.726320E-02 ],
      [ 6.285714E-01 , 1.983090E-01 ,  6.442110E-02 ],
      [ 6.428571E-01 , 1.983020E-01 ,  7.157890E-02 ],
      [ 6.571429E-01 , 1.982580E-01 ,  7.873680E-02 ],
      [ 6.714286E-01 , 1.979260E-01 ,  8.589470E-02 ],
      [ 6.857143E-01 , 1.970380E-01 ,  9.305260E-02 ],
      [ 7.000000E-01 , 1.953230E-01 ,  1.002110E-01 ],
      [ 7.142857E-01 , 1.925100E-01 ,  1.073680E-01 ],
      [ 7.285714E-01 , 1.883940E-01 ,  1.145260E-01 ],
      [ 7.428571E-01 , 1.831090E-01 ,  1.216840E-01 ],
      [ 7.571429E-01 , 1.768970E-01 ,  1.288420E-01 ],
      [ 7.714286E-01 , 1.700000E-01 ,  1.360000E-01 ],
      [ 7.857143E-01 , 1.625000E-01 ,  1.419760E-01 ],
      [ 8.000000E-01 , 1.550000E-01 ,  1.457860E-01 ],
      [ 8.142857E-01 , 1.475000E-01 ,  1.486380E-01 ],
      [ 8.285714E-01 , 1.400000E-01 ,  1.500000E-01 ],
      [ 8.428571E-01 , 1.283330E-01 ,  1.495390E-01 ],
      [ 8.571429E-01 , 1.166670E-01 ,  1.482160E-01 ],
      [ 8.714286E-01 , 1.050000E-01 ,  1.461240E-01 ],
      [ 8.857143E-01 , 9.333330E-02 ,  1.433510E-01 ],
      [ 9.000000E-01 , 8.166670E-02 ,  1.399910E-01 ],
      [ 9.142857E-01 , 7.000000E-02 ,  1.361330E-01 ],
      [ 9.285714E-01 , 5.833330E-02 ,  1.318700E-01 ],
      [ 9.428571E-01 , 4.666670E-02 ,  1.273710E-01 ],
      [ 9.571429E-01 , 3.500000E-02 ,  1.230200E-01 ],
      [ 9.714286E-01 , 2.333330E-02 ,  1.192300E-01 ],
      [ 9.857143E-01 , 1.166670E-02 ,  1.164180E-01 ],
      [ 1.000000E+00 , 0.000000E+00 ,  1.150000E-01 ]
  ]
}
