{
  "Name":                           "UAZBUS Rear SAE Leafspring Axle",
  "Type":                           "Suspension",
  "Template":                       "SAELeafspringAxle",

 "Camber Angle (deg)":                   0,
 "Toe Angle (deg)":                      0,

  "Spindle" :
  {
    "Mass":                         14.705,
    "COM":                          [0, 0.7325, 0],
    "Inertia":                      [0.04117, 0.07352, 0.04117],
    "Radius":                       0.10,
    "Width":                        0.06
  },
    
  "Axle Tube" :
  {
    "Mass":                         124.0,
    "COM":                          [0, 0, 0],
    "Inertia":                      [22.21, 0.0775, 22.21],
    "Radius":                       0.0476
  },

  "Auxiliary Spring":
  {
    "Location Chassis":             [0.0, 0.5142, 0.2476],
    "Location Axle":                [0.0, 0.5142, 0.0476],
    "Spring Coefficient":           0,
    "Free Length":                  0.2,
    "Minimum Length":               0.28,
    "Maximum Length":               0.12
  },

  "Shock":
  {
    "Location Chassis":             [-0.3648,  0.4193, 0.4298],
    "Location Axle":                [-0.125, 0.441, -0.0507],
    "Damping Coefficient":          16336.2817986669,
    "Degressivity Compression":     3,
    "Degressivity Expansion":       1
  },

  "Axle":
  {
    "Inertia":                      0.4
  },
  
  "Leafspring":
  {
    "Location Front Hanger":             [0.494081171752993, 0.5142, 0.1260],
    "Location Clamp A":                     [0.044697881113434, 0.5142, 0.102479751287605],
    "Location Clamp B":                     [-0.055165072362023, 0.5142, 0.097246155663310],
    "Location Shackle":                      [-0.504548363001581, 0.5142, 0.073694975353985],
    "Location Rear Hanger":              [-0.445529598035440, 0.5142, 0.189525823498473],
    "Vertical Stiffness":               102643.885771329,
    "Vertical Preload Force":               4000,
    "Stiffness Bias":                             1,
    "Lateral Stiffness":           1026438.85771329,
    "Frontleaf" :
    {
      "Mass":                         3.88575,
      "Inertia":                      [0.00266206, 0.0809923, 0.083576]
    },
    "Rearleaf" :
    {
      "Mass":                         3.88575,
      "Inertia":                      [0.00266206, 0.0809923, 0.083576]
    },
    "Half Clamp" :
    {
      "Mass":                         0.77715,
      "Inertia":                      [0.000532413, 0.000655461, 0.0011722]
    },
    "Shackle" :
    {
      "Mass":                         0.77715,
      "Inertia":                      [0.000532413, 0.000655461, 0.0011722]
    }
  }
  
}
