####
#
# OBJ File Generated by Meshlab
#
####
# Object sphere_0.12.obj
#
# Vertices: 4034
# Faces: 8064
#
####
vn -0.0000000 -0.0000000 -1.0000000
v 0.0000000 0.0000000 -0.0600000 0.752941 0.752941 0.752941
vn 0.0495920 0.0048843 -0.9987576
v 0.0029299 0.0002886 -0.0599277 0.752941 0.752941 0.752941
vn 0.0498316 -0.0000000 -0.9987577
v 0.0029441 0.0000000 -0.0599277 0.752941 0.752941 0.752941
vn 0.0987777 0.0000001 -0.9951096
v 0.0058810 0.0000000 -0.0597111 0.752941 0.752941 0.752941
vn 0.0983020 0.0096820 -0.9951096
v 0.0058527 0.0005764 -0.0597111 0.752941 0.752941 0.752941
vn 0.1474822 -0.0000001 -0.9890648
v 0.0088038 0.0000000 -0.0593506 0.752941 0.752941 0.752941
vn 0.1467723 0.0144560 -0.9890648
v 0.0087614 0.0008629 -0.0593506 0.752941 0.752941 0.752941
vn 0.1958273 -0.0000001 -0.9806384
v 0.0117054 0.0000000 -0.0588471 0.752941 0.752941 0.752941
vn 0.1948843 0.0191945 -0.9806384
v 0.0116491 0.0011473 -0.0588471 0.752941 0.752941 0.752941
vn 0.2437007 -0.0000000 -0.9698505
v 0.0145788 0.0000000 -0.0582019 0.752941 0.752941 0.752941
vn 0.2425272 0.0238869 -0.9698505
v 0.0145086 0.0014290 -0.0582019 0.752941 0.752941 0.752941
vn 0.2909870 0.0000000 -0.9567270
v 0.0174171 0.0000000 -0.0574164 0.752941 0.752941 0.752941
vn 0.2895858 0.0285211 -0.9567270
v 0.0173332 0.0017072 -0.0574164 0.752941 0.752941 0.752941
vn 0.3375685 0.0000001 -0.9413010
v 0.0202134 0.0000000 -0.0564926 0.752941 0.752941 0.752941
vn 0.3359429 0.0330870 -0.9413011
v 0.0201161 0.0019813 -0.0564926 0.752941 0.752941 0.752941
vn 0.3833359 -0.0000001 -0.9236090
v 0.0229610 0.0000000 -0.0554328 0.752941 0.752941 0.752941
vn 0.3814902 0.0375737 -0.9236090
v 0.0228504 0.0022506 -0.0554328 0.752941 0.752941 0.752941
vn 0.4281825 -0.0000002 -0.9036923
v 0.0256533 0.0000000 -0.0542394 0.752941 0.752941 0.752941
vn 0.4261209 0.0419689 -0.9036922
v 0.0255298 0.0025145 -0.0542394 0.752941 0.752941 0.752941
vn 0.4719934 -0.0000000 -0.8816021
v 0.0282838 0.0000000 -0.0529153 0.752941 0.752941 0.752941
vn 0.4697209 0.0462634 -0.8816019
v 0.0281476 0.0027723 -0.0529153 0.752941 0.752941 0.752941
vn 0.5146660 0.0000001 -0.8573908
v 0.0308462 0.0000000 -0.0514637 0.752941 0.752941 0.752941
vn 0.5121875 0.0504461 -0.8573909
v 0.0306976 0.0030234 -0.0514637 0.752941 0.752941 0.752941
vn 0.5561005 -0.0000002 -0.8311151
v 0.0333342 0.0000000 -0.0498882 0.752941 0.752941 0.752941
vn 0.5534228 0.0545071 -0.8311151
v 0.0331737 0.0032673 -0.0498882 0.752941 0.752941 0.752941
vn 0.5961942 0.0000003 -0.8028402
v 0.0357420 0.0000000 -0.0481924 0.752941 0.752941 0.752941
vn 0.5933231 0.0584368 -0.8028405
v 0.0355698 0.0035033 -0.0481924 0.752941 0.752941 0.752941
vn 0.6348498 0.0000000 -0.7726355
v 0.0380636 0.0000000 -0.0463806 0.752941 0.752941 0.752941
vn 0.6317928 0.0622259 -0.7726356
v 0.0378803 0.0037309 -0.0463806 0.752941 0.752941 0.752941
vn 0.6719791 -0.0000003 -0.7405701
v 0.0402935 0.0000000 -0.0444571 0.752941 0.752941 0.752941
vn 0.6687440 0.0658656 -0.7405695
v 0.0400995 0.0039495 -0.0444571 0.752941 0.752941 0.752941
vn 0.7074897 -0.0000000 -0.7067236
v 0.0424264 0.0000000 -0.0424264 0.752941 0.752941 0.752941
vn 0.7040830 0.0693457 -0.7067236
v 0.0422221 0.0041585 -0.0424264 0.752941 0.752941 0.752941
vn 0.7412971 0.0000003 -0.6711771
v 0.0444571 0.0000000 -0.0402935 0.752941 0.752941 0.752941
vn 0.7377272 0.0726596 -0.6711774
v 0.0442430 0.0043576 -0.0402935 0.752941 0.752941 0.752941
vn 0.7733194 0.0000003 -0.6340167
v 0.0463806 0.0000000 -0.0380636 0.752941 0.752941 0.752941
vn 0.7695951 0.0757983 -0.6340173
v 0.0461573 0.0045461 -0.0380636 0.752941 0.752941 0.752941
vn 0.8034788 -0.0000002 -0.5953335
v 0.0481924 0.0000000 -0.0357420 0.752941 0.752941 0.752941
vn 0.7996101 0.0787542 -0.5953331
v 0.0479604 0.0047237 -0.0357420 0.752941 0.752941 0.752941
vn 0.8317057 -0.0000001 -0.5552167
v 0.0498882 0.0000000 -0.0333342 0.752941 0.752941 0.752941
vn 0.8277011 0.0815211 -0.5552164
v 0.0496479 0.0048899 -0.0333342 0.752941 0.752941 0.752941
vn 0.8579311 0.0000002 -0.5137647
v 0.0514637 0.0000000 -0.0308462 0.752941 0.752941 0.752941
vn 0.8537996 0.0840917 -0.5137654
v 0.0512159 0.0050443 -0.0308462 0.752941 0.752941 0.752941
vn 0.8820912 -0.0000002 -0.4710788
v 0.0529153 0.0000000 -0.0282838 0.752941 0.752941 0.752941
vn 0.8778440 0.0864601 -0.4710780
v 0.0526605 0.0051866 -0.0282838 0.752941 0.752941 0.752941
vn 0.9041289 -0.0000002 -0.4272598
v 0.0542394 0.0000000 -0.0256533 0.752941 0.752941 0.752941
vn 0.8997757 0.0886207 -0.4272588
v 0.0539782 0.0053164 -0.0256533 0.752941 0.752941 0.752941
vn 0.9239923 0.0000002 -0.3824110
v 0.0554328 0.0000000 -0.0229610 0.752941 0.752941 0.752941
vn 0.9195427 0.0905676 -0.3824116
v 0.0551658 0.0054334 -0.0229610 0.752941 0.752941 0.752941
vn 0.9416311 0.0000000 -0.3366464
v 0.0564926 0.0000000 -0.0202134 0.752941 0.752941 0.752941
vn 0.9370968 0.0922958 -0.3366470
v 0.0562206 0.0055372 -0.0202134 0.752941 0.752941 0.752941
vn 0.9570048 -0.0000001 -0.2900722
v 0.0574164 0.0000000 -0.0174171 0.752941 0.752941 0.752941
vn 0.9523967 0.0938027 -0.2900718
v 0.0571399 0.0056278 -0.0174171 0.752941 0.752941 0.752941
vn 0.9700767 -0.0000000 -0.2427988
v 0.0582019 0.0000000 -0.0145788 0.752941 0.752941 0.752941
vn 0.9654055 0.0950839 -0.2427989
v 0.0579216 0.0057048 -0.0145788 0.752941 0.752941 0.752941
vn 0.9808145 0.0000004 -0.1949435
v 0.0588471 0.0000000 -0.0117054 0.752941 0.752941 0.752941
vn 0.9760914 0.0961355 -0.1949453
v 0.0585637 0.0057680 -0.0117054 0.752941 0.752941 0.752941
vn 0.9891928 -0.0000002 -0.1466209
v 0.0593506 0.0000000 -0.0088038 0.752941 0.752941 0.752941
vn 0.9844297 0.0969569 -0.1466203
v 0.0590648 0.0058174 -0.0088038 0.752941 0.752941 0.752941
vn 0.9951920 -0.0000002 -0.0979433
v 0.0597111 0.0000000 -0.0058810 0.752941 0.752941 0.752941
vn 0.9904000 0.0975465 -0.0979418
v 0.0594236 0.0058527 -0.0058810 0.752941 0.752941 0.752941
vn 0.9987974 0.0000004 -0.0490296
v 0.0599277 0.0000000 -0.0029441 0.752941 0.752941 0.752941
vn 0.9939877 0.0978993 -0.0490313
v 0.0596392 0.0058739 -0.0029441 0.752941 0.752941 0.752941
vn 1.0000000 0.0000000 0.0000000
v 0.0600000 0.0000000 0.0000000 0.752941 0.752941 0.752941
vn 0.9951847 0.0980176 0.0000001
v 0.0597111 0.0058810 0.0000000 0.752941 0.752941 0.752941
vn 0.9987974 -0.0000004 0.0490296
v 0.0599277 0.0000000 0.0029441 0.752941 0.752941 0.752941
vn 0.9939877 0.0978999 0.0490310
v 0.0596392 0.0058739 0.0029441 0.752941 0.752941 0.752941
vn 0.9951920 0.0000002 0.0979433
v 0.0597111 0.0000000 0.0058810 0.752941 0.752941 0.752941
vn 0.9904000 0.0975465 0.0979426
v 0.0594236 0.0058527 0.0058810 0.752941 0.752941 0.752941
vn 0.9891928 0.0000002 0.1466209
v 0.0593506 0.0000000 0.0088038 0.752941 0.752941 0.752941
vn 0.9844298 0.0969573 0.1466196
v 0.0590648 0.0058174 0.0088038 0.752941 0.752941 0.752941
vn 0.9808145 -0.0000004 0.1949435
v 0.0588471 0.0000000 0.0117054 0.752941 0.752941 0.752941
vn 0.9760913 0.0961362 0.1949453
v 0.0585637 0.0057680 0.0117054 0.752941 0.752941 0.752941
vn 0.9700767 0.0000000 0.2427988
v 0.0582019 0.0000000 0.0145788 0.752941 0.752941 0.752941
vn 0.9654055 0.0950837 0.2427989
v 0.0579216 0.0057048 0.0145788 0.752941 0.752941 0.752941
vn 0.9570048 0.0000001 0.2900722
v 0.0574164 0.0000000 0.0174171 0.752941 0.752941 0.752941
vn 0.9523966 0.0938026 0.2900720
v 0.0571399 0.0056278 0.0174171 0.752941 0.752941 0.752941
vn 0.9416312 -0.0000000 0.3366463
v 0.0564926 0.0000000 0.0202134 0.752941 0.752941 0.752941
vn 0.9370970 0.0922956 0.3366464
v 0.0562206 0.0055372 0.0202134 0.752941 0.752941 0.752941
vn 0.9239923 -0.0000002 0.3824110
v 0.0554328 0.0000000 0.0229610 0.752941 0.752941 0.752941
vn 0.9195426 0.0905676 0.3824121
v 0.0551658 0.0054334 0.0229610 0.752941 0.752941 0.752941
vn 0.9041289 0.0000002 0.4272598
v 0.0542394 0.0000000 0.0256533 0.752941 0.752941 0.752941
vn 0.8997756 0.0886206 0.4272590
v 0.0539782 0.0053164 0.0256533 0.752941 0.752941 0.752941
vn 0.8820912 0.0000002 0.4710788
v 0.0529153 0.0000000 0.0282838 0.752941 0.752941 0.752941
vn 0.8778442 0.0864599 0.4710778
v 0.0526605 0.0051866 0.0282838 0.752941 0.752941 0.752941
vn 0.8579311 -0.0000002 0.5137648
v 0.0514637 0.0000000 0.0308462 0.752941 0.752941 0.752941
vn 0.8537995 0.0840921 0.5137655
v 0.0512159 0.0050443 0.0308462 0.752941 0.752941 0.752941
vn 0.8317057 0.0000001 0.5552167
v 0.0498882 0.0000000 0.0333342 0.752941 0.752941 0.752941
vn 0.8277010 0.0815213 0.5552165
v 0.0496479 0.0048899 0.0333342 0.752941 0.752941 0.752941
vn 0.8034788 0.0000002 0.5953335
v 0.0481924 0.0000000 0.0357420 0.752941 0.752941 0.752941
vn 0.7996104 0.0787538 0.5953327
v 0.0479604 0.0047237 0.0357420 0.752941 0.752941 0.752941
vn 0.7733194 -0.0000003 0.6340167
v 0.0463806 0.0000000 0.0380636 0.752941 0.752941 0.752941
vn 0.7695950 0.0757984 0.6340176
v 0.0461573 0.0045461 0.0380636 0.752941 0.752941 0.752941
vn 0.7412971 -0.0000003 0.6711771
v 0.0444571 0.0000000 0.0402935 0.752941 0.752941 0.752941
vn 0.7377269 0.0726603 0.6711777
v 0.0442430 0.0043576 0.0402935 0.752941 0.752941 0.752941
vn 0.7074897 0.0000000 0.7067236
v 0.0424264 0.0000000 0.0424264 0.752941 0.752941 0.752941
vn 0.7040831 0.0693458 0.7067235
v 0.0422221 0.0041585 0.0424264 0.752941 0.752941 0.752941
vn 0.6719791 0.0000003 0.7405701
v 0.0402935 0.0000000 0.0444571 0.752941 0.752941 0.752941
vn 0.6687440 0.0658649 0.7405695
v 0.0400995 0.0039495 0.0444571 0.752941 0.752941 0.752941
vn 0.6348499 -0.0000000 0.7726355
v 0.0380636 0.0000000 0.0463806 0.752941 0.752941 0.752941
vn 0.6317930 0.0622259 0.7726355
v 0.0378803 0.0037309 0.0463806 0.752941 0.752941 0.752941
vn 0.5961943 -0.0000003 0.8028402
v 0.0357420 0.0000000 0.0481924 0.752941 0.752941 0.752941
vn 0.5933229 0.0584374 0.8028407
v 0.0355698 0.0035033 0.0481924 0.752941 0.752941 0.752941
vn 0.5561005 0.0000002 0.8311151
v 0.0333342 0.0000000 0.0498882 0.752941 0.752941 0.752941
vn 0.5534232 0.0545068 0.8311148
v 0.0331737 0.0032673 0.0498882 0.752941 0.752941 0.752941
vn 0.5146660 -0.0000001 0.8573908
v 0.0308462 0.0000000 0.0514637 0.752941 0.752941 0.752941
vn 0.5121872 0.0504462 0.8573911
v 0.0306976 0.0030234 0.0514637 0.752941 0.752941 0.752941
vn 0.4719934 0.0000000 0.8816022
v 0.0282838 0.0000000 0.0529153 0.752941 0.752941 0.752941
vn 0.4697208 0.0462635 0.8816020
v 0.0281476 0.0027723 0.0529153 0.752941 0.752941 0.752941
vn 0.4281826 0.0000002 0.9036922
v 0.0256533 0.0000000 0.0542394 0.752941 0.752941 0.752941
vn 0.4261213 0.0419685 0.9036920
v 0.0255298 0.0025145 0.0542394 0.752941 0.752941 0.752941
vn 0.3833359 0.0000001 0.9236090
v 0.0229610 0.0000000 0.0554328 0.752941 0.752941 0.752941
vn 0.3814899 0.0375734 0.9236090
v 0.0228504 0.0022506 0.0554328 0.752941 0.752941 0.752941
vn 0.3375685 -0.0000001 0.9413010
v 0.0202134 0.0000000 0.0564926 0.752941 0.752941 0.752941
vn 0.3359429 0.0330874 0.9413010
v 0.0201161 0.0019813 0.0564926 0.752941 0.752941 0.752941
vn 0.2909871 -0.0000000 0.9567270
v 0.0174171 0.0000000 0.0574164 0.752941 0.752941 0.752941
vn 0.2895860 0.0285211 0.9567270
v 0.0173332 0.0017072 0.0574164 0.752941 0.752941 0.752941
vn 0.2437006 0.0000000 0.9698505
v 0.0145788 0.0000000 0.0582019 0.752941 0.752941 0.752941
vn 0.2425271 0.0238867 0.9698505
v 0.0145086 0.0014290 0.0582019 0.752941 0.752941 0.752941
vn 0.1958273 0.0000001 0.9806384
v 0.0117054 0.0000000 0.0588471 0.752941 0.752941 0.752941
vn 0.1948844 0.0191943 0.9806384
v 0.0116491 0.0011473 0.0588471 0.752941 0.752941 0.752941
vn 0.1474822 0.0000001 0.9890648
v 0.0088038 0.0000000 0.0593506 0.752941 0.752941 0.752941
vn 0.1467722 0.0144559 0.9890648
v 0.0087614 0.0008629 0.0593506 0.752941 0.752941 0.752941
vn 0.0987777 -0.0000001 0.9951096
v 0.0058810 0.0000000 0.0597111 0.752941 0.752941 0.752941
vn 0.0983020 0.0096821 0.9951096
v 0.0058527 0.0005764 0.0597111 0.752941 0.752941 0.752941
vn 0.0498316 0.0000000 0.9987577
v 0.0029441 0.0000000 0.0599277 0.752941 0.752941 0.752941
vn 0.0495920 0.0048842 0.9987576
v 0.0029299 0.0002886 0.0599277 0.752941 0.752941 0.752941
vn -0.0000000 -0.0000000 1.0000000
v 0.0000000 0.0000000 0.0600000 0.752941 0.752941 0.752941
vn 0.0488742 0.0097218 -0.9987577
v 0.0028875 0.0005744 -0.0599277 0.752941 0.752941 0.752941
vn 0.0968797 0.0192707 -0.9951096
v 0.0057680 0.0011473 -0.0597111 0.752941 0.752941 0.752941
vn 0.1446483 0.0287732 -0.9890648
v 0.0086347 0.0017175 -0.0593506 0.752941 0.752941 0.752941
vn 0.1920644 0.0382043 -0.9806384
v 0.0114805 0.0022836 -0.0588471 0.752941 0.752941 0.752941
vn 0.2390177 0.0475433 -0.9698506
v 0.0142987 0.0028442 -0.0582019 0.752941 0.752941 0.752941
vn 0.2853958 0.0567680 -0.9567271
v 0.0170824 0.0033979 -0.0574164 0.752941 0.752941 0.752941
vn 0.3310827 0.0658568 -0.9413008
v 0.0198250 0.0039434 -0.0564926 0.752941 0.752941 0.752941
vn 0.3759699 0.0747854 -0.9236091
v 0.0225198 0.0044795 -0.0554328 0.752941 0.752941 0.752941
vn 0.4199550 0.0835335 -0.9036924
v 0.0251604 0.0050047 -0.0542394 0.752941 0.752941 0.752941
vn 0.4629250 0.0920814 -0.8816017
v 0.0277403 0.0055179 -0.0529153 0.752941 0.752941 0.752941
vn 0.5047764 0.1004063 -0.8573911
v 0.0302535 0.0060178 -0.0514637 0.752941 0.752941 0.752941
vn 0.5454149 0.1084895 -0.8311152
v 0.0326937 0.0065032 -0.0498882 0.752941 0.752941 0.752941
vn 0.5847387 0.1163115 -0.8028402
v 0.0350552 0.0069729 -0.0481924 0.752941 0.752941 0.752941
vn 0.6226516 0.1238530 -0.7726353
v 0.0373322 0.0074258 -0.0463806 0.752941 0.752941 0.752941
vn 0.6590670 0.1310963 -0.7405703
v 0.0395193 0.0078609 -0.0444571 0.752941 0.752941 0.752941
vn 0.6938958 0.1380244 -0.7067234
v 0.0416112 0.0082770 -0.0424264 0.752941 0.752941 0.752941
vn 0.7270538 0.1446204 -0.6711764
v 0.0436028 0.0086731 -0.0402935 0.752941 0.752941 0.752941
vn 0.7584593 0.1508672 -0.6340178
v 0.0454894 0.0090484 -0.0380636 0.752941 0.752941 0.752941
vn 0.7880400 0.1567510 -0.5953336
v 0.0472664 0.0094019 -0.0357420 0.752941 0.752941 0.752941
vn 0.8157253 0.1622581 -0.5552158
v 0.0489296 0.0097327 -0.0333342 0.752941 0.752941 0.752941
vn 0.8414460 0.1673748 -0.5137648
v 0.0504749 0.0100401 -0.0308462 0.752941 0.752941 0.752941
vn 0.8651424 0.1720881 -0.4710779
v 0.0518985 0.0103233 -0.0282838 0.752941 0.752941 0.752941
vn 0.8867570 0.1763875 -0.4272583
v 0.0531972 0.0105816 -0.0256533 0.752941 0.752941 0.752941
vn 0.9062373 0.1802619 -0.3824129
v 0.0543676 0.0108144 -0.0229610 0.752941 0.752941 0.752941
vn 0.9235375 0.1837031 -0.3366478
v 0.0554072 0.0110212 -0.0202134 0.752941 0.752941 0.752941
vn 0.9386163 0.1867024 -0.2900721
v 0.0563132 0.0112014 -0.0174171 0.752941 0.752941 0.752941
vn 0.9514367 0.1892520 -0.2428001
v 0.0570835 0.0113546 -0.0145788 0.752941 0.752941 0.752941
vn 0.9619684 0.1913468 -0.1949446
v 0.0577164 0.0114805 -0.0117054 0.752941 0.752941 0.752941
vn 0.9701861 0.1929827 -0.1466173
v 0.0582102 0.0115787 -0.0088038 0.752941 0.752941 0.752941
vn 0.9760697 0.1941529 -0.0979413
v 0.0585637 0.0116491 -0.0058810 0.752941 0.752941 0.752941
vn 0.9796056 0.1948563 -0.0490303
v 0.0587762 0.0116913 -0.0029441 0.752941 0.752941 0.752941
vn 0.9807852 0.1950908 -0.0000001
v 0.0588471 0.0117054 0.0000000 0.752941 0.752941 0.752941
vn 0.9796056 0.1948562 0.0490307
v 0.0587762 0.0116913 0.0029441 0.752941 0.752941 0.752941
vn 0.9760699 0.1941524 0.0979408
v 0.0585637 0.0116491 0.0058810 0.752941 0.752941 0.752941
vn 0.9701861 0.1929820 0.1466181
v 0.0582102 0.0115787 0.0088038 0.752941 0.752941 0.752941
vn 0.9619684 0.1913469 0.1949439
v 0.0577164 0.0114805 0.0117054 0.752941 0.752941 0.752941
vn 0.9514367 0.1892521 0.2428001
v 0.0570835 0.0113546 0.0145788 0.752941 0.752941 0.752941
vn 0.9386163 0.1867022 0.2900722
v 0.0563132 0.0112014 0.0174171 0.752941 0.752941 0.752941
vn 0.9235374 0.1837035 0.3366478
v 0.0554072 0.0110212 0.0202134 0.752941 0.752941 0.752941
vn 0.9062372 0.1802624 0.3824129
v 0.0543676 0.0108144 0.0229610 0.752941 0.752941 0.752941
vn 0.8867570 0.1763872 0.4272583
v 0.0531972 0.0105816 0.0256533 0.752941 0.752941 0.752941
vn 0.8651425 0.1720880 0.4710778
v 0.0518985 0.0103233 0.0282838 0.752941 0.752941 0.752941
vn 0.8414459 0.1673745 0.5137651
v 0.0504749 0.0100401 0.0308462 0.752941 0.752941 0.752941
vn 0.8157256 0.1622578 0.5552155
v 0.0489296 0.0097327 0.0333342 0.752941 0.752941 0.752941
vn 0.7880400 0.1567512 0.5953336
v 0.0472664 0.0094019 0.0357420 0.752941 0.752941 0.752941
vn 0.7584591 0.1508675 0.6340180
v 0.0454894 0.0090484 0.0380636 0.752941 0.752941 0.752941
vn 0.7270539 0.1446198 0.6711764
v 0.0436028 0.0086731 0.0402935 0.752941 0.752941 0.752941
vn 0.6938960 0.1380242 0.7067232
v 0.0416112 0.0082770 0.0424264 0.752941 0.752941 0.752941
vn 0.6590669 0.1310969 0.7405704
v 0.0395193 0.0078609 0.0444571 0.752941 0.752941 0.752941
vn 0.6226515 0.1238532 0.7726355
v 0.0373322 0.0074258 0.0463806 0.752941 0.752941 0.752941
vn 0.5847391 0.1163110 0.8028399
v 0.0350552 0.0069729 0.0481924 0.752941 0.752941 0.752941
vn 0.5454149 0.1084896 0.8311153
v 0.0326937 0.0065032 0.0498882 0.752941 0.752941 0.752941
vn 0.5047762 0.1004064 0.8573911
v 0.0302535 0.0060178 0.0514637 0.752941 0.752941 0.752941
vn 0.4629250 0.0920812 0.8816017
v 0.0277403 0.0055179 0.0529153 0.752941 0.752941 0.752941
vn 0.4199553 0.0835339 0.9036922
v 0.0251604 0.0050047 0.0542394 0.752941 0.752941 0.752941
vn 0.3759696 0.0747855 0.9236093
v 0.0225198 0.0044795 0.0554328 0.752941 0.752941 0.752941
vn 0.3310827 0.0658564 0.9413008
v 0.0198250 0.0039434 0.0564926 0.752941 0.752941 0.752941
vn 0.2853960 0.0567682 0.9567270
v 0.0170824 0.0033979 0.0574164 0.752941 0.752941 0.752941
vn 0.2390177 0.0475434 0.9698506
v 0.0142987 0.0028442 0.0582019 0.752941 0.752941 0.752941
vn 0.1920644 0.0382043 0.9806384
v 0.0114805 0.0022836 0.0588471 0.752941 0.752941 0.752941
vn 0.1446481 0.0287733 0.9890648
v 0.0086347 0.0017175 0.0593506 0.752941 0.752941 0.752941
vn 0.0968798 0.0192707 0.9951096
v 0.0057680 0.0011473 0.0597111 0.752941 0.752941 0.752941
vn 0.0488742 0.0097218 0.9987577
v 0.0028875 0.0005744 0.0599277 0.752941 0.752941 0.752941
vn 0.0476861 0.0144652 -0.9987577
v 0.0028173 0.0008546 -0.0599277 0.752941 0.752941 0.752941
vn 0.0945245 0.0286738 -0.9951096
v 0.0056278 0.0017072 -0.0597111 0.752941 0.752941 0.752941
vn 0.1411318 0.0428116 -0.9890648
v 0.0084247 0.0025556 -0.0593506 0.752941 0.752941 0.752941
vn 0.1873948 0.0568458 -0.9806384
v 0.0112014 0.0033979 -0.0588471 0.752941 0.752941 0.752941
vn 0.2332065 0.0707426 -0.9698507
v 0.0139511 0.0042320 -0.0582019 0.752941 0.752941 0.752941
vn 0.2784572 0.0844698 -0.9567270
v 0.0166671 0.0050559 -0.0574164 0.752941 0.752941 0.752941
vn 0.3230333 0.0979912 -0.9413009
v 0.0193430 0.0058676 -0.0564926 0.752941 0.752941 0.752941
vn 0.3668291 0.1112761 -0.9236093
v 0.0219723 0.0066652 -0.0554328 0.752941 0.752941 0.752941
vn 0.4097452 0.1242951 -0.9036922
v 0.0245487 0.0074468 -0.0542394 0.752941 0.752941 0.752941
vn 0.4516703 0.1370129 -0.8816016
v 0.0270659 0.0082104 -0.0529153 0.752941 0.752941 0.752941
vn 0.4925042 0.1493995 -0.8573910
v 0.0295179 0.0089542 -0.0514637 0.752941 0.752941 0.752941
vn 0.5321544 0.1614274 -0.8311154
v 0.0318989 0.0096764 -0.0498882 0.752941 0.752941 0.752941
vn 0.5705222 0.1730664 -0.8028402
v 0.0342029 0.0103753 -0.0481924 0.752941 0.752941 0.752941
vn 0.6075140 0.1842876 -0.7726350
v 0.0364246 0.0110493 -0.0463806 0.752941 0.752941 0.752941
vn 0.6430440 0.1950658 -0.7405699
v 0.0385585 0.0116966 -0.0444571 0.752941 0.752941 0.752941
vn 0.6770254 0.2053742 -0.7067235
v 0.0405995 0.0123157 -0.0424264 0.752941 0.752941 0.752941
vn 0.7093773 0.2151874 -0.6711769
v 0.0425428 0.0129052 -0.0402935 0.752941 0.752941 0.752941
vn 0.7400200 0.2244820 -0.6340176
v 0.0443835 0.0134636 -0.0380636 0.752941 0.752941 0.752941
vn 0.7688813 0.2332375 -0.5953333
v 0.0461173 0.0139895 -0.0357420 0.752941 0.752941 0.752941
vn 0.7958934 0.2414316 -0.5552158
v 0.0477400 0.0144818 -0.0333342 0.752941 0.752941 0.752941
vn 0.8209887 0.2490443 -0.5137651
v 0.0492477 0.0149391 -0.0308462 0.752941 0.752941 0.752941
vn 0.8441089 0.2560576 -0.4710783
v 0.0506368 0.0153605 -0.0282838 0.752941 0.752941 0.752941
vn 0.8651979 0.2624546 -0.4272589
v 0.0519038 0.0157449 -0.0256533 0.752941 0.752941 0.752941
vn 0.8842050 0.2682204 -0.3824124
v 0.0530459 0.0160913 -0.0229610 0.752941 0.752941 0.752941
vn 0.9010846 0.2733406 -0.3366473
v 0.0540601 0.0163989 -0.0202134 0.752941 0.752941 0.752941
vn 0.9157963 0.2778036 -0.2900729
v 0.0549441 0.0166671 -0.0174171 0.752941 0.752941 0.752941
vn 0.9283050 0.2815985 -0.2428007
v 0.0556957 0.0168951 -0.0145788 0.752941 0.752941 0.752941
vn 0.9385808 0.2847165 -0.1949428
v 0.0563132 0.0170824 -0.0117054 0.752941 0.752941 0.752941
vn 0.9465987 0.2871480 -0.1466184
v 0.0567950 0.0172286 -0.0088038 0.752941 0.752941 0.752941
vn 0.9523396 0.2888882 -0.0979426
v 0.0571399 0.0173332 -0.0058810 0.752941 0.752941 0.752941
vn 0.9557895 0.2899354 -0.0490301
v 0.0573473 0.0173961 -0.0029441 0.752941 0.752941 0.752941
vn 0.9569405 0.2902842 -0.0000003
v 0.0574164 0.0174171 0.0000000 0.752941 0.752941 0.752941
vn 0.9557894 0.2899354 0.0490307
v 0.0573473 0.0173961 0.0029441 0.752941 0.752941 0.752941
vn 0.9523396 0.2888888 0.0979419
v 0.0571399 0.0173332 0.0058810 0.752941 0.752941 0.752941
vn 0.9465987 0.2871477 0.1466186
v 0.0567950 0.0172286 0.0088038 0.752941 0.752941 0.752941
vn 0.9385809 0.2847158 0.1949430
v 0.0563132 0.0170824 0.0117054 0.752941 0.752941 0.752941
vn 0.9283049 0.2815989 0.2428006
v 0.0556957 0.0168951 0.0145788 0.752941 0.752941 0.752941
vn 0.9157960 0.2778045 0.2900732
v 0.0549441 0.0166671 0.0174171 0.752941 0.752941 0.752941
vn 0.9010848 0.2733406 0.3366469
v 0.0540601 0.0163989 0.0202134 0.752941 0.752941 0.752941
vn 0.8842052 0.2682199 0.3824124
v 0.0530459 0.0160913 0.0229610 0.752941 0.752941 0.752941
vn 0.8651979 0.2624547 0.4272588
v 0.0519038 0.0157449 0.0256533 0.752941 0.752941 0.752941
vn 0.8441088 0.2560576 0.4710783
v 0.0506368 0.0153605 0.0282838 0.752941 0.752941 0.752941
vn 0.8209886 0.2490444 0.5137652
v 0.0492477 0.0149391 0.0308462 0.752941 0.752941 0.752941
vn 0.7958934 0.2414317 0.5552156
v 0.0477400 0.0144818 0.0333342 0.752941 0.752941 0.752941
vn 0.7688810 0.2332377 0.5953336
v 0.0461173 0.0139895 0.0357420 0.752941 0.752941 0.752941
vn 0.7400203 0.2244820 0.6340172
v 0.0443835 0.0134636 0.0380636 0.752941 0.752941 0.752941
vn 0.7093774 0.2151871 0.6711767
v 0.0425428 0.0129052 0.0402935 0.752941 0.752941 0.752941
vn 0.6770250 0.2053741 0.7067239
v 0.0405995 0.0123157 0.0424264 0.752941 0.752941 0.752941
vn 0.6430441 0.1950657 0.7405699
v 0.0385585 0.0116966 0.0444571 0.752941 0.752941 0.752941
vn 0.6075144 0.1842872 0.7726348
v 0.0364246 0.0110493 0.0463806 0.752941 0.752941 0.752941
vn 0.5705219 0.1730666 0.8028405
v 0.0342029 0.0103753 0.0481924 0.752941 0.752941 0.752941
vn 0.5321544 0.1614278 0.8311154
v 0.0318989 0.0096764 0.0498882 0.752941 0.752941 0.752941
vn 0.4925044 0.1493996 0.8573909
v 0.0295179 0.0089542 0.0514637 0.752941 0.752941 0.752941
vn 0.4516703 0.1370127 0.8816016
v 0.0270659 0.0082104 0.0529153 0.752941 0.752941 0.752941
vn 0.4097451 0.1242949 0.9036923
v 0.0245487 0.0074468 0.0542394 0.752941 0.752941 0.752941
vn 0.3668293 0.1112763 0.9236092
v 0.0219723 0.0066652 0.0554328 0.752941 0.752941 0.752941
vn 0.3230332 0.0979913 0.9413009
v 0.0193430 0.0058676 0.0564926 0.752941 0.752941 0.752941
vn 0.2784572 0.0844694 0.9567270
v 0.0166671 0.0050559 0.0574164 0.752941 0.752941 0.752941
vn 0.2332065 0.0707427 0.9698506
v 0.0139511 0.0042320 0.0582019 0.752941 0.752941 0.752941
vn 0.1873947 0.0568459 0.9806385
v 0.0112014 0.0033979 0.0588471 0.752941 0.752941 0.752941
vn 0.1411319 0.0428116 0.9890648
v 0.0084247 0.0025556 0.0593506 0.752941 0.752941 0.752941
vn 0.0945244 0.0286737 0.9951096
v 0.0056278 0.0017072 0.0597111 0.752941 0.752941 0.752941
vn 0.0476862 0.0144652 0.9987577
v 0.0028173 0.0008546 0.0599277 0.752941 0.752941 0.752941
vn 0.0460387 0.0190697 -0.9987577
v 0.0027200 0.0011266 -0.0599277 0.752941 0.752941 0.752941
vn 0.0912587 0.0378006 -0.9951096
v 0.0054334 0.0022506 -0.0597111 0.752941 0.752941 0.752941
vn 0.1362561 0.0564385 -0.9890648
v 0.0081337 0.0033691 -0.0593506 0.752941 0.752941 0.752941
vn 0.1809210 0.0749395 -0.9806384
v 0.0108144 0.0044795 -0.0588471 0.752941 0.752941 0.752941
vn 0.2251497 0.0932603 -0.9698506
v 0.0134691 0.0055791 -0.0582019 0.752941 0.752941 0.752941
vn 0.2688367 0.1113564 -0.9567270
v 0.0160913 0.0066652 -0.0574164 0.752941 0.752941 0.752941
vn 0.3118728 0.1291814 -0.9413010
v 0.0186747 0.0077353 -0.0564926 0.752941 0.752941 0.752941
vn 0.3541561 0.1466964 -0.9236090
v 0.0212132 0.0087868 -0.0554328 0.752941 0.752941 0.752941
vn 0.3955891 0.1638583 -0.9036922
v 0.0237006 0.0098171 -0.0542394 0.752941 0.752941 0.752941
vn 0.4360656 0.1806244 -0.8816018
v 0.0261308 0.0108237 -0.0529153 0.752941 0.752941 0.752941
vn 0.4754890 0.1969536 -0.8573911
v 0.0284981 0.0118043 -0.0514637 0.752941 0.752941 0.752941
vn 0.5137700 0.2128109 -0.8311149
v 0.0307968 0.0127565 -0.0498882 0.752941 0.752941 0.752941
vn 0.5508114 0.2281542 -0.8028402
v 0.0330213 0.0136779 -0.0481924 0.752941 0.752941 0.752941
vn 0.5865249 0.2429463 -0.7726355
v 0.0351662 0.0145663 -0.0463806 0.752941 0.752941 0.752941
vn 0.6208285 0.2571547 -0.7405697
v 0.0372264 0.0154197 -0.0444571 0.752941 0.752941 0.752941
vn 0.6536354 0.2707445 -0.7067236
v 0.0391969 0.0162359 -0.0424264 0.752941 0.752941 0.752941
vn 0.6848685 0.2836812 -0.6711782
v 0.0410730 0.0170130 -0.0402935 0.752941 0.752941 0.752941
vn 0.7144537 0.2959357 -0.6340174
v 0.0428501 0.0177491 -0.0380636 0.752941 0.752941 0.752941
vn 0.7423183 0.3074778 -0.5953326
v 0.0445240 0.0184425 -0.0357420 0.752941 0.752941 0.752941
vn 0.7683969 0.3182798 -0.5552155
v 0.0460907 0.0190914 -0.0333342 0.752941 0.752941 0.752941
vn 0.7926250 0.3283160 -0.5137649
v 0.0475463 0.0196943 -0.0308462 0.752941 0.752941 0.752941
vn 0.8149462 0.3375610 -0.4710788
v 0.0488873 0.0202498 -0.0282838 0.752941 0.752941 0.752941
vn 0.8353068 0.3459949 -0.4272588
v 0.0501106 0.0207565 -0.0256533 0.752941 0.752941 0.752941
vn 0.8536569 0.3535956 -0.3824134
v 0.0512132 0.0212132 -0.0229610 0.752941 0.752941 0.752941
vn 0.8699538 0.3603462 -0.3366468
v 0.0521924 0.0216188 -0.0202134 0.752941 0.752941 0.752941
vn 0.8841575 0.3662305 -0.2900703
v 0.0530459 0.0219723 -0.0174171 0.752941 0.752941 0.752941
vn 0.8962337 0.3712325 -0.2427995
v 0.0537715 0.0222729 -0.0145788 0.752941 0.752941 0.752941
vn 0.9061543 0.3753414 -0.1949441
v 0.0543676 0.0225198 -0.0117054 0.752941 0.752941 0.752941
vn 0.9138952 0.3785471 -0.1466208
v 0.0548328 0.0227125 -0.0088038 0.752941 0.752941 0.752941
vn 0.9194377 0.3808437 -0.0979413
v 0.0551658 0.0228504 -0.0058810 0.752941 0.752941 0.752941
vn 0.9227687 0.3822227 -0.0490304
v 0.0553660 0.0229333 -0.0029441 0.752941 0.752941 0.752941
vn 0.9238796 0.3826833 0.0000003
v 0.0554328 0.0229610 0.0000000 0.752941 0.752941 0.752941
vn 0.9227687 0.3822227 0.0490298
v 0.0553660 0.0229333 0.0029441 0.752941 0.752941 0.752941
vn 0.9194378 0.3808431 0.0979417
v 0.0551658 0.0228504 0.0058810 0.752941 0.752941 0.752941
vn 0.9138950 0.3785478 0.1466204
v 0.0548328 0.0227125 0.0088038 0.752941 0.752941 0.752941
vn 0.9061541 0.3753418 0.1949445
v 0.0543676 0.0225198 0.0117054 0.752941 0.752941 0.752941
vn 0.8962339 0.3712321 0.2427993
v 0.0537715 0.0222729 0.0145788 0.752941 0.752941 0.752941
vn 0.8841578 0.3662296 0.2900706
v 0.0530459 0.0219723 0.0174171 0.752941 0.752941 0.752941
vn 0.8699540 0.3603461 0.3366464
v 0.0521924 0.0216188 0.0202134 0.752941 0.752941 0.752941
vn 0.8536567 0.3535960 0.3824137
v 0.0512132 0.0212132 0.0229610 0.752941 0.752941 0.752941
vn 0.8353068 0.3459950 0.4272588
v 0.0501106 0.0207565 0.0256533 0.752941 0.752941 0.752941
vn 0.8149463 0.3375611 0.4710786
v 0.0488873 0.0202498 0.0282838 0.752941 0.752941 0.752941
vn 0.7926249 0.3283157 0.5137652
v 0.0475463 0.0196943 0.0308462 0.752941 0.752941 0.752941
vn 0.7683969 0.3182799 0.5552155
v 0.0460907 0.0190914 0.0333342 0.752941 0.752941 0.752941
vn 0.7423185 0.3074775 0.5953327
v 0.0445240 0.0184425 0.0357420 0.752941 0.752941 0.752941
vn 0.7144538 0.2959356 0.6340173
v 0.0428501 0.0177491 0.0380636 0.752941 0.752941 0.752941
vn 0.6848683 0.2836817 0.6711782
v 0.0410730 0.0170130 0.0402935 0.752941 0.752941 0.752941
vn 0.6536347 0.2707447 0.7067242
v 0.0391969 0.0162359 0.0424264 0.752941 0.752941 0.752941
vn 0.6208290 0.2571549 0.7405692
v 0.0372264 0.0154197 0.0444571 0.752941 0.752941 0.752941
vn 0.5865249 0.2429463 0.7726356
v 0.0351662 0.0145663 0.0463806 0.752941 0.752941 0.752941
vn 0.5508112 0.2281538 0.8028405
v 0.0330213 0.0136779 0.0481924 0.752941 0.752941 0.752941
vn 0.5137700 0.2128106 0.8311149
v 0.0307968 0.0127565 0.0498882 0.752941 0.752941 0.752941
vn 0.4754893 0.1969537 0.8573909
v 0.0284981 0.0118043 0.0514637 0.752941 0.752941 0.752941
vn 0.4360653 0.1806244 0.8816019
v 0.0261308 0.0108237 0.0529153 0.752941 0.752941 0.752941
vn 0.3955892 0.1638585 0.9036922
v 0.0237006 0.0098171 0.0542394 0.752941 0.752941 0.752941
vn 0.3541560 0.1466962 0.9236091
v 0.0212132 0.0087868 0.0554328 0.752941 0.752941 0.752941
vn 0.3118732 0.1291817 0.9413009
v 0.0186747 0.0077353 0.0564926 0.752941 0.752941 0.752941
vn 0.2688363 0.1113564 0.9567271
v 0.0160913 0.0066652 0.0574164 0.752941 0.752941 0.752941
vn 0.2251497 0.0932603 0.9698506
v 0.0134691 0.0055791 0.0582019 0.752941 0.752941 0.752941
vn 0.1809211 0.0749394 0.9806384
v 0.0108144 0.0044795 0.0588471 0.752941 0.752941 0.752941
vn 0.1362562 0.0564385 0.9890648
v 0.0081337 0.0033691 0.0593506 0.752941 0.752941 0.752941
vn 0.0912586 0.0378006 0.9951096
v 0.0054334 0.0022506 0.0597111 0.752941 0.752941 0.752941
vn 0.0460387 0.0190697 0.9987577
v 0.0027200 0.0011266 0.0599277 0.752941 0.752941 0.752941
vn 0.0439478 0.0234908 -0.9987576
v 0.0025964 0.0013878 -0.0599277 0.752941 0.752941 0.752941
vn 0.0871140 0.0465638 -0.9951096
v 0.0051866 0.0027723 -0.0597111 0.752941 0.752941 0.752941
vn 0.1300679 0.0695224 -0.9890648
v 0.0077643 0.0041501 -0.0593506 0.752941 0.752941 0.752941
vn 0.1727043 0.0923128 -0.9806384
v 0.0103233 0.0055179 -0.0588471 0.752941 0.752941 0.752941
vn 0.2149246 0.1148794 -0.9698506
v 0.0128574 0.0068724 -0.0582019 0.752941 0.752941 0.752941
vn 0.2566274 0.1371700 -0.9567271
v 0.0153605 0.0082104 -0.0574164 0.752941 0.752941 0.752941
vn 0.2977090 0.1591290 -0.9413009
v 0.0178266 0.0095285 -0.0564926 0.752941 0.752941 0.752941
vn 0.3380719 0.1807033 -0.9236091
v 0.0202498 0.0108237 -0.0554328 0.752941 0.752941 0.752941
vn 0.3776234 0.2018442 -0.9036922
v 0.0226242 0.0120929 -0.0542394 0.752941 0.752941 0.752941
vn 0.4162612 0.2224966 -0.8816019
v 0.0249441 0.0133329 -0.0529153 0.752941 0.752941 0.752941
vn 0.4538944 0.2426118 -0.8573911
v 0.0272039 0.0145408 -0.0514637 0.752941 0.752941 0.752941
vn 0.4904372 0.2621445 -0.8311148
v 0.0293982 0.0157136 -0.0498882 0.752941 0.752941 0.752941
vn 0.5257958 0.2810439 -0.8028407
v 0.0315216 0.0168486 -0.0481924 0.752941 0.752941 0.752941
vn 0.5598871 0.2992657 -0.7726361
v 0.0335691 0.0179431 -0.0463806 0.752941 0.752941 0.752941
vn 0.5926335 0.3167695 -0.7405691
v 0.0355357 0.0189942 -0.0444571 0.752941 0.752941 0.752941
vn 0.6239505 0.3335086 -0.7067233
v 0.0374167 0.0199997 -0.0424264 0.752941 0.752941 0.752941
vn 0.6537648 0.3494447 -0.6711782
v 0.0392076 0.0209569 -0.0402935 0.752941 0.752941 0.752941
vn 0.6820063 0.3645399 -0.6340175
v 0.0409041 0.0218637 -0.0380636 0.752941 0.752941 0.752941
vn 0.7086054 0.3787576 -0.5953328
v 0.0425019 0.0227178 -0.0357420 0.752941 0.752941 0.752941
vn 0.7334998 0.3920638 -0.5552153
v 0.0439974 0.0235171 -0.0333342 0.752941 0.752941 0.752941
vn 0.7566275 0.4044253 -0.5137656
v 0.0453869 0.0242598 -0.0308462 0.752941 0.752941 0.752941
vn 0.7779351 0.4158145 -0.4710788
v 0.0466671 0.0249441 -0.0282838 0.752941 0.752941 0.752941
vn 0.7973712 0.4262039 -0.4272580
v 0.0478348 0.0255683 -0.0256533 0.752941 0.752941 0.752941
vn 0.8148877 0.4355666 -0.3824131
v 0.0488873 0.0261308 -0.0229610 0.752941 0.752941 0.752941
vn 0.8304443 0.4438826 -0.3366462
v 0.0498221 0.0266304 -0.0202134 0.752941 0.752941 0.752941
vn 0.8440029 0.4511290 -0.2900721
v 0.0506368 0.0270659 -0.0174171 0.752941 0.752941 0.752941
vn 0.8555313 0.4572902 -0.2428002
v 0.0513295 0.0274362 -0.0145788 0.752941 0.752941 0.752941
vn 0.8650014 0.4623520 -0.1949439
v 0.0518985 0.0277403 -0.0117054 0.752941 0.752941 0.752941
vn 0.8723903 0.4663024 -0.1466192
v 0.0523425 0.0279777 -0.0088038 0.752941 0.752941 0.752941
vn 0.8776810 0.4691302 -0.0979429
v 0.0526605 0.0281476 -0.0058810 0.752941 0.752941 0.752941
vn 0.8808606 0.4708300 -0.0490300
v 0.0528515 0.0282497 -0.0029441 0.752941 0.752941 0.752941
vn 0.8819212 0.4713969 0.0000001
v 0.0529153 0.0282838 0.0000000 0.752941 0.752941 0.752941
vn 0.8808606 0.4708298 0.0490297
v 0.0528515 0.0282497 0.0029441 0.752941 0.752941 0.752941
vn 0.8776807 0.4691308 0.0979432
v 0.0526605 0.0281476 0.0058810 0.752941 0.752941 0.752941
vn 0.8723903 0.4663024 0.1466195
v 0.0523425 0.0279777 0.0088038 0.752941 0.752941 0.752941
vn 0.8650015 0.4623521 0.1949435
v 0.0518985 0.0277403 0.0117054 0.752941 0.752941 0.752941
vn 0.8555313 0.4572903 0.2428001
v 0.0513295 0.0274362 0.0145788 0.752941 0.752941 0.752941
vn 0.8440029 0.4511291 0.2900719
v 0.0506368 0.0270659 0.0174171 0.752941 0.752941 0.752941
vn 0.8304439 0.4438825 0.3366470
v 0.0498221 0.0266304 0.0202134 0.752941 0.752941 0.752941
vn 0.8148879 0.4355667 0.3824125
v 0.0488873 0.0261308 0.0229610 0.752941 0.752941 0.752941
vn 0.7973713 0.4262036 0.4272583
v 0.0478348 0.0255683 0.0256533 0.752941 0.752941 0.752941
vn 0.7779353 0.4158147 0.4710786
v 0.0466671 0.0249441 0.0282838 0.752941 0.752941 0.752941
vn 0.7566274 0.4044255 0.5137656
v 0.0453869 0.0242598 0.0308462 0.752941 0.752941 0.752941
vn 0.7335002 0.3920634 0.5552151
v 0.0439974 0.0235171 0.0333342 0.752941 0.752941 0.752941
vn 0.7086052 0.3787576 0.5953330
v 0.0425019 0.0227178 0.0357420 0.752941 0.752941 0.752941
vn 0.6820063 0.3645400 0.6340173
v 0.0409041 0.0218637 0.0380636 0.752941 0.752941 0.752941
vn 0.6537647 0.3494446 0.6711782
v 0.0392076 0.0209569 0.0402935 0.752941 0.752941 0.752941
vn 0.6239507 0.3335083 0.7067233
v 0.0374167 0.0199997 0.0424264 0.752941 0.752941 0.752941
vn 0.5926338 0.3167691 0.7405691
v 0.0355357 0.0189942 0.0444571 0.752941 0.752941 0.752941
vn 0.5598869 0.2992661 0.7726361
v 0.0335691 0.0179431 0.0463806 0.752941 0.752941 0.752941
vn 0.5257956 0.2810441 0.8028407
v 0.0315216 0.0168486 0.0481924 0.752941 0.752941 0.752941
vn 0.4904371 0.2621444 0.8311148
v 0.0293982 0.0157136 0.0498882 0.752941 0.752941 0.752941
vn 0.4538946 0.2426118 0.8573909
v 0.0272039 0.0145408 0.0514637 0.752941 0.752941 0.752941
vn 0.4162611 0.2224965 0.8816020
v 0.0249441 0.0133329 0.0529153 0.752941 0.752941 0.752941
vn 0.3776234 0.2018442 0.9036922
v 0.0226242 0.0120929 0.0542394 0.752941 0.752941 0.752941
vn 0.3380720 0.1807034 0.9236090
v 0.0202498 0.0108237 0.0554328 0.752941 0.752941 0.752941
vn 0.2977090 0.1591289 0.9413009
v 0.0178266 0.0095285 0.0564926 0.752941 0.752941 0.752941
vn 0.2566273 0.1371702 0.9567271
v 0.0153605 0.0082104 0.0574164 0.752941 0.752941 0.752941
vn 0.2149249 0.1148794 0.9698505
v 0.0128574 0.0068724 0.0582019 0.752941 0.752941 0.752941
vn 0.1727042 0.0923126 0.9806384
v 0.0103233 0.0055179 0.0588471 0.752941 0.752941 0.752941
vn 0.1300680 0.0695225 0.9890648
v 0.0077643 0.0041501 0.0593506 0.752941 0.752941 0.752941
vn 0.0871140 0.0465637 0.9951096
v 0.0051866 0.0027723 0.0597111 0.752941 0.752941 0.752941
vn 0.0439478 0.0234908 0.9987576
v 0.0025964 0.0013878 0.0599277 0.752941 0.752941 0.752941
vn 0.0414335 0.0276852 -0.9987577
v 0.0024479 0.0016356 -0.0599277 0.752941 0.752941 0.752941
vn 0.0821303 0.0548782 -0.9951096
v 0.0048899 0.0032673 -0.0597111 0.752941 0.752941 0.752941
vn 0.1226270 0.0819369 -0.9890648
v 0.0073201 0.0048911 -0.0593506 0.752941 0.752941 0.752941
vn 0.1628241 0.1087964 -0.9806384
v 0.0097327 0.0065032 -0.0588471 0.752941 0.752941 0.752941
vn 0.2026294 0.1353926 -0.9698506
v 0.0121218 0.0080996 -0.0582019 0.752941 0.752941 0.752941
vn 0.2419466 0.1616640 -0.9567270
v 0.0144818 0.0096764 -0.0574164 0.752941 0.752941 0.752941
vn 0.2806779 0.1875434 -0.9413009
v 0.0168068 0.0112300 -0.0564926 0.752941 0.752941 0.752941
vn 0.3187322 0.2129697 -0.9236091
v 0.0190914 0.0127565 -0.0554328 0.752941 0.752941 0.752941
vn 0.3560211 0.2378857 -0.9036921
v 0.0213299 0.0142522 -0.0542394 0.752941 0.752941 0.752941
vn 0.3924484 0.2622253 -0.8816021
v 0.0235171 0.0157136 -0.0529153 0.752941 0.752941 0.752941
vn 0.4279290 0.2859330 -0.8573909
v 0.0256476 0.0171372 -0.0514637 0.752941 0.752941 0.752941
vn 0.4623811 0.3089532 -0.8311147
v 0.0277164 0.0185195 -0.0498882 0.752941 0.752941 0.752941
vn 0.4957169 0.3312277 -0.8028406
v 0.0297183 0.0198572 -0.0481924 0.752941 0.752941 0.752941
vn 0.5278578 0.3527042 -0.7726357
v 0.0316487 0.0211470 -0.0463806 0.752941 0.752941 0.752941
vn 0.5587302 0.3733330 -0.7405694
v 0.0335028 0.0223859 -0.0444571 0.752941 0.752941 0.752941
vn 0.5882561 0.3930596 -0.7067242
v 0.0352763 0.0235708 -0.0424264 0.752941 0.752941 0.752941
vn 0.6163653 0.4118420 -0.6711780
v 0.0369647 0.0246990 -0.0402935 0.752941 0.752941 0.752941
vn 0.6429911 0.4296333 -0.6340172
v 0.0385641 0.0257677 -0.0380636 0.752941 0.752941 0.752941
vn 0.6680683 0.4463894 -0.5953329
v 0.0400706 0.0267743 -0.0357420 0.752941 0.752941 0.752941
vn 0.6915385 0.4620706 -0.5552165
v 0.0414805 0.0277164 -0.0333342 0.752941 0.752941 0.752941
vn 0.7133436 0.4766406 -0.5137652
v 0.0427905 0.0285917 -0.0308462 0.752941 0.752941 0.752941
vn 0.7334325 0.4900639 -0.4710778
v 0.0439974 0.0293982 -0.0282838 0.752941 0.752941 0.752941
vn 0.7517564 0.5023072 -0.4272586
v 0.0450984 0.0301338 -0.0256533 0.752941 0.752941 0.752941
vn 0.7682713 0.5133423 -0.3824120
v 0.0460907 0.0307968 -0.0229610 0.752941 0.752941 0.752941
vn 0.7829378 0.5231422 -0.3366462
v 0.0469719 0.0313856 -0.0202134 0.752941 0.752941 0.752941
vn 0.7957202 0.5316830 -0.2900735
v 0.0477400 0.0318989 -0.0174171 0.752941 0.752941 0.752941
vn 0.8065892 0.5389448 -0.2428012
v 0.0483931 0.0323352 -0.0145788 0.752941 0.752941 0.752941
vn 0.8155175 0.5449116 -0.1949427
v 0.0489296 0.0326937 -0.0117054 0.752941 0.752941 0.752941
vn 0.8224840 0.5495664 -0.1466183
v 0.0493482 0.0329734 -0.0088038 0.752941 0.752941 0.752941
vn 0.8274721 0.5528991 -0.0979420
v 0.0496479 0.0331737 -0.0058810 0.752941 0.752941 0.752941
vn 0.8304698 0.5549018 -0.0490302
v 0.0498281 0.0332941 -0.0029441 0.752941 0.752941 0.752941
vn 0.8314696 0.5555704 0.0000001
v 0.0498882 0.0333342 0.0000000 0.752941 0.752941 0.752941
vn 0.8304695 0.5549021 0.0490302
v 0.0498281 0.0332941 0.0029441 0.752941 0.752941 0.752941
vn 0.8274723 0.5528987 0.0979419
v 0.0496479 0.0331737 0.0058810 0.752941 0.752941 0.752941
vn 0.8224844 0.5495658 0.1466182
v 0.0493482 0.0329734 0.0088038 0.752941 0.752941 0.752941
vn 0.8155175 0.5449114 0.1949431
v 0.0489296 0.0326937 0.0117054 0.752941 0.752941 0.752941
vn 0.8065891 0.5389452 0.2428006
v 0.0483931 0.0323352 0.0145788 0.752941 0.752941 0.752941
vn 0.7957199 0.5316833 0.2900737
v 0.0477400 0.0318989 0.0174171 0.752941 0.752941 0.752941
vn 0.7829376 0.5231423 0.3366464
v 0.0469719 0.0313856 0.0202134 0.752941 0.752941 0.752941
vn 0.7682716 0.5133421 0.3824118
v 0.0460907 0.0307968 0.0229610 0.752941 0.752941 0.752941
vn 0.7517563 0.5023073 0.4272585
v 0.0450984 0.0301338 0.0256533 0.752941 0.752941 0.752941
vn 0.7334327 0.4900634 0.4710779
v 0.0439974 0.0293982 0.0282838 0.752941 0.752941 0.752941
vn 0.7133436 0.4766406 0.5137652
v 0.0427905 0.0285917 0.0308462 0.752941 0.752941 0.752941
vn 0.6915384 0.4620710 0.5552163
v 0.0414805 0.0277164 0.0333342 0.752941 0.752941 0.752941
vn 0.6680683 0.4463891 0.5953332
v 0.0400706 0.0267743 0.0357420 0.752941 0.752941 0.752941
vn 0.6429912 0.4296332 0.6340171
v 0.0385641 0.0257677 0.0380636 0.752941 0.752941 0.752941
vn 0.6163650 0.4118423 0.6711783
v 0.0369647 0.0246990 0.0402935 0.752941 0.752941 0.752941
vn 0.5882565 0.3930600 0.7067235
v 0.0352763 0.0235708 0.0424264 0.752941 0.752941 0.752941
vn 0.5587298 0.3733325 0.7405700
v 0.0335028 0.0223859 0.0444571 0.752941 0.752941 0.752941
vn 0.5278577 0.3527043 0.7726357
v 0.0316487 0.0211470 0.0463806 0.752941 0.752941 0.752941
vn 0.4957169 0.3312279 0.8028405
v 0.0297183 0.0198572 0.0481924 0.752941 0.752941 0.752941
vn 0.4623811 0.3089532 0.8311147
v 0.0277164 0.0185195 0.0498882 0.752941 0.752941 0.752941
vn 0.4279288 0.2859330 0.8573910
v 0.0256476 0.0171372 0.0514637 0.752941 0.752941 0.752941
vn 0.3924485 0.2622255 0.8816020
v 0.0235171 0.0157136 0.0529153 0.752941 0.752941 0.752941
vn 0.3560209 0.2378856 0.9036922
v 0.0213299 0.0142522 0.0542394 0.752941 0.752941 0.752941
vn 0.3187325 0.2129699 0.9236090
v 0.0190914 0.0127565 0.0554328 0.752941 0.752941 0.752941
vn 0.2806777 0.1875432 0.9413010
v 0.0168068 0.0112300 0.0564926 0.752941 0.752941 0.752941
vn 0.2419467 0.1616638 0.9567270
v 0.0144818 0.0096764 0.0574164 0.752941 0.752941 0.752941
vn 0.2026294 0.1353928 0.9698506
v 0.0121218 0.0080996 0.0582019 0.752941 0.752941 0.752941
vn 0.1628239 0.1087964 0.9806384
v 0.0097327 0.0065032 0.0588471 0.752941 0.752941 0.752941
vn 0.1226271 0.0819369 0.9890648
v 0.0073201 0.0048911 0.0593506 0.752941 0.752941 0.752941
vn 0.0821303 0.0548783 0.9951096
v 0.0048899 0.0032673 0.0597111 0.752941 0.752941 0.752941
vn 0.0414335 0.0276852 0.9987577
v 0.0024479 0.0016356 0.0599277 0.752941 0.752941 0.752941
vn 0.0385204 0.0316135 -0.9987576
v 0.0022758 0.0018677 -0.0599277 0.752941 0.752941 0.752941
vn 0.0763563 0.0626635 -0.9951096
v 0.0045461 0.0037309 -0.0597111 0.752941 0.752941 0.752941
vn 0.1140058 0.0935613 -0.9890648
v 0.0068055 0.0055851 -0.0593506 0.752941 0.752941 0.752941
vn 0.1513771 0.1242307 -0.9806384
v 0.0090484 0.0074258 -0.0588471 0.752941 0.752941 0.752941
vn 0.1883833 0.1546016 -0.9698506
v 0.0112696 0.0092487 -0.0582019 0.752941 0.752941 0.752941
vn 0.2249359 0.1846003 -0.9567270
v 0.0134636 0.0110493 -0.0574164 0.752941 0.752941 0.752941
vn 0.2609437 0.2141514 -0.9413010
v 0.0156252 0.0128232 -0.0564926 0.752941 0.752941 0.752941
vn 0.2963224 0.2431859 -0.9236091
v 0.0177491 0.0145663 -0.0554328 0.752941 0.752941 0.752941
vn 0.3309902 0.2716354 -0.9036923
v 0.0198303 0.0162743 -0.0542394 0.752941 0.752941 0.752941
vn 0.3648563 0.2994297 -0.8816019
v 0.0218637 0.0179431 -0.0529153 0.752941 0.752941 0.752941
vn 0.3978422 0.3265004 -0.8573908
v 0.0238444 0.0195686 -0.0514637 0.752941 0.752941 0.752941
vn 0.4298719 0.3527870 -0.8311146
v 0.0257677 0.0211470 -0.0498882 0.752941 0.752941 0.752941
vn 0.4608642 0.3782215 -0.8028404
v 0.0276289 0.0226745 -0.0481924 0.752941 0.752941 0.752941
vn 0.4907458 0.4027449 -0.7726352
v 0.0294236 0.0241473 -0.0463806 0.752941 0.752941 0.752941
vn 0.5194471 0.4262978 -0.7405707
v 0.0311473 0.0255619 -0.0444571 0.752941 0.752941 0.752941
vn 0.5468971 0.4488260 -0.7067240
v 0.0327961 0.0269150 -0.0424264 0.752941 0.752941 0.752941
vn 0.5730302 0.4702740 -0.6711771
v 0.0343658 0.0282033 -0.0402935 0.752941 0.752941 0.752941
vn 0.5977837 0.4905882 -0.6340173
v 0.0358527 0.0294236 -0.0380636 0.752941 0.752941 0.752941
vn 0.6210973 0.5097214 -0.5953337
v 0.0372533 0.0305730 -0.0357420 0.752941 0.752941 0.752941
vn 0.6429172 0.5276292 -0.5552162
v 0.0385641 0.0316487 -0.0333342 0.752941 0.752941 0.752941
vn 0.6631896 0.5442652 -0.5137655
v 0.0397820 0.0326482 -0.0308462 0.752941 0.752941 0.752941
vn 0.6818658 0.5595933 -0.4710779
v 0.0409041 0.0335691 -0.0282838 0.752941 0.752941 0.752941
vn 0.6989014 0.5735738 -0.4272588
v 0.0419276 0.0344091 -0.0256533 0.752941 0.752941 0.752941
vn 0.7142552 0.5861747 -0.3824117
v 0.0428501 0.0351662 -0.0229610 0.752941 0.752941 0.752941
vn 0.7278908 0.5973644 -0.3366463
v 0.0436694 0.0358386 -0.0202134 0.752941 0.752941 0.752941
vn 0.7397745 0.6071171 -0.2900734
v 0.0443835 0.0364246 -0.0174171 0.752941 0.752941 0.752941
vn 0.7498788 0.6154105 -0.2427997
v 0.0449907 0.0369229 -0.0145788 0.752941 0.752941 0.752941
vn 0.7581798 0.6222222 -0.1949433
v 0.0454894 0.0373322 -0.0117054 0.752941 0.752941 0.752941
vn 0.7646568 0.6275370 -0.1466200
v 0.0458786 0.0376516 -0.0088038 0.752941 0.752941 0.752941
vn 0.7692938 0.6313433 -0.0979426
v 0.0461573 0.0378803 -0.0058810 0.752941 0.752941 0.752941
vn 0.7720806 0.6336306 -0.0490290
v 0.0463248 0.0380177 -0.0029441 0.752941 0.752941 0.752941
vn 0.7730105 0.6343933 0.0000001
v 0.0463806 0.0380636 0.0000000 0.752941 0.752941 0.752941
vn 0.7720811 0.6336300 0.0490287
v 0.0463248 0.0380177 0.0029441 0.752941 0.752941 0.752941
vn 0.7692935 0.6313435 0.0979430
v 0.0461573 0.0378803 0.0058810 0.752941 0.752941 0.752941
vn 0.7646561 0.6275378 0.1466199
v 0.0458786 0.0376516 0.0088038 0.752941 0.752941 0.752941
vn 0.7581800 0.6222221 0.1949430
v 0.0454894 0.0373322 0.0117054 0.752941 0.752941 0.752941
vn 0.7498791 0.6154100 0.2428002
v 0.0449907 0.0369229 0.0145788 0.752941 0.752941 0.752941
vn 0.7397742 0.6071175 0.2900734
v 0.0443835 0.0364246 0.0174171 0.752941 0.752941 0.752941
vn 0.7278912 0.5973642 0.3366458
v 0.0436694 0.0358386 0.0202134 0.752941 0.752941 0.752941
vn 0.7142551 0.5861745 0.3824123
v 0.0428501 0.0351662 0.0229610 0.752941 0.752941 0.752941
vn 0.6989015 0.5735739 0.4272583
v 0.0419276 0.0344091 0.0256533 0.752941 0.752941 0.752941
vn 0.6818652 0.5595934 0.4710788
v 0.0409041 0.0335691 0.0282838 0.752941 0.752941 0.752941
vn 0.6631899 0.5442656 0.5137647
v 0.0397820 0.0326482 0.0308462 0.752941 0.752941 0.752941
vn 0.6429173 0.5276285 0.5552166
v 0.0385641 0.0316487 0.0333342 0.752941 0.752941 0.752941
vn 0.6210969 0.5097219 0.5953337
v 0.0372533 0.0305730 0.0357420 0.752941 0.752941 0.752941
vn 0.5977836 0.4905885 0.6340172
v 0.0358527 0.0294236 0.0380636 0.752941 0.752941 0.752941
vn 0.5730306 0.4702735 0.6711772
v 0.0343658 0.0282033 0.0402935 0.752941 0.752941 0.752941
vn 0.5468968 0.4488263 0.7067240
v 0.0327961 0.0269150 0.0424264 0.752941 0.752941 0.752941
vn 0.5194470 0.4262985 0.7405704
v 0.0311473 0.0255619 0.0444571 0.752941 0.752941 0.752941
vn 0.4907460 0.4027442 0.7726355
v 0.0294236 0.0241473 0.0463806 0.752941 0.752941 0.752941
vn 0.4608647 0.3782214 0.8028402
v 0.0276289 0.0226745 0.0481924 0.752941 0.752941 0.752941
vn 0.4298716 0.3527868 0.8311149
v 0.0257677 0.0211470 0.0498882 0.752941 0.752941 0.752941
vn 0.3978425 0.3265006 0.8573907
v 0.0238444 0.0195686 0.0514637 0.752941 0.752941 0.752941
vn 0.3648560 0.2994294 0.8816020
v 0.0218637 0.0179431 0.0529153 0.752941 0.752941 0.752941
vn 0.3309906 0.2716358 0.9036919
v 0.0198303 0.0162743 0.0542394 0.752941 0.752941 0.752941
vn 0.2963224 0.2431855 0.9236092
v 0.0177491 0.0145663 0.0554328 0.752941 0.752941 0.752941
vn 0.2609435 0.2141515 0.9413010
v 0.0156252 0.0128232 0.0564926 0.752941 0.752941 0.752941
vn 0.2249357 0.1846005 0.9567270
v 0.0134636 0.0110493 0.0574164 0.752941 0.752941 0.752941
vn 0.1883832 0.1546017 0.9698506
v 0.0112696 0.0092487 0.0582019 0.752941 0.752941 0.752941
vn 0.1513772 0.1242309 0.9806384
v 0.0090484 0.0074258 0.0588471 0.752941 0.752941 0.752941
vn 0.1140058 0.0935613 0.9890648
v 0.0068055 0.0055851 0.0593506 0.752941 0.752941 0.752941
vn 0.0763564 0.0626635 0.9951096
v 0.0045461 0.0037309 0.0597111 0.752941 0.752941 0.752941
vn 0.0385204 0.0316134 0.9987576
v 0.0022758 0.0018677 0.0599277 0.752941 0.752941 0.752941
vn 0.0352363 0.0352362 -0.9987577
v 0.0020818 0.0020818 -0.0599277 0.752941 0.752941 0.752941
vn 0.0698464 0.0698463 -0.9951096
v 0.0041585 0.0041585 -0.0597111 0.752941 0.752941 0.752941
vn 0.1042858 0.1042858 -0.9890648
v 0.0062253 0.0062253 -0.0593506 0.752941 0.752941 0.752941
vn 0.1384708 0.1384710 -0.9806384
v 0.0082770 0.0082770 -0.0588471 0.752941 0.752941 0.752941
vn 0.1723223 0.1723226 -0.9698505
v 0.0103088 0.0103088 -0.0582019 0.752941 0.752941 0.752941
vn 0.2057590 0.2057592 -0.9567270
v 0.0123157 0.0123157 -0.0574164 0.752941 0.752941 0.752941
vn 0.2386969 0.2386971 -0.9413010
v 0.0142930 0.0142930 -0.0564926 0.752941 0.752941 0.752941
vn 0.2710590 0.2710585 -0.9236094
v 0.0162359 0.0162359 -0.0554328 0.752941 0.752941 0.752941
vn 0.3027710 0.3027710 -0.9036922
v 0.0181396 0.0181396 -0.0542394 0.752941 0.752941 0.752941
vn 0.3337500 0.3337501 -0.8816019
v 0.0199997 0.0199997 -0.0529153 0.752941 0.752941 0.752941
vn 0.3639239 0.3639241 -0.8573906
v 0.0218115 0.0218115 -0.0514637 0.752941 0.752941 0.752941
vn 0.3932228 0.3932227 -0.8311148
v 0.0235708 0.0235708 -0.0498882 0.752941 0.752941 0.752941
vn 0.4215728 0.4215724 -0.8028407
v 0.0252734 0.0252734 -0.0481924 0.752941 0.752941 0.752941
vn 0.4489065 0.4489059 -0.7726361
v 0.0269150 0.0269150 -0.0463806 0.752941 0.752941 0.752941
vn 0.4751608 0.4751613 -0.7405701
v 0.0284918 0.0284918 -0.0444571 0.752941 0.752941 0.752941
vn 0.5002708 0.5002714 -0.7067232
v 0.0300000 0.0300000 -0.0424264 0.752941 0.752941 0.752941
vn 0.5241759 0.5241756 -0.6711777
v 0.0314359 0.0314359 -0.0402935 0.752941 0.752941 0.752941
vn 0.5468192 0.5468195 -0.6340168
v 0.0327961 0.0327961 -0.0380636 0.752941 0.752941 0.752941
vn 0.5681454 0.5681460 -0.5953326
v 0.0340772 0.0340772 -0.0357420 0.752941 0.752941 0.752941
vn 0.5881046 0.5881040 -0.5552179
v 0.0352763 0.0352763 -0.0333342 0.752941 0.752941 0.752941
vn 0.6066489 0.6066493 -0.5137644
v 0.0363903 0.0363903 -0.0308462 0.752941 0.752941 0.752941
vn 0.6237330 0.6237334 -0.4710773
v 0.0374167 0.0374167 -0.0282838 0.752941 0.752941 0.752941
vn 0.6393161 0.6393159 -0.4272588
v 0.0383530 0.0383530 -0.0256533 0.752941 0.752941 0.752941
vn 0.6533609 0.6533607 -0.3824124
v 0.0391969 0.0391969 -0.0229610 0.752941 0.752941 0.752941
vn 0.6658338 0.6658332 -0.3366476
v 0.0399463 0.0399463 -0.0202134 0.752941 0.752941 0.752941
vn 0.6767044 0.6767050 -0.2900716
v 0.0405995 0.0405995 -0.0174171 0.752941 0.752941 0.752941
vn 0.6859477 0.6859472 -0.2428011
v 0.0411549 0.0411549 -0.0145788 0.752941 0.752941 0.752941
vn 0.6935406 0.6935403 -0.1949441
v 0.0416112 0.0416112 -0.0117054 0.752941 0.752941 0.752941
vn 0.6994649 0.6994658 -0.1466172
v 0.0419672 0.0419672 -0.0088038 0.752941 0.752941 0.752941
vn 0.7037070 0.7037072 -0.0979424
v 0.0422221 0.0422221 -0.0058810 0.752941 0.752941 0.752941
vn 0.7062567 0.7062560 -0.0490309
v 0.0423753 0.0423753 -0.0029441 0.752941 0.752941 0.752941
vn 0.7071068 0.7071068 0.0000000
v 0.0424264 0.0424264 0.0000000 0.752941 0.752941 0.752941
vn 0.7062560 0.7062567 0.0490309
v 0.0423753 0.0423753 0.0029441 0.752941 0.752941 0.752941
vn 0.7037072 0.7037070 0.0979424
v 0.0422221 0.0422221 0.0058810 0.752941 0.752941 0.752941
vn 0.6994658 0.6994649 0.1466172
v 0.0419672 0.0419672 0.0088038 0.752941 0.752941 0.752941
vn 0.6935403 0.6935407 0.1949441
v 0.0416112 0.0416112 0.0117054 0.752941 0.752941 0.752941
vn 0.6859472 0.6859477 0.2428010
v 0.0411549 0.0411549 0.0145788 0.752941 0.752941 0.752941
vn 0.6767050 0.6767044 0.2900716
v 0.0405995 0.0405995 0.0174171 0.752941 0.752941 0.752941
vn 0.6658332 0.6658337 0.3366477
v 0.0399463 0.0399463 0.0202134 0.752941 0.752941 0.752941
vn 0.6533607 0.6533610 0.3824124
v 0.0391969 0.0391969 0.0229610 0.752941 0.752941 0.752941
vn 0.6393160 0.6393161 0.4272588
v 0.0383530 0.0383530 0.0256533 0.752941 0.752941 0.752941
vn 0.6237335 0.6237330 0.4710773
v 0.0374167 0.0374167 0.0282838 0.752941 0.752941 0.752941
vn 0.6066493 0.6066489 0.5137644
v 0.0363903 0.0363903 0.0308462 0.752941 0.752941 0.752941
vn 0.5881039 0.5881046 0.5552178
v 0.0352763 0.0352763 0.0333342 0.752941 0.752941 0.752941
vn 0.5681460 0.5681455 0.5953326
v 0.0340772 0.0340772 0.0357420 0.752941 0.752941 0.752941
vn 0.5468195 0.5468192 0.6340168
v 0.0327961 0.0327961 0.0380636 0.752941 0.752941 0.752941
vn 0.5241756 0.5241760 0.6711778
v 0.0314359 0.0314359 0.0402935 0.752941 0.752941 0.752941
vn 0.5002714 0.5002708 0.7067233
v 0.0300000 0.0300000 0.0424264 0.752941 0.752941 0.752941
vn 0.4751613 0.4751608 0.7405701
v 0.0284918 0.0284918 0.0444571 0.752941 0.752941 0.752941
vn 0.4489059 0.4489065 0.7726361
v 0.0269150 0.0269150 0.0463806 0.752941 0.752941 0.752941
vn 0.4215725 0.4215728 0.8028407
v 0.0252734 0.0252734 0.0481924 0.752941 0.752941 0.752941
vn 0.3932227 0.3932228 0.8311148
v 0.0235708 0.0235708 0.0498882 0.752941 0.752941 0.752941
vn 0.3639241 0.3639240 0.8573906
v 0.0218115 0.0218115 0.0514637 0.752941 0.752941 0.752941
vn 0.3337501 0.3337500 0.8816019
v 0.0199997 0.0199997 0.0529153 0.752941 0.752941 0.752941
vn 0.3027710 0.3027710 0.9036922
v 0.0181396 0.0181396 0.0542394 0.752941 0.752941 0.752941
vn 0.2710585 0.2710590 0.9236094
v 0.0162359 0.0162359 0.0554328 0.752941 0.752941 0.752941
vn 0.2386970 0.2386969 0.9413010
v 0.0142930 0.0142930 0.0564926 0.752941 0.752941 0.752941
vn 0.2057592 0.2057590 0.9567270
v 0.0123157 0.0123157 0.0574164 0.752941 0.752941 0.752941
vn 0.1723226 0.1723223 0.9698505
v 0.0103088 0.0103088 0.0582019 0.752941 0.752941 0.752941
vn 0.1384710 0.1384708 0.9806384
v 0.0082770 0.0082770 0.0588471 0.752941 0.752941 0.752941
vn 0.1042858 0.1042858 0.9890648
v 0.0062253 0.0062253 0.0593506 0.752941 0.752941 0.752941
vn 0.0698463 0.0698464 0.9951096
v 0.0041585 0.0041585 0.0597111 0.752941 0.752941 0.752941
vn 0.0352362 0.0352363 0.9987577
v 0.0020818 0.0020818 0.0599277 0.752941 0.752941 0.752941
vn 0.0316134 0.0385204 -0.9987576
v 0.0018677 0.0022758 -0.0599277 0.752941 0.752941 0.752941
vn 0.0626635 0.0763564 -0.9951096
v 0.0037309 0.0045461 -0.0597111 0.752941 0.752941 0.752941
vn 0.0935613 0.1140057 -0.9890648
v 0.0055851 0.0068055 -0.0593506 0.752941 0.752941 0.752941
vn 0.1242309 0.1513772 -0.9806384
v 0.0074258 0.0090484 -0.0588471 0.752941 0.752941 0.752941
vn 0.1546017 0.1883832 -0.9698505
v 0.0092487 0.0112696 -0.0582019 0.752941 0.752941 0.752941
vn 0.1846005 0.2249357 -0.9567270
v 0.0110493 0.0134636 -0.0574164 0.752941 0.752941 0.752941
vn 0.2141515 0.2609435 -0.9413011
v 0.0128232 0.0156252 -0.0564926 0.752941 0.752941 0.752941
vn 0.2431855 0.2963223 -0.9236092
v 0.0145663 0.0177491 -0.0554328 0.752941 0.752941 0.752941
vn 0.2716358 0.3309906 -0.9036919
v 0.0162743 0.0198303 -0.0542394 0.752941 0.752941 0.752941
vn 0.2994294 0.3648561 -0.8816020
v 0.0179431 0.0218637 -0.0529153 0.752941 0.752941 0.752941
vn 0.3265006 0.3978425 -0.8573907
v 0.0195686 0.0238444 -0.0514637 0.752941 0.752941 0.752941
vn 0.3527868 0.4298716 -0.8311149
v 0.0211470 0.0257677 -0.0498882 0.752941 0.752941 0.752941
vn 0.3782214 0.4608647 -0.8028402
v 0.0226745 0.0276289 -0.0481924 0.752941 0.752941 0.752941
vn 0.4027442 0.4907459 -0.7726355
v 0.0241473 0.0294236 -0.0463806 0.752941 0.752941 0.752941
vn 0.4262986 0.5194469 -0.7405704
v 0.0255619 0.0311473 -0.0444571 0.752941 0.752941 0.752941
vn 0.4488263 0.5468968 -0.7067240
v 0.0269150 0.0327961 -0.0424264 0.752941 0.752941 0.752941
vn 0.4702735 0.5730305 -0.6711773
v 0.0282033 0.0343658 -0.0402935 0.752941 0.752941 0.752941
vn 0.4905885 0.5977836 -0.6340172
v 0.0294236 0.0358527 -0.0380636 0.752941 0.752941 0.752941
vn 0.5097219 0.6210970 -0.5953337
v 0.0305730 0.0372533 -0.0357420 0.752941 0.752941 0.752941
vn 0.5276287 0.6429172 -0.5552166
v 0.0316487 0.0385641 -0.0333342 0.752941 0.752941 0.752941
vn 0.5442657 0.6631898 -0.5137647
v 0.0326482 0.0397820 -0.0308462 0.752941 0.752941 0.752941
vn 0.5595933 0.6818652 -0.4710788
v 0.0335691 0.0409041 -0.0282838 0.752941 0.752941 0.752941
vn 0.5735738 0.6989016 -0.4272583
v 0.0344091 0.0419276 -0.0256533 0.752941 0.752941 0.752941
vn 0.5861744 0.7142551 -0.3824123
v 0.0351662 0.0428501 -0.0229610 0.752941 0.752941 0.752941
vn 0.5973642 0.7278912 -0.3366459
v 0.0358386 0.0436694 -0.0202134 0.752941 0.752941 0.752941
vn 0.6071175 0.7397742 -0.2900733
v 0.0364246 0.0443835 -0.0174171 0.752941 0.752941 0.752941
vn 0.6154100 0.7498791 -0.2428002
v 0.0369229 0.0449907 -0.0145788 0.752941 0.752941 0.752941
vn 0.6222222 0.7581800 -0.1949430
v 0.0373322 0.0454894 -0.0117054 0.752941 0.752941 0.752941
vn 0.6275378 0.7646561 -0.1466199
v 0.0376516 0.0458786 -0.0088038 0.752941 0.752941 0.752941
vn 0.6313435 0.7692935 -0.0979430
v 0.0378803 0.0461573 -0.0058810 0.752941 0.752941 0.752941
vn 0.6336300 0.7720811 -0.0490287
v 0.0380177 0.0463248 -0.0029441 0.752941 0.752941 0.752941
vn 0.6343932 0.7730105 -0.0000001
v 0.0380636 0.0463806 0.0000000 0.752941 0.752941 0.752941
vn 0.6336306 0.7720807 0.0490290
v 0.0380177 0.0463248 0.0029441 0.752941 0.752941 0.752941
vn 0.6313433 0.7692938 0.0979426
v 0.0378803 0.0461573 0.0058810 0.752941 0.752941 0.752941
vn 0.6275370 0.7646568 0.1466200
v 0.0376516 0.0458786 0.0088038 0.752941 0.752941 0.752941
vn 0.6222222 0.7581798 0.1949433
v 0.0373322 0.0454894 0.0117054 0.752941 0.752941 0.752941
vn 0.6154106 0.7498788 0.2427997
v 0.0369229 0.0449907 0.0145788 0.752941 0.752941 0.752941
vn 0.6071171 0.7397745 0.2900734
v 0.0364246 0.0443835 0.0174171 0.752941 0.752941 0.752941
vn 0.5973645 0.7278908 0.3366463
v 0.0358386 0.0436694 0.0202134 0.752941 0.752941 0.752941
vn 0.5861747 0.7142552 0.3824117
v 0.0351662 0.0428501 0.0229610 0.752941 0.752941 0.752941
vn 0.5735739 0.6989013 0.4272588
v 0.0344091 0.0419276 0.0256533 0.752941 0.752941 0.752941
vn 0.5595933 0.6818658 0.4710779
v 0.0335691 0.0409041 0.0282838 0.752941 0.752941 0.752941
vn 0.5442652 0.6631896 0.5137655
v 0.0326482 0.0397820 0.0308462 0.752941 0.752941 0.752941
vn 0.5276292 0.6429172 0.5552162
v 0.0316487 0.0385641 0.0333342 0.752941 0.752941 0.752941
vn 0.5097214 0.6210974 0.5953336
v 0.0305730 0.0372533 0.0357420 0.752941 0.752941 0.752941
vn 0.4905882 0.5977837 0.6340173
v 0.0294236 0.0358527 0.0380636 0.752941 0.752941 0.752941
vn 0.4702740 0.5730302 0.6711771
v 0.0282033 0.0343658 0.0402935 0.752941 0.752941 0.752941
vn 0.4488260 0.5468971 0.7067240
v 0.0269150 0.0327961 0.0424264 0.752941 0.752941 0.752941
vn 0.4262978 0.5194471 0.7405707
v 0.0255619 0.0311473 0.0444571 0.752941 0.752941 0.752941
vn 0.4027449 0.4907458 0.7726352
v 0.0241473 0.0294236 0.0463806 0.752941 0.752941 0.752941
vn 0.3782215 0.4608642 0.8028404
v 0.0226745 0.0276289 0.0481924 0.752941 0.752941 0.752941
vn 0.3527870 0.4298719 0.8311146
v 0.0211470 0.0257677 0.0498882 0.752941 0.752941 0.752941
vn 0.3265004 0.3978422 0.8573908
v 0.0195686 0.0238444 0.0514637 0.752941 0.752941 0.752941
vn 0.2994296 0.3648563 0.8816019
v 0.0179431 0.0218637 0.0529153 0.752941 0.752941 0.752941
vn 0.2716354 0.3309902 0.9036923
v 0.0162743 0.0198303 0.0542394 0.752941 0.752941 0.752941
vn 0.2431859 0.2963223 0.9236091
v 0.0145663 0.0177491 0.0554328 0.752941 0.752941 0.752941
vn 0.2141514 0.2609437 0.9413010
v 0.0128232 0.0156252 0.0564926 0.752941 0.752941 0.752941
vn 0.1846003 0.2249359 0.9567270
v 0.0110493 0.0134636 0.0574164 0.752941 0.752941 0.752941
vn 0.1546016 0.1883833 0.9698506
v 0.0092487 0.0112696 0.0582019 0.752941 0.752941 0.752941
vn 0.1242307 0.1513771 0.9806384
v 0.0074258 0.0090484 0.0588471 0.752941 0.752941 0.752941
vn 0.0935614 0.1140058 0.9890648
v 0.0055851 0.0068055 0.0593506 0.752941 0.752941 0.752941
vn 0.0626635 0.0763563 0.9951096
v 0.0037309 0.0045461 0.0597111 0.752941 0.752941 0.752941
vn 0.0316135 0.0385204 0.9987576
v 0.0018677 0.0022758 0.0599277 0.752941 0.752941 0.752941
vn 0.0276852 0.0414335 -0.9987577
v 0.0016356 0.0024479 -0.0599277 0.752941 0.752941 0.752941
vn 0.0548782 0.0821303 -0.9951096
v 0.0032673 0.0048899 -0.0597111 0.752941 0.752941 0.752941
vn 0.0819370 0.1226271 -0.9890648
v 0.0048911 0.0073201 -0.0593506 0.752941 0.752941 0.752941
vn 0.1087964 0.1628239 -0.9806384
v 0.0065032 0.0097327 -0.0588471 0.752941 0.752941 0.752941
vn 0.1353928 0.2026294 -0.9698506
v 0.0080996 0.0121218 -0.0582019 0.752941 0.752941 0.752941
vn 0.1616638 0.2419467 -0.9567270
v 0.0096764 0.0144818 -0.0574164 0.752941 0.752941 0.752941
vn 0.1875432 0.2806777 -0.9413010
v 0.0112300 0.0168068 -0.0564926 0.752941 0.752941 0.752941
vn 0.2129699 0.3187324 -0.9236090
v 0.0127565 0.0190914 -0.0554328 0.752941 0.752941 0.752941
vn 0.2378856 0.3560209 -0.9036922
v 0.0142522 0.0213299 -0.0542394 0.752941 0.752941 0.752941
vn 0.2622255 0.3924484 -0.8816020
v 0.0157136 0.0235171 -0.0529153 0.752941 0.752941 0.752941
vn 0.2859330 0.4279288 -0.8573910
v 0.0171372 0.0256476 -0.0514637 0.752941 0.752941 0.752941
vn 0.3089532 0.4623812 -0.8311147
v 0.0185195 0.0277164 -0.0498882 0.752941 0.752941 0.752941
vn 0.3312278 0.4957169 -0.8028405
v 0.0198572 0.0297183 -0.0481924 0.752941 0.752941 0.752941
vn 0.3527042 0.5278578 -0.7726357
v 0.0211470 0.0316487 -0.0463806 0.752941 0.752941 0.752941
vn 0.3733325 0.5587298 -0.7405699
v 0.0223859 0.0335028 -0.0444571 0.752941 0.752941 0.752941
vn 0.3930600 0.5882565 -0.7067235
v 0.0235708 0.0352763 -0.0424264 0.752941 0.752941 0.752941
vn 0.4118423 0.6163650 -0.6711783
v 0.0246990 0.0369647 -0.0402935 0.752941 0.752941 0.752941
vn 0.4296332 0.6429912 -0.6340171
v 0.0257677 0.0385641 -0.0380636 0.752941 0.752941 0.752941
vn 0.4463891 0.6680683 -0.5953332
v 0.0267743 0.0400706 -0.0357420 0.752941 0.752941 0.752941
vn 0.4620710 0.6915384 -0.5552163
v 0.0277164 0.0414805 -0.0333342 0.752941 0.752941 0.752941
vn 0.4766405 0.7133437 -0.5137652
v 0.0285917 0.0427905 -0.0308462 0.752941 0.752941 0.752941
vn 0.4900634 0.7334327 -0.4710779
v 0.0293982 0.0439974 -0.0282838 0.752941 0.752941 0.752941
vn 0.5023073 0.7517563 -0.4272585
v 0.0301338 0.0450984 -0.0256533 0.752941 0.752941 0.752941
vn 0.5133421 0.7682716 -0.3824118
v 0.0307968 0.0460907 -0.0229610 0.752941 0.752941 0.752941
vn 0.5231423 0.7829376 -0.3366464
v 0.0313856 0.0469719 -0.0202134 0.752941 0.752941 0.752941
vn 0.5316833 0.7957199 -0.2900737
v 0.0318989 0.0477400 -0.0174171 0.752941 0.752941 0.752941
vn 0.5389452 0.8065891 -0.2428006
v 0.0323352 0.0483931 -0.0145788 0.752941 0.752941 0.752941
vn 0.5449114 0.8155175 -0.1949431
v 0.0326937 0.0489296 -0.0117054 0.752941 0.752941 0.752941
vn 0.5495658 0.8224844 -0.1466182
v 0.0329734 0.0493482 -0.0088038 0.752941 0.752941 0.752941
vn 0.5528988 0.8274723 -0.0979419
v 0.0331737 0.0496479 -0.0058810 0.752941 0.752941 0.752941
vn 0.5549021 0.8304695 -0.0490302
v 0.0332941 0.0498281 -0.0029441 0.752941 0.752941 0.752941
vn 0.5555704 0.8314696 -0.0000001
v 0.0333342 0.0498882 0.0000000 0.752941 0.752941 0.752941
vn 0.5549018 0.8304698 0.0490302
v 0.0332941 0.0498281 0.0029441 0.752941 0.752941 0.752941
vn 0.5528991 0.8274720 0.0979420
v 0.0331737 0.0496479 0.0058810 0.752941 0.752941 0.752941
vn 0.5495664 0.8224840 0.1466183
v 0.0329734 0.0493482 0.0088038 0.752941 0.752941 0.752941
vn 0.5449116 0.8155175 0.1949427
v 0.0326937 0.0489296 0.0117054 0.752941 0.752941 0.752941
vn 0.5389448 0.8065892 0.2428011
v 0.0323352 0.0483931 0.0145788 0.752941 0.752941 0.752941
vn 0.5316830 0.7957202 0.2900735
v 0.0318989 0.0477400 0.0174171 0.752941 0.752941 0.752941
vn 0.5231423 0.7829378 0.3366462
v 0.0313856 0.0469719 0.0202134 0.752941 0.752941 0.752941
vn 0.5133423 0.7682713 0.3824119
v 0.0307968 0.0460907 0.0229610 0.752941 0.752941 0.752941
vn 0.5023072 0.7517564 0.4272585
v 0.0301338 0.0450984 0.0256533 0.752941 0.752941 0.752941
vn 0.4900639 0.7334325 0.4710778
v 0.0293982 0.0439974 0.0282838 0.752941 0.752941 0.752941
vn 0.4766406 0.7133436 0.5137652
v 0.0285917 0.0427905 0.0308462 0.752941 0.752941 0.752941
vn 0.4620706 0.6915385 0.5552166
v 0.0277164 0.0414805 0.0333342 0.752941 0.752941 0.752941
vn 0.4463894 0.6680683 0.5953329
v 0.0267743 0.0400706 0.0357420 0.752941 0.752941 0.752941
vn 0.4296333 0.6429911 0.6340172
v 0.0257677 0.0385641 0.0380636 0.752941 0.752941 0.752941
vn 0.4118420 0.6163653 0.6711780
v 0.0246990 0.0369647 0.0402935 0.752941 0.752941 0.752941
vn 0.3930596 0.5882561 0.7067242
v 0.0235708 0.0352763 0.0424264 0.752941 0.752941 0.752941
vn 0.3733330 0.5587302 0.7405694
v 0.0223859 0.0335028 0.0444571 0.752941 0.752941 0.752941
vn 0.3527042 0.5278578 0.7726357
v 0.0211470 0.0316487 0.0463806 0.752941 0.752941 0.752941
vn 0.3312277 0.4957169 0.8028406
v 0.0198572 0.0297183 0.0481924 0.752941 0.752941 0.752941
vn 0.3089532 0.4623811 0.8311147
v 0.0185195 0.0277164 0.0498882 0.752941 0.752941 0.752941
vn 0.2859330 0.4279289 0.8573909
v 0.0171372 0.0256476 0.0514637 0.752941 0.752941 0.752941
vn 0.2622253 0.3924484 0.8816020
v 0.0157136 0.0235171 0.0529153 0.752941 0.752941 0.752941
vn 0.2378857 0.3560211 0.9036921
v 0.0142522 0.0213299 0.0542394 0.752941 0.752941 0.752941
vn 0.2129697 0.3187322 0.9236091
v 0.0127565 0.0190914 0.0554328 0.752941 0.752941 0.752941
vn 0.1875435 0.2806779 0.9413009
v 0.0112300 0.0168068 0.0564926 0.752941 0.752941 0.752941
vn 0.1616639 0.2419466 0.9567270
v 0.0096764 0.0144818 0.0574164 0.752941 0.752941 0.752941
vn 0.1353926 0.2026294 0.9698506
v 0.0080996 0.0121218 0.0582019 0.752941 0.752941 0.752941
vn 0.1087964 0.1628241 0.9806384
v 0.0065032 0.0097327 0.0588471 0.752941 0.752941 0.752941
vn 0.0819369 0.1226270 0.9890648
v 0.0048911 0.0073201 0.0593506 0.752941 0.752941 0.752941
vn 0.0548782 0.0821303 0.9951096
v 0.0032673 0.0048899 0.0597111 0.752941 0.752941 0.752941
vn 0.0276852 0.0414335 0.9987577
v 0.0016356 0.0024479 0.0599277 0.752941 0.752941 0.752941
vn 0.0234908 0.0439478 -0.9987576
v 0.0013878 0.0025964 -0.0599277 0.752941 0.752941 0.752941
vn 0.0465637 0.0871140 -0.9951096
v 0.0027723 0.0051866 -0.0597111 0.752941 0.752941 0.752941
vn 0.0695225 0.1300680 -0.9890648
v 0.0041501 0.0077643 -0.0593506 0.752941 0.752941 0.752941
vn 0.0923126 0.1727042 -0.9806384
v 0.0055179 0.0103233 -0.0588471 0.752941 0.752941 0.752941
vn 0.1148793 0.2149249 -0.9698505
v 0.0068724 0.0128574 -0.0582019 0.752941 0.752941 0.752941
vn 0.1371702 0.2566273 -0.9567271
v 0.0082104 0.0153605 -0.0574164 0.752941 0.752941 0.752941
vn 0.1591289 0.2977090 -0.9413009
v 0.0095285 0.0178266 -0.0564926 0.752941 0.752941 0.752941
vn 0.1807034 0.3380720 -0.9236090
v 0.0108237 0.0202498 -0.0554328 0.752941 0.752941 0.752941
vn 0.2018442 0.3776234 -0.9036922
v 0.0120929 0.0226242 -0.0542394 0.752941 0.752941 0.752941
vn 0.2224965 0.4162611 -0.8816020
v 0.0133329 0.0249441 -0.0529153 0.752941 0.752941 0.752941
vn 0.2426118 0.4538946 -0.8573909
v 0.0145408 0.0272039 -0.0514637 0.752941 0.752941 0.752941
vn 0.2621444 0.4904371 -0.8311148
v 0.0157136 0.0293982 -0.0498882 0.752941 0.752941 0.752941
vn 0.2810441 0.5257956 -0.8028407
v 0.0168486 0.0315216 -0.0481924 0.752941 0.752941 0.752941
vn 0.2992661 0.5598869 -0.7726361
v 0.0179431 0.0335691 -0.0463806 0.752941 0.752941 0.752941
vn 0.3167691 0.5926337 -0.7405691
v 0.0189942 0.0355357 -0.0444571 0.752941 0.752941 0.752941
vn 0.3335082 0.6239507 -0.7067233
v 0.0199997 0.0374167 -0.0424264 0.752941 0.752941 0.752941
vn 0.3494446 0.6537647 -0.6711783
v 0.0209569 0.0392076 -0.0402935 0.752941 0.752941 0.752941
vn 0.3645401 0.6820063 -0.6340173
v 0.0218637 0.0409041 -0.0380636 0.752941 0.752941 0.752941
vn 0.3787576 0.7086052 -0.5953330
v 0.0227178 0.0425019 -0.0357420 0.752941 0.752941 0.752941
vn 0.3920633 0.7335002 -0.5552151
v 0.0235171 0.0439974 -0.0333342 0.752941 0.752941 0.752941
vn 0.4044255 0.7566274 -0.5137656
v 0.0242598 0.0453869 -0.0308462 0.752941 0.752941 0.752941
vn 0.4158147 0.7779352 -0.4710786
v 0.0249441 0.0466671 -0.0282838 0.752941 0.752941 0.752941
vn 0.4262036 0.7973712 -0.4272583
v 0.0255683 0.0478348 -0.0256533 0.752941 0.752941 0.752941
vn 0.4355668 0.8148879 -0.3824125
v 0.0261308 0.0488873 -0.0229610 0.752941 0.752941 0.752941
vn 0.4438824 0.8304440 -0.3366470
v 0.0266304 0.0498221 -0.0202134 0.752941 0.752941 0.752941
vn 0.4511291 0.8440029 -0.2900719
v 0.0270659 0.0506368 -0.0174171 0.752941 0.752941 0.752941
vn 0.4572903 0.8555313 -0.2428001
v 0.0274362 0.0513295 -0.0145788 0.752941 0.752941 0.752941
vn 0.4623521 0.8650015 -0.1949435
v 0.0277403 0.0518985 -0.0117054 0.752941 0.752941 0.752941
vn 0.4663024 0.8723903 -0.1466195
v 0.0279777 0.0523425 -0.0088038 0.752941 0.752941 0.752941
vn 0.4691307 0.8776807 -0.0979432
v 0.0281476 0.0526605 -0.0058810 0.752941 0.752941 0.752941
vn 0.4708298 0.8808606 -0.0490297
v 0.0282497 0.0528515 -0.0029441 0.752941 0.752941 0.752941
vn 0.4713969 0.8819212 -0.0000001
v 0.0282838 0.0529153 0.0000000 0.752941 0.752941 0.752941
vn 0.4708300 0.8808605 0.0490300
v 0.0282497 0.0528515 0.0029441 0.752941 0.752941 0.752941
vn 0.4691302 0.8776811 0.0979429
v 0.0281476 0.0526605 0.0058810 0.752941 0.752941 0.752941
vn 0.4663024 0.8723904 0.1466192
v 0.0279777 0.0523425 0.0088038 0.752941 0.752941 0.752941
vn 0.4623520 0.8650015 0.1949439
v 0.0277403 0.0518985 0.0117054 0.752941 0.752941 0.752941
vn 0.4572902 0.8555313 0.2428002
v 0.0274362 0.0513295 0.0145788 0.752941 0.752941 0.752941
vn 0.4511290 0.8440029 0.2900721
v 0.0270659 0.0506368 0.0174171 0.752941 0.752941 0.752941
vn 0.4438826 0.8304443 0.3366462
v 0.0266304 0.0498221 0.0202134 0.752941 0.752941 0.752941
vn 0.4355666 0.8148877 0.3824131
v 0.0261308 0.0488873 0.0229610 0.752941 0.752941 0.752941
vn 0.4262039 0.7973712 0.4272580
v 0.0255683 0.0478348 0.0256533 0.752941 0.752941 0.752941
vn 0.4158144 0.7779352 0.4710788
v 0.0249441 0.0466671 0.0282838 0.752941 0.752941 0.752941
vn 0.4044252 0.7566276 0.5137656
v 0.0242598 0.0453869 0.0308462 0.752941 0.752941 0.752941
vn 0.3920638 0.7334999 0.5552153
v 0.0235171 0.0439974 0.0333342 0.752941 0.752941 0.752941
vn 0.3787576 0.7086054 0.5953327
v 0.0227178 0.0425019 0.0357420 0.752941 0.752941 0.752941
vn 0.3645399 0.6820063 0.6340175
v 0.0218637 0.0409041 0.0380636 0.752941 0.752941 0.752941
vn 0.3494447 0.6537648 0.6711782
v 0.0209569 0.0392076 0.0402935 0.752941 0.752941 0.752941
vn 0.3335086 0.6239504 0.7067234
v 0.0199997 0.0374167 0.0424264 0.752941 0.752941 0.752941
vn 0.3167695 0.5926335 0.7405691
v 0.0189942 0.0355357 0.0444571 0.752941 0.752941 0.752941
vn 0.2992657 0.5598870 0.7726361
v 0.0179431 0.0335691 0.0463806 0.752941 0.752941 0.752941
vn 0.2810439 0.5257958 0.8028407
v 0.0168486 0.0315216 0.0481924 0.752941 0.752941 0.752941
vn 0.2621444 0.4904372 0.8311148
v 0.0157136 0.0293982 0.0498882 0.752941 0.752941 0.752941
vn 0.2426118 0.4538944 0.8573910
v 0.0145408 0.0272039 0.0514637 0.752941 0.752941 0.752941
vn 0.2224966 0.4162612 0.8816019
v 0.0133329 0.0249441 0.0529153 0.752941 0.752941 0.752941
vn 0.2018443 0.3776234 0.9036922
v 0.0120929 0.0226242 0.0542394 0.752941 0.752941 0.752941
vn 0.1807033 0.3380719 0.9236091
v 0.0108237 0.0202498 0.0554328 0.752941 0.752941 0.752941
vn 0.1591290 0.2977090 0.9413009
v 0.0095285 0.0178266 0.0564926 0.752941 0.752941 0.752941
vn 0.1371700 0.2566274 0.9567271
v 0.0082104 0.0153605 0.0574164 0.752941 0.752941 0.752941
vn 0.1148795 0.2149247 0.9698506
v 0.0068724 0.0128574 0.0582019 0.752941 0.752941 0.752941
vn 0.0923128 0.1727043 0.9806384
v 0.0055179 0.0103233 0.0588471 0.752941 0.752941 0.752941
vn 0.0695224 0.1300679 0.9890648
v 0.0041501 0.0077643 0.0593506 0.752941 0.752941 0.752941
vn 0.0465638 0.0871140 0.9951096
v 0.0027723 0.0051866 0.0597111 0.752941 0.752941 0.752941
vn 0.0234908 0.0439478 0.9987576
v 0.0013878 0.0025964 0.0599277 0.752941 0.752941 0.752941
vn 0.0190697 0.0460387 -0.9987577
v 0.0011266 0.0027200 -0.0599277 0.752941 0.752941 0.752941
vn 0.0378006 0.0912587 -0.9951096
v 0.0022506 0.0054334 -0.0597111 0.752941 0.752941 0.752941
vn 0.0564385 0.1362562 -0.9890648
v 0.0033691 0.0081337 -0.0593506 0.752941 0.752941 0.752941
vn 0.0749394 0.1809210 -0.9806384
v 0.0044795 0.0108144 -0.0588471 0.752941 0.752941 0.752941
vn 0.0932603 0.2251496 -0.9698506
v 0.0055791 0.0134691 -0.0582019 0.752941 0.752941 0.752941
vn 0.1113564 0.2688363 -0.9567271
v 0.0066652 0.0160913 -0.0574164 0.752941 0.752941 0.752941
vn 0.1291817 0.3118732 -0.9413009
v 0.0077353 0.0186747 -0.0564926 0.752941 0.752941 0.752941
vn 0.1466962 0.3541560 -0.9236091
v 0.0087868 0.0212132 -0.0554328 0.752941 0.752941 0.752941
vn 0.1638585 0.3955892 -0.9036922
v 0.0098171 0.0237006 -0.0542394 0.752941 0.752941 0.752941
vn 0.1806244 0.4360653 -0.8816019
v 0.0108237 0.0261308 -0.0529153 0.752941 0.752941 0.752941
vn 0.1969537 0.4754893 -0.8573909
v 0.0118043 0.0284981 -0.0514637 0.752941 0.752941 0.752941
vn 0.2128106 0.5137700 -0.8311149
v 0.0127565 0.0307968 -0.0498882 0.752941 0.752941 0.752941
vn 0.2281539 0.5508113 -0.8028405
v 0.0136779 0.0330213 -0.0481924 0.752941 0.752941 0.752941
vn 0.2429463 0.5865248 -0.7726355
v 0.0145663 0.0351662 -0.0463806 0.752941 0.752941 0.752941
vn 0.2571549 0.6208290 -0.7405692
v 0.0154197 0.0372264 -0.0444571 0.752941 0.752941 0.752941
vn 0.2707447 0.6536347 -0.7067242
v 0.0162359 0.0391969 -0.0424264 0.752941 0.752941 0.752941
vn 0.2836817 0.6848683 -0.6711782
v 0.0170130 0.0410730 -0.0402935 0.752941 0.752941 0.752941
vn 0.2959356 0.7144538 -0.6340173
v 0.0177491 0.0428501 -0.0380636 0.752941 0.752941 0.752941
vn 0.3074775 0.7423185 -0.5953327
v 0.0184425 0.0445240 -0.0357420 0.752941 0.752941 0.752941
vn 0.3182799 0.7683969 -0.5552154
v 0.0190914 0.0460907 -0.0333342 0.752941 0.752941 0.752941
vn 0.3283157 0.7926248 -0.5137652
v 0.0196943 0.0475463 -0.0308462 0.752941 0.752941 0.752941
vn 0.3375611 0.8149463 -0.4710786
v 0.0202498 0.0488873 -0.0282838 0.752941 0.752941 0.752941
vn 0.3459951 0.8353068 -0.4272588
v 0.0207565 0.0501106 -0.0256533 0.752941 0.752941 0.752941
vn 0.3535961 0.8536566 -0.3824137
v 0.0212132 0.0512132 -0.0229610 0.752941 0.752941 0.752941
vn 0.3603461 0.8699540 -0.3366464
v 0.0216188 0.0521924 -0.0202134 0.752941 0.752941 0.752941
vn 0.3662296 0.8841578 -0.2900706
v 0.0219723 0.0530459 -0.0174171 0.752941 0.752941 0.752941
vn 0.3712321 0.8962339 -0.2427993
v 0.0222729 0.0537715 -0.0145788 0.752941 0.752941 0.752941
vn 0.3753418 0.9061541 -0.1949445
v 0.0225198 0.0543676 -0.0117054 0.752941 0.752941 0.752941
vn 0.3785478 0.9138950 -0.1466204
v 0.0227125 0.0548328 -0.0088038 0.752941 0.752941 0.752941
vn 0.3808431 0.9194378 -0.0979417
v 0.0228504 0.0551658 -0.0058810 0.752941 0.752941 0.752941
vn 0.3822227 0.9227687 -0.0490298
v 0.0229333 0.0553660 -0.0029441 0.752941 0.752941 0.752941
vn 0.3826832 0.9238796 -0.0000003
v 0.0229610 0.0554328 0.0000000 0.752941 0.752941 0.752941
vn 0.3822226 0.9227687 0.0490304
v 0.0229333 0.0553660 0.0029441 0.752941 0.752941 0.752941
vn 0.3808437 0.9194376 0.0979413
v 0.0228504 0.0551658 0.0058810 0.752941 0.752941 0.752941
vn 0.3785471 0.9138952 0.1466208
v 0.0227125 0.0548328 0.0088038 0.752941 0.752941 0.752941
vn 0.3753414 0.9061543 0.1949441
v 0.0225198 0.0543676 0.0117054 0.752941 0.752941 0.752941
vn 0.3712325 0.8962337 0.2427995
v 0.0222729 0.0537715 0.0145788 0.752941 0.752941 0.752941
vn 0.3662305 0.8841575 0.2900703
v 0.0219723 0.0530459 0.0174171 0.752941 0.752941 0.752941
vn 0.3603462 0.8699538 0.3366468
v 0.0216188 0.0521924 0.0202134 0.752941 0.752941 0.752941
vn 0.3535956 0.8536569 0.3824135
v 0.0212132 0.0512132 0.0229610 0.752941 0.752941 0.752941
vn 0.3459949 0.8353068 0.4272588
v 0.0207565 0.0501106 0.0256533 0.752941 0.752941 0.752941
vn 0.3375610 0.8149462 0.4710788
v 0.0202498 0.0488873 0.0282838 0.752941 0.752941 0.752941
vn 0.3283159 0.7926250 0.5137649
v 0.0196943 0.0475463 0.0308462 0.752941 0.752941 0.752941
vn 0.3182798 0.7683969 0.5552155
v 0.0190914 0.0460907 0.0333342 0.752941 0.752941 0.752941
vn 0.3074778 0.7423183 0.5953326
v 0.0184425 0.0445240 0.0357420 0.752941 0.752941 0.752941
vn 0.2959357 0.7144537 0.6340173
v 0.0177491 0.0428501 0.0380636 0.752941 0.752941 0.752941
vn 0.2836812 0.6848685 0.6711782
v 0.0170130 0.0410730 0.0402935 0.752941 0.752941 0.752941
vn 0.2707445 0.6536353 0.7067236
v 0.0162359 0.0391969 0.0424264 0.752941 0.752941 0.752941
vn 0.2571547 0.6208285 0.7405697
v 0.0154197 0.0372264 0.0444571 0.752941 0.752941 0.752941
vn 0.2429462 0.5865249 0.7726356
v 0.0145663 0.0351662 0.0463806 0.752941 0.752941 0.752941
vn 0.2281541 0.5508114 0.8028402
v 0.0136779 0.0330213 0.0481924 0.752941 0.752941 0.752941
vn 0.2128109 0.5137700 0.8311149
v 0.0127565 0.0307968 0.0498882 0.752941 0.752941 0.752941
vn 0.1969536 0.4754890 0.8573911
v 0.0118043 0.0284981 0.0514637 0.752941 0.752941 0.752941
vn 0.1806244 0.4360656 0.8816018
v 0.0108237 0.0261308 0.0529153 0.752941 0.752941 0.752941
vn 0.1638583 0.3955891 0.9036923
v 0.0098171 0.0237006 0.0542394 0.752941 0.752941 0.752941
vn 0.1466963 0.3541561 0.9236090
v 0.0087868 0.0212132 0.0554328 0.752941 0.752941 0.752941
vn 0.1291814 0.3118728 0.9413010
v 0.0077353 0.0186747 0.0564926 0.752941 0.752941 0.752941
vn 0.1113564 0.2688367 0.9567270
v 0.0066652 0.0160913 0.0574164 0.752941 0.752941 0.752941
vn 0.0932603 0.2251497 0.9698506
v 0.0055791 0.0134691 0.0582019 0.752941 0.752941 0.752941
vn 0.0749395 0.1809210 0.9806384
v 0.0044795 0.0108144 0.0588471 0.752941 0.752941 0.752941
vn 0.0564385 0.1362561 0.9890648
v 0.0033691 0.0081337 0.0593506 0.752941 0.752941 0.752941
vn 0.0378006 0.0912587 0.9951096
v 0.0022506 0.0054334 0.0597111 0.752941 0.752941 0.752941
vn 0.0190697 0.0460387 0.9987577
v 0.0011266 0.0027200 0.0599277 0.752941 0.752941 0.752941
vn 0.0144652 0.0476862 -0.9987577
v 0.0008546 0.0028173 -0.0599277 0.752941 0.752941 0.752941
vn 0.0286737 0.0945244 -0.9951096
v 0.0017072 0.0056278 -0.0597111 0.752941 0.752941 0.752941
vn 0.0428116 0.1411319 -0.9890648
v 0.0025556 0.0084247 -0.0593506 0.752941 0.752941 0.752941
vn 0.0568459 0.1873947 -0.9806384
v 0.0033979 0.0112014 -0.0588471 0.752941 0.752941 0.752941
vn 0.0707427 0.2332065 -0.9698507
v 0.0042320 0.0139511 -0.0582019 0.752941 0.752941 0.752941
vn 0.0844694 0.2784572 -0.9567270
v 0.0050559 0.0166671 -0.0574164 0.752941 0.752941 0.752941
vn 0.0979913 0.3230333 -0.9413009
v 0.0058676 0.0193430 -0.0564926 0.752941 0.752941 0.752941
vn 0.1112763 0.3668293 -0.9236092
v 0.0066652 0.0219723 -0.0554328 0.752941 0.752941 0.752941
vn 0.1242949 0.4097451 -0.9036923
v 0.0074468 0.0245487 -0.0542394 0.752941 0.752941 0.752941
vn 0.1370128 0.4516703 -0.8816016
v 0.0082104 0.0270659 -0.0529153 0.752941 0.752941 0.752941
vn 0.1493995 0.4925043 -0.8573910
v 0.0089542 0.0295179 -0.0514637 0.752941 0.752941 0.752941
vn 0.1614278 0.5321544 -0.8311154
v 0.0096764 0.0318989 -0.0498882 0.752941 0.752941 0.752941
vn 0.1730665 0.5705219 -0.8028405
v 0.0103753 0.0342029 -0.0481924 0.752941 0.752941 0.752941
vn 0.1842872 0.6075144 -0.7726349
v 0.0110493 0.0364246 -0.0463806 0.752941 0.752941 0.752941
vn 0.1950657 0.6430441 -0.7405699
v 0.0116966 0.0385585 -0.0444571 0.752941 0.752941 0.752941
vn 0.2053741 0.6770250 -0.7067239
v 0.0123157 0.0405995 -0.0424264 0.752941 0.752941 0.752941
vn 0.2151871 0.7093774 -0.6711767
v 0.0129052 0.0425428 -0.0402935 0.752941 0.752941 0.752941
vn 0.2244820 0.7400203 -0.6340172
v 0.0134636 0.0443835 -0.0380636 0.752941 0.752941 0.752941
vn 0.2332377 0.7688810 -0.5953336
v 0.0139895 0.0461173 -0.0357420 0.752941 0.752941 0.752941
vn 0.2414317 0.7958934 -0.5552157
v 0.0144818 0.0477400 -0.0333342 0.752941 0.752941 0.752941
vn 0.2490444 0.8209886 -0.5137652
v 0.0149391 0.0492477 -0.0308462 0.752941 0.752941 0.752941
vn 0.2560576 0.8441088 -0.4710783
v 0.0153605 0.0506368 -0.0282838 0.752941 0.752941 0.752941
vn 0.2624547 0.8651979 -0.4272588
v 0.0157449 0.0519038 -0.0256533 0.752941 0.752941 0.752941
vn 0.2682199 0.8842052 -0.3824124
v 0.0160913 0.0530459 -0.0229610 0.752941 0.752941 0.752941
vn 0.2733406 0.9010848 -0.3366470
v 0.0163989 0.0540601 -0.0202134 0.752941 0.752941 0.752941
vn 0.2778045 0.9157960 -0.2900732
v 0.0166671 0.0549441 -0.0174171 0.752941 0.752941 0.752941
vn 0.2815989 0.9283049 -0.2428006
v 0.0168951 0.0556957 -0.0145788 0.752941 0.752941 0.752941
vn 0.2847159 0.9385809 -0.1949431
v 0.0170824 0.0563132 -0.0117054 0.752941 0.752941 0.752941
vn 0.2871477 0.9465988 -0.1466186
v 0.0172286 0.0567950 -0.0088038 0.752941 0.752941 0.752941
vn 0.2888888 0.9523396 -0.0979419
v 0.0173332 0.0571399 -0.0058810 0.752941 0.752941 0.752941
vn 0.2899354 0.9557894 -0.0490307
v 0.0173961 0.0573473 -0.0029441 0.752941 0.752941 0.752941
vn 0.2902841 0.9569405 0.0000003
v 0.0174171 0.0574164 0.0000000 0.752941 0.752941 0.752941
vn 0.2899354 0.9557895 0.0490301
v 0.0173961 0.0573473 0.0029441 0.752941 0.752941 0.752941
vn 0.2888882 0.9523396 0.0979426
v 0.0173332 0.0571399 0.0058810 0.752941 0.752941 0.752941
vn 0.2871480 0.9465987 0.1466184
v 0.0172286 0.0567950 0.0088038 0.752941 0.752941 0.752941
vn 0.2847165 0.9385808 0.1949427
v 0.0170824 0.0563132 0.0117054 0.752941 0.752941 0.752941
vn 0.2815985 0.9283050 0.2428007
v 0.0168951 0.0556957 0.0145788 0.752941 0.752941 0.752941
vn 0.2778036 0.9157963 0.2900729
v 0.0166671 0.0549441 0.0174171 0.752941 0.752941 0.752941
vn 0.2733406 0.9010847 0.3366473
v 0.0163989 0.0540601 0.0202134 0.752941 0.752941 0.752941
vn 0.2682204 0.8842050 0.3824124
v 0.0160913 0.0530459 0.0229610 0.752941 0.752941 0.752941
vn 0.2624546 0.8651979 0.4272589
v 0.0157449 0.0519038 0.0256533 0.752941 0.752941 0.752941
vn 0.2560576 0.8441088 0.4710783
v 0.0153605 0.0506368 0.0282838 0.752941 0.752941 0.752941
vn 0.2490443 0.8209887 0.5137650
v 0.0149391 0.0492477 0.0308462 0.752941 0.752941 0.752941
vn 0.2414316 0.7958934 0.5552158
v 0.0144818 0.0477400 0.0333342 0.752941 0.752941 0.752941
vn 0.2332376 0.7688813 0.5953334
v 0.0139895 0.0461173 0.0357420 0.752941 0.752941 0.752941
vn 0.2244820 0.7400200 0.6340176
v 0.0134636 0.0443835 0.0380636 0.752941 0.752941 0.752941
vn 0.2151874 0.7093773 0.6711769
v 0.0129052 0.0425428 0.0402935 0.752941 0.752941 0.752941
vn 0.2053742 0.6770254 0.7067235
v 0.0123157 0.0405995 0.0424264 0.752941 0.752941 0.752941
vn 0.1950658 0.6430441 0.7405699
v 0.0116966 0.0385585 0.0444571 0.752941 0.752941 0.752941
vn 0.1842876 0.6075139 0.7726351
v 0.0110493 0.0364246 0.0463806 0.752941 0.752941 0.752941
vn 0.1730664 0.5705222 0.8028402
v 0.0103753 0.0342029 0.0481924 0.752941 0.752941 0.752941
vn 0.1614274 0.5321544 0.8311154
v 0.0096764 0.0318989 0.0498882 0.752941 0.752941 0.752941
vn 0.1493995 0.4925042 0.8573910
v 0.0089542 0.0295179 0.0514637 0.752941 0.752941 0.752941
vn 0.1370129 0.4516703 0.8816016
v 0.0082104 0.0270659 0.0529153 0.752941 0.752941 0.752941
vn 0.1242951 0.4097452 0.9036922
v 0.0074468 0.0245487 0.0542394 0.752941 0.752941 0.752941
vn 0.1112761 0.3668291 0.9236093
v 0.0066652 0.0219723 0.0554328 0.752941 0.752941 0.752941
vn 0.0979912 0.3230333 0.9413009
v 0.0058676 0.0193430 0.0564926 0.752941 0.752941 0.752941
vn 0.0844698 0.2784572 0.9567270
v 0.0050559 0.0166671 0.0574164 0.752941 0.752941 0.752941
vn 0.0707426 0.2332065 0.9698507
v 0.0042320 0.0139511 0.0582019 0.752941 0.752941 0.752941
vn 0.0568458 0.1873948 0.9806384
v 0.0033979 0.0112014 0.0588471 0.752941 0.752941 0.752941
vn 0.0428116 0.1411318 0.9890648
v 0.0025556 0.0084247 0.0593506 0.752941 0.752941 0.752941
vn 0.0286738 0.0945244 0.9951096
v 0.0017072 0.0056278 0.0597111 0.752941 0.752941 0.752941
vn 0.0144652 0.0476861 0.9987577
v 0.0008546 0.0028173 0.0599277 0.752941 0.752941 0.752941
vn 0.0097218 0.0488742 -0.9987577
v 0.0005744 0.0028875 -0.0599277 0.752941 0.752941 0.752941
vn 0.0192707 0.0968798 -0.9951096
v 0.0011473 0.0057680 -0.0597111 0.752941 0.752941 0.752941
vn 0.0287733 0.1446481 -0.9890648
v 0.0017175 0.0086347 -0.0593506 0.752941 0.752941 0.752941
vn 0.0382043 0.1920643 -0.9806384
v 0.0022836 0.0114805 -0.0588471 0.752941 0.752941 0.752941
vn 0.0475434 0.2390177 -0.9698506
v 0.0028442 0.0142987 -0.0582019 0.752941 0.752941 0.752941
vn 0.0567682 0.2853960 -0.9567270
v 0.0033979 0.0170824 -0.0574164 0.752941 0.752941 0.752941
vn 0.0658564 0.3310827 -0.9413008
v 0.0039434 0.0198250 -0.0564926 0.752941 0.752941 0.752941
vn 0.0747855 0.3759696 -0.9236093
v 0.0044795 0.0225198 -0.0554328 0.752941 0.752941 0.752941
vn 0.0835339 0.4199553 -0.9036922
v 0.0050047 0.0251604 -0.0542394 0.752941 0.752941 0.752941
vn 0.0920812 0.4629250 -0.8816017
v 0.0055179 0.0277403 -0.0529153 0.752941 0.752941 0.752941
vn 0.1004064 0.5047763 -0.8573911
v 0.0060178 0.0302535 -0.0514637 0.752941 0.752941 0.752941
vn 0.1084896 0.5454149 -0.8311153
v 0.0065032 0.0326937 -0.0498882 0.752941 0.752941 0.752941
vn 0.1163110 0.5847391 -0.8028399
v 0.0069729 0.0350552 -0.0481924 0.752941 0.752941 0.752941
vn 0.1238532 0.6226513 -0.7726355
v 0.0074258 0.0373322 -0.0463806 0.752941 0.752941 0.752941
vn 0.1310969 0.6590669 -0.7405704
v 0.0078609 0.0395193 -0.0444571 0.752941 0.752941 0.752941
vn 0.1380242 0.6938960 -0.7067232
v 0.0082770 0.0416112 -0.0424264 0.752941 0.752941 0.752941
vn 0.1446198 0.7270539 -0.6711764
v 0.0086731 0.0436028 -0.0402935 0.752941 0.752941 0.752941
vn 0.1508675 0.7584591 -0.6340180
v 0.0090484 0.0454894 -0.0380636 0.752941 0.752941 0.752941
vn 0.1567512 0.7880400 -0.5953335
v 0.0094019 0.0472664 -0.0357420 0.752941 0.752941 0.752941
vn 0.1622578 0.8157256 -0.5552154
v 0.0097327 0.0489296 -0.0333342 0.752941 0.752941 0.752941
vn 0.1673745 0.8414459 -0.5137652
v 0.0100401 0.0504749 -0.0308462 0.752941 0.752941 0.752941
vn 0.1720880 0.8651425 -0.4710778
v 0.0103233 0.0518985 -0.0282838 0.752941 0.752941 0.752941
vn 0.1763872 0.8867570 -0.4272583
v 0.0105816 0.0531972 -0.0256533 0.752941 0.752941 0.752941
vn 0.1802623 0.9062372 -0.3824129
v 0.0108144 0.0543676 -0.0229610 0.752941 0.752941 0.752941
vn 0.1837035 0.9235374 -0.3366478
v 0.0110212 0.0554072 -0.0202134 0.752941 0.752941 0.752941
vn 0.1867022 0.9386163 -0.2900722
v 0.0112014 0.0563132 -0.0174171 0.752941 0.752941 0.752941
vn 0.1892522 0.9514367 -0.2428001
v 0.0113546 0.0570835 -0.0145788 0.752941 0.752941 0.752941
vn 0.1913469 0.9619684 -0.1949439
v 0.0114805 0.0577164 -0.0117054 0.752941 0.752941 0.752941
vn 0.1929820 0.9701861 -0.1466181
v 0.0115787 0.0582102 -0.0088038 0.752941 0.752941 0.752941
vn 0.1941524 0.9760699 -0.0979408
v 0.0116491 0.0585637 -0.0058810 0.752941 0.752941 0.752941
vn 0.1948562 0.9796056 -0.0490307
v 0.0116913 0.0587762 -0.0029441 0.752941 0.752941 0.752941
vn 0.1950908 0.9807852 0.0000001
v 0.0117054 0.0588471 0.0000000 0.752941 0.752941 0.752941
vn 0.1948563 0.9796056 0.0490303
v 0.0116913 0.0587762 0.0029441 0.752941 0.752941 0.752941
vn 0.1941529 0.9760697 0.0979413
v 0.0116491 0.0585637 0.0058810 0.752941 0.752941 0.752941
vn 0.1929827 0.9701861 0.1466173
v 0.0115787 0.0582102 0.0088038 0.752941 0.752941 0.752941
vn 0.1913468 0.9619684 0.1949446
v 0.0114805 0.0577164 0.0117054 0.752941 0.752941 0.752941
vn 0.1892520 0.9514367 0.2428001
v 0.0113546 0.0570835 0.0145788 0.752941 0.752941 0.752941
vn 0.1867024 0.9386163 0.2900721
v 0.0112014 0.0563132 0.0174171 0.752941 0.752941 0.752941
vn 0.1837031 0.9235375 0.3366478
v 0.0110212 0.0554072 0.0202134 0.752941 0.752941 0.752941
vn 0.1802619 0.9062373 0.3824130
v 0.0108144 0.0543676 0.0229610 0.752941 0.752941 0.752941
vn 0.1763875 0.8867569 0.4272583
v 0.0105816 0.0531972 0.0256533 0.752941 0.752941 0.752941
vn 0.1720881 0.8651424 0.4710779
v 0.0103233 0.0518985 0.0282838 0.752941 0.752941 0.752941
vn 0.1673748 0.8414460 0.5137648
v 0.0100401 0.0504749 0.0308462 0.752941 0.752941 0.752941
vn 0.1622581 0.8157253 0.5552158
v 0.0097327 0.0489296 0.0333342 0.752941 0.752941 0.752941
vn 0.1567510 0.7880400 0.5953335
v 0.0094019 0.0472664 0.0357420 0.752941 0.752941 0.752941
vn 0.1508672 0.7584593 0.6340178
v 0.0090484 0.0454894 0.0380636 0.752941 0.752941 0.752941
vn 0.1446204 0.7270538 0.6711764
v 0.0086731 0.0436028 0.0402935 0.752941 0.752941 0.752941
vn 0.1380244 0.6938958 0.7067234
v 0.0082770 0.0416112 0.0424264 0.752941 0.752941 0.752941
vn 0.1310963 0.6590670 0.7405704
v 0.0078609 0.0395193 0.0444571 0.752941 0.752941 0.752941
vn 0.1238530 0.6226516 0.7726353
v 0.0074258 0.0373322 0.0463806 0.752941 0.752941 0.752941
vn 0.1163114 0.5847386 0.8028402
v 0.0069729 0.0350552 0.0481924 0.752941 0.752941 0.752941
vn 0.1084895 0.5454149 0.8311153
v 0.0065032 0.0326937 0.0498882 0.752941 0.752941 0.752941
vn 0.1004063 0.5047764 0.8573911
v 0.0060178 0.0302535 0.0514637 0.752941 0.752941 0.752941
vn 0.0920814 0.4629250 0.8816016
v 0.0055179 0.0277403 0.0529153 0.752941 0.752941 0.752941
vn 0.0835335 0.4199550 0.9036924
v 0.0050047 0.0251604 0.0542394 0.752941 0.752941 0.752941
vn 0.0747854 0.3759699 0.9236091
v 0.0044795 0.0225198 0.0554328 0.752941 0.752941 0.752941
vn 0.0658568 0.3310827 0.9413008
v 0.0039434 0.0198250 0.0564926 0.752941 0.752941 0.752941
vn 0.0567680 0.2853958 0.9567271
v 0.0033979 0.0170824 0.0574164 0.752941 0.752941 0.752941
vn 0.0475433 0.2390177 0.9698506
v 0.0028442 0.0142987 0.0582019 0.752941 0.752941 0.752941
vn 0.0382043 0.1920644 0.9806384
v 0.0022836 0.0114805 0.0588471 0.752941 0.752941 0.752941
vn 0.0287732 0.1446483 0.9890648
v 0.0017175 0.0086347 0.0593506 0.752941 0.752941 0.752941
vn 0.0192708 0.0968797 0.9951096
v 0.0011473 0.0057680 0.0597111 0.752941 0.752941 0.752941
vn 0.0097218 0.0488742 0.9987577
v 0.0005744 0.0028875 0.0599277 0.752941 0.752941 0.752941
vn 0.0048842 0.0495920 -0.9987576
v 0.0002886 0.0029299 -0.0599277 0.752941 0.752941 0.752941
vn 0.0096821 0.0983020 -0.9951096
v 0.0005764 0.0058527 -0.0597111 0.752941 0.752941 0.752941
vn 0.0144559 0.1467722 -0.9890648
v 0.0008629 0.0087614 -0.0593506 0.752941 0.752941 0.752941
vn 0.0191943 0.1948844 -0.9806384
v 0.0011473 0.0116491 -0.0588471 0.752941 0.752941 0.752941
vn 0.0238867 0.2425271 -0.9698505
v 0.0014290 0.0145086 -0.0582019 0.752941 0.752941 0.752941
vn 0.0285211 0.2895860 -0.9567270
v 0.0017072 0.0173332 -0.0574164 0.752941 0.752941 0.752941
vn 0.0330874 0.3359429 -0.9413010
v 0.0019813 0.0201161 -0.0564926 0.752941 0.752941 0.752941
vn 0.0375734 0.3814899 -0.9236091
v 0.0022506 0.0228504 -0.0554328 0.752941 0.752941 0.752941
vn 0.0419685 0.4261213 -0.9036920
v 0.0025145 0.0255298 -0.0542394 0.752941 0.752941 0.752941
vn 0.0462635 0.4697208 -0.8816020
v 0.0027723 0.0281476 -0.0529153 0.752941 0.752941 0.752941
vn 0.0504462 0.5121873 -0.8573910
v 0.0030234 0.0306976 -0.0514637 0.752941 0.752941 0.752941
vn 0.0545068 0.5534232 -0.8311148
v 0.0032673 0.0331737 -0.0498882 0.752941 0.752941 0.752941
vn 0.0584374 0.5933229 -0.8028407
v 0.0035033 0.0355698 -0.0481924 0.752941 0.752941 0.752941
vn 0.0622259 0.6317930 -0.7726355
v 0.0037309 0.0378803 -0.0463806 0.752941 0.752941 0.752941
vn 0.0658649 0.6687440 -0.7405696
v 0.0039495 0.0400995 -0.0444571 0.752941 0.752941 0.752941
vn 0.0693458 0.7040832 -0.7067234
v 0.0041585 0.0422221 -0.0424264 0.752941 0.752941 0.752941
vn 0.0726603 0.7377269 -0.6711777
v 0.0043576 0.0442430 -0.0402935 0.752941 0.752941 0.752941
vn 0.0757984 0.7695950 -0.6340175
v 0.0045461 0.0461573 -0.0380636 0.752941 0.752941 0.752941
vn 0.0787538 0.7996104 -0.5953327
v 0.0047237 0.0479604 -0.0357420 0.752941 0.752941 0.752941
vn 0.0815213 0.8277010 -0.5552165
v 0.0048899 0.0496479 -0.0333342 0.752941 0.752941 0.752941
vn 0.0840922 0.8537995 -0.5137655
v 0.0050443 0.0512159 -0.0308462 0.752941 0.752941 0.752941
vn 0.0864599 0.8778442 -0.4710777
v 0.0051866 0.0526605 -0.0282838 0.752941 0.752941 0.752941
vn 0.0886206 0.8997756 -0.4272590
v 0.0053164 0.0539782 -0.0256533 0.752941 0.752941 0.752941
vn 0.0905676 0.9195426 -0.3824121
v 0.0054334 0.0551658 -0.0229610 0.752941 0.752941 0.752941
vn 0.0922956 0.9370970 -0.3366465
v 0.0055372 0.0562206 -0.0202134 0.752941 0.752941 0.752941
vn 0.0938026 0.9523966 -0.2900720
v 0.0056278 0.0571399 -0.0174171 0.752941 0.752941 0.752941
vn 0.0950837 0.9654055 -0.2427989
v 0.0057048 0.0579216 -0.0145788 0.752941 0.752941 0.752941
vn 0.0961362 0.9760913 -0.1949452
v 0.0057680 0.0585637 -0.0117054 0.752941 0.752941 0.752941
vn 0.0969573 0.9844298 -0.1466196
v 0.0058174 0.0590648 -0.0088038 0.752941 0.752941 0.752941
vn 0.0975465 0.9904000 -0.0979427
v 0.0058527 0.0594236 -0.0058810 0.752941 0.752941 0.752941
vn 0.0978999 0.9939877 -0.0490310
v 0.0058739 0.0596392 -0.0029441 0.752941 0.752941 0.752941
vn 0.0980176 0.9951847 -0.0000001
v 0.0058810 0.0597111 0.0000000 0.752941 0.752941 0.752941
vn 0.0978993 0.9939877 0.0490313
v 0.0058739 0.0596392 0.0029441 0.752941 0.752941 0.752941
vn 0.0975465 0.9904000 0.0979418
v 0.0058527 0.0594236 0.0058810 0.752941 0.752941 0.752941
vn 0.0969569 0.9844297 0.1466203
v 0.0058174 0.0590648 0.0088038 0.752941 0.752941 0.752941
vn 0.0961355 0.9760914 0.1949453
v 0.0057680 0.0585637 0.0117054 0.752941 0.752941 0.752941
vn 0.0950839 0.9654055 0.2427989
v 0.0057048 0.0579216 0.0145788 0.752941 0.752941 0.752941
vn 0.0938027 0.9523967 0.2900718
v 0.0056278 0.0571399 0.0174171 0.752941 0.752941 0.752941
vn 0.0922958 0.9370968 0.3366469
v 0.0055372 0.0562206 0.0202134 0.752941 0.752941 0.752941
vn 0.0905676 0.9195427 0.3824117
v 0.0054334 0.0551658 0.0229610 0.752941 0.752941 0.752941
vn 0.0886207 0.8997757 0.4272588
v 0.0053164 0.0539782 0.0256533 0.752941 0.752941 0.752941
vn 0.0864602 0.8778440 0.4710780
v 0.0051866 0.0526605 0.0282838 0.752941 0.752941 0.752941
vn 0.0840918 0.8537996 0.5137654
v 0.0050443 0.0512159 0.0308462 0.752941 0.752941 0.752941
vn 0.0815211 0.8277011 0.5552164
v 0.0048899 0.0496479 0.0333342 0.752941 0.752941 0.752941
vn 0.0787542 0.7996101 0.5953331
v 0.0047237 0.0479604 0.0357420 0.752941 0.752941 0.752941
vn 0.0757983 0.7695951 0.6340173
v 0.0045461 0.0461573 0.0380636 0.752941 0.752941 0.752941
vn 0.0726596 0.7377272 0.6711774
v 0.0043576 0.0442430 0.0402935 0.752941 0.752941 0.752941
vn 0.0693457 0.7040830 0.7067236
v 0.0041585 0.0422221 0.0424264 0.752941 0.752941 0.752941
vn 0.0658656 0.6687441 0.7405695
v 0.0039495 0.0400995 0.0444571 0.752941 0.752941 0.752941
vn 0.0622259 0.6317929 0.7726356
v 0.0037309 0.0378803 0.0463806 0.752941 0.752941 0.752941
vn 0.0584368 0.5933231 0.8028405
v 0.0035033 0.0355698 0.0481924 0.752941 0.752941 0.752941
vn 0.0545071 0.5534227 0.8311151
v 0.0032673 0.0331737 0.0498882 0.752941 0.752941 0.752941
vn 0.0504461 0.5121875 0.8573909
v 0.0030234 0.0306976 0.0514637 0.752941 0.752941 0.752941
vn 0.0462634 0.4697209 0.8816020
v 0.0027723 0.0281476 0.0529153 0.752941 0.752941 0.752941
vn 0.0419689 0.4261209 0.9036922
v 0.0025145 0.0255298 0.0542394 0.752941 0.752941 0.752941
vn 0.0375737 0.3814902 0.9236090
v 0.0022506 0.0228504 0.0554328 0.752941 0.752941 0.752941
vn 0.0330870 0.3359429 0.9413011
v 0.0019813 0.0201161 0.0564926 0.752941 0.752941 0.752941
vn 0.0285211 0.2895858 0.9567270
v 0.0017072 0.0173332 0.0574164 0.752941 0.752941 0.752941
vn 0.0238869 0.2425272 0.9698505
v 0.0014290 0.0145086 0.0582019 0.752941 0.752941 0.752941
vn 0.0191945 0.1948843 0.9806384
v 0.0011473 0.0116491 0.0588471 0.752941 0.752941 0.752941
vn 0.0144561 0.1467722 0.9890648
v 0.0008629 0.0087614 0.0593506 0.752941 0.752941 0.752941
vn 0.0096820 0.0983020 0.9951096
v 0.0005764 0.0058527 0.0597111 0.752941 0.752941 0.752941
vn 0.0048843 0.0495920 0.9987576
v 0.0002886 0.0029299 0.0599277 0.752941 0.752941 0.752941
vn 0.0000000 0.0498316 -0.9987577
v 0.0000000 0.0029441 -0.0599277 0.752941 0.752941 0.752941
vn -0.0000001 0.0987777 -0.9951096
v 0.0000000 0.0058810 -0.0597111 0.752941 0.752941 0.752941
vn 0.0000001 0.1474822 -0.9890648
v 0.0000000 0.0088038 -0.0593506 0.752941 0.752941 0.752941
vn 0.0000001 0.1958273 -0.9806384
v 0.0000000 0.0117054 -0.0588471 0.752941 0.752941 0.752941
vn 0.0000000 0.2437007 -0.9698505
v 0.0000000 0.0145788 -0.0582019 0.752941 0.752941 0.752941
vn -0.0000000 0.2909870 -0.9567270
v 0.0000000 0.0174171 -0.0574164 0.752941 0.752941 0.752941
vn -0.0000001 0.3375685 -0.9413010
v 0.0000000 0.0202134 -0.0564926 0.752941 0.752941 0.752941
vn 0.0000001 0.3833359 -0.9236090
v 0.0000000 0.0229610 -0.0554328 0.752941 0.752941 0.752941
vn 0.0000002 0.4281825 -0.9036923
v 0.0000000 0.0256533 -0.0542394 0.752941 0.752941 0.752941
vn 0.0000000 0.4719934 -0.8816021
v 0.0000000 0.0282838 -0.0529153 0.752941 0.752941 0.752941
vn -0.0000001 0.5146660 -0.8573908
v 0.0000000 0.0308462 -0.0514637 0.752941 0.752941 0.752941
vn 0.0000002 0.5561005 -0.8311151
v 0.0000000 0.0333342 -0.0498882 0.752941 0.752941 0.752941
vn -0.0000003 0.5961943 -0.8028402
v 0.0000000 0.0357420 -0.0481924 0.752941 0.752941 0.752941
vn -0.0000000 0.6348499 -0.7726355
v 0.0000000 0.0380636 -0.0463806 0.752941 0.752941 0.752941
vn 0.0000003 0.6719791 -0.7405701
v 0.0000000 0.0402935 -0.0444571 0.752941 0.752941 0.752941
vn 0.0000000 0.7074898 -0.7067236
v 0.0000000 0.0424264 -0.0424264 0.752941 0.752941 0.752941
vn -0.0000003 0.7412970 -0.6711771
v 0.0000000 0.0444571 -0.0402935 0.752941 0.752941 0.752941
vn -0.0000003 0.7733194 -0.6340167
v 0.0000000 0.0463806 -0.0380636 0.752941 0.752941 0.752941
vn 0.0000002 0.8034788 -0.5953335
v 0.0000000 0.0481924 -0.0357420 0.752941 0.752941 0.752941
vn 0.0000001 0.8317058 -0.5552167
v 0.0000000 0.0498882 -0.0333342 0.752941 0.752941 0.752941
vn -0.0000002 0.8579311 -0.5137648
v 0.0000000 0.0514637 -0.0308462 0.752941 0.752941 0.752941
vn 0.0000002 0.8820912 -0.4710788
v 0.0000000 0.0529153 -0.0282838 0.752941 0.752941 0.752941
vn 0.0000002 0.9041289 -0.4272598
v 0.0000000 0.0542394 -0.0256533 0.752941 0.752941 0.752941
vn -0.0000002 0.9239923 -0.3824110
v 0.0000000 0.0554328 -0.0229610 0.752941 0.752941 0.752941
vn -0.0000000 0.9416312 -0.3366463
v 0.0000000 0.0564926 -0.0202134 0.752941 0.752941 0.752941
vn 0.0000001 0.9570048 -0.2900723
v 0.0000000 0.0574164 -0.0174171 0.752941 0.752941 0.752941
vn 0.0000000 0.9700767 -0.2427988
v 0.0000000 0.0582019 -0.0145788 0.752941 0.752941 0.752941
vn -0.0000004 0.9808145 -0.1949435
v 0.0000000 0.0588471 -0.0117054 0.752941 0.752941 0.752941
vn 0.0000002 0.9891928 -0.1466209
v 0.0000000 0.0593506 -0.0088038 0.752941 0.752941 0.752941
vn 0.0000002 0.9951920 -0.0979433
v 0.0000000 0.0597111 -0.0058810 0.752941 0.752941 0.752941
vn -0.0000004 0.9987974 -0.0490296
v 0.0000000 0.0599277 -0.0029441 0.752941 0.752941 0.752941
vn 0.0000000 1.0000000 0.0000000
v 0.0000000 0.0600000 0.0000000 0.752941 0.752941 0.752941
vn 0.0000004 0.9987974 0.0490296
v 0.0000000 0.0599277 0.0029441 0.752941 0.752941 0.752941
vn -0.0000002 0.9951920 0.0979433
v 0.0000000 0.0597111 0.0058810 0.752941 0.752941 0.752941
vn -0.0000002 0.9891928 0.1466209
v 0.0000000 0.0593506 0.0088038 0.752941 0.752941 0.752941
vn 0.0000005 0.9808145 0.1949435
v 0.0000000 0.0588471 0.0117054 0.752941 0.752941 0.752941
vn -0.0000000 0.9700767 0.2427988
v 0.0000000 0.0582019 0.0145788 0.752941 0.752941 0.752941
vn -0.0000001 0.9570048 0.2900722
v 0.0000000 0.0574164 0.0174171 0.752941 0.752941 0.752941
vn 0.0000000 0.9416311 0.3366463
v 0.0000000 0.0564926 0.0202134 0.752941 0.752941 0.752941
vn 0.0000002 0.9239923 0.3824110
v 0.0000000 0.0554328 0.0229610 0.752941 0.752941 0.752941
vn -0.0000002 0.9041289 0.4272598
v 0.0000000 0.0542394 0.0256533 0.752941 0.752941 0.752941
vn -0.0000002 0.8820912 0.4710787
v 0.0000000 0.0529153 0.0282838 0.752941 0.752941 0.752941
vn 0.0000002 0.8579311 0.5137648
v 0.0000000 0.0514637 0.0308462 0.752941 0.752941 0.752941
vn -0.0000001 0.8317057 0.5552167
v 0.0000000 0.0498882 0.0333342 0.752941 0.752941 0.752941
vn -0.0000002 0.8034788 0.5953335
v 0.0000000 0.0481924 0.0357420 0.752941 0.752941 0.752941
vn 0.0000003 0.7733194 0.6340167
v 0.0000000 0.0463806 0.0380636 0.752941 0.752941 0.752941
vn 0.0000003 0.7412971 0.6711771
v 0.0000000 0.0444571 0.0402935 0.752941 0.752941 0.752941
vn -0.0000000 0.7074898 0.7067236
v 0.0000000 0.0424264 0.0424264 0.752941 0.752941 0.752941
vn -0.0000003 0.6719791 0.7405701
v 0.0000000 0.0402935 0.0444571 0.752941 0.752941 0.752941
vn 0.0000000 0.6348498 0.7726355
v 0.0000000 0.0380636 0.0463806 0.752941 0.752941 0.752941
vn 0.0000003 0.5961943 0.8028402
v 0.0000000 0.0357420 0.0481924 0.752941 0.752941 0.752941
vn -0.0000002 0.5561005 0.8311151
v 0.0000000 0.0333342 0.0498882 0.752941 0.752941 0.752941
vn 0.0000001 0.5146660 0.8573908
v 0.0000000 0.0308462 0.0514637 0.752941 0.752941 0.752941
vn -0.0000000 0.4719934 0.8816022
v 0.0000000 0.0282838 0.0529153 0.752941 0.752941 0.752941
vn -0.0000002 0.4281825 0.9036923
v 0.0000000 0.0256533 0.0542394 0.752941 0.752941 0.752941
vn -0.0000001 0.3833359 0.9236090
v 0.0000000 0.0229610 0.0554328 0.752941 0.752941 0.752941
vn 0.0000001 0.3375685 0.9413010
v 0.0000000 0.0202134 0.0564926 0.752941 0.752941 0.752941
vn 0.0000000 0.2909870 0.9567270
v 0.0000000 0.0174171 0.0574164 0.752941 0.752941 0.752941
vn -0.0000000 0.2437006 0.9698505
v 0.0000000 0.0145788 0.0582019 0.752941 0.752941 0.752941
vn -0.0000001 0.1958273 0.9806384
v 0.0000000 0.0117054 0.0588471 0.752941 0.752941 0.752941
vn -0.0000001 0.1474822 0.9890648
v 0.0000000 0.0088038 0.0593506 0.752941 0.752941 0.752941
vn 0.0000001 0.0987777 0.9951096
v 0.0000000 0.0058810 0.0597111 0.752941 0.752941 0.752941
vn -0.0000000 0.0498316 0.9987577
v 0.0000000 0.0029441 0.0599277 0.752941 0.752941 0.752941
vn -0.0048843 0.0495920 -0.9987576
v -0.0002886 0.0029299 -0.0599277 0.752941 0.752941 0.752941
vn -0.0096820 0.0983020 -0.9951096
v -0.0005764 0.0058527 -0.0597111 0.752941 0.752941 0.752941
vn -0.0144560 0.1467723 -0.9890648
v -0.0008629 0.0087614 -0.0593506 0.752941 0.752941 0.752941
vn -0.0191945 0.1948843 -0.9806384
v -0.0011473 0.0116491 -0.0588471 0.752941 0.752941 0.752941
vn -0.0238869 0.2425272 -0.9698505
v -0.0014290 0.0145086 -0.0582019 0.752941 0.752941 0.752941
vn -0.0285211 0.2895858 -0.9567270
v -0.0017072 0.0173332 -0.0574164 0.752941 0.752941 0.752941
vn -0.0330870 0.3359429 -0.9413011
v -0.0019813 0.0201161 -0.0564926 0.752941 0.752941 0.752941
vn -0.0375737 0.3814902 -0.9236090
v -0.0022506 0.0228504 -0.0554328 0.752941 0.752941 0.752941
vn -0.0419689 0.4261209 -0.9036922
v -0.0025145 0.0255298 -0.0542394 0.752941 0.752941 0.752941
vn -0.0462634 0.4697209 -0.8816019
v -0.0027723 0.0281476 -0.0529153 0.752941 0.752941 0.752941
vn -0.0504461 0.5121875 -0.8573909
v -0.0030234 0.0306976 -0.0514637 0.752941 0.752941 0.752941
vn -0.0545071 0.5534228 -0.8311151
v -0.0032673 0.0331737 -0.0498882 0.752941 0.752941 0.752941
vn -0.0584368 0.5933231 -0.8028405
v -0.0035033 0.0355698 -0.0481924 0.752941 0.752941 0.752941
vn -0.0622259 0.6317928 -0.7726356
v -0.0037309 0.0378803 -0.0463806 0.752941 0.752941 0.752941
vn -0.0658656 0.6687440 -0.7405695
v -0.0039495 0.0400995 -0.0444571 0.752941 0.752941 0.752941
vn -0.0693457 0.7040830 -0.7067236
v -0.0041585 0.0422221 -0.0424264 0.752941 0.752941 0.752941
vn -0.0726596 0.7377272 -0.6711774
v -0.0043576 0.0442430 -0.0402935 0.752941 0.752941 0.752941
vn -0.0757983 0.7695951 -0.6340173
v -0.0045461 0.0461573 -0.0380636 0.752941 0.752941 0.752941
vn -0.0787542 0.7996101 -0.5953331
v -0.0047237 0.0479604 -0.0357420 0.752941 0.752941 0.752941
vn -0.0815211 0.8277011 -0.5552164
v -0.0048899 0.0496479 -0.0333342 0.752941 0.752941 0.752941
vn -0.0840917 0.8537996 -0.5137654
v -0.0050443 0.0512159 -0.0308462 0.752941 0.752941 0.752941
vn -0.0864601 0.8778440 -0.4710780
v -0.0051866 0.0526605 -0.0282838 0.752941 0.752941 0.752941
vn -0.0886207 0.8997757 -0.4272588
v -0.0053164 0.0539782 -0.0256533 0.752941 0.752941 0.752941
vn -0.0905676 0.9195427 -0.3824116
v -0.0054334 0.0551658 -0.0229610 0.752941 0.752941 0.752941
vn -0.0922958 0.9370968 -0.3366470
v -0.0055372 0.0562206 -0.0202134 0.752941 0.752941 0.752941
vn -0.0938027 0.9523967 -0.2900718
v -0.0056278 0.0571399 -0.0174171 0.752941 0.752941 0.752941
vn -0.0950839 0.9654055 -0.2427989
v -0.0057048 0.0579216 -0.0145788 0.752941 0.752941 0.752941
vn -0.0961355 0.9760914 -0.1949453
v -0.0057680 0.0585637 -0.0117054 0.752941 0.752941 0.752941
vn -0.0969569 0.9844297 -0.1466203
v -0.0058174 0.0590648 -0.0088038 0.752941 0.752941 0.752941
vn -0.0975465 0.9904000 -0.0979418
v -0.0058527 0.0594236 -0.0058810 0.752941 0.752941 0.752941
vn -0.0978993 0.9939877 -0.0490313
v -0.0058739 0.0596392 -0.0029441 0.752941 0.752941 0.752941
vn -0.0980176 0.9951847 0.0000001
v -0.0058810 0.0597111 0.0000000 0.752941 0.752941 0.752941
vn -0.0978999 0.9939877 0.0490310
v -0.0058739 0.0596392 0.0029441 0.752941 0.752941 0.752941
vn -0.0975465 0.9904000 0.0979426
v -0.0058527 0.0594236 0.0058810 0.752941 0.752941 0.752941
vn -0.0969573 0.9844298 0.1466196
v -0.0058174 0.0590648 0.0088038 0.752941 0.752941 0.752941
vn -0.0961362 0.9760913 0.1949453
v -0.0057680 0.0585637 0.0117054 0.752941 0.752941 0.752941
vn -0.0950837 0.9654055 0.2427989
v -0.0057048 0.0579216 0.0145788 0.752941 0.752941 0.752941
vn -0.0938026 0.9523966 0.2900720
v -0.0056278 0.0571399 0.0174171 0.752941 0.752941 0.752941
vn -0.0922956 0.9370970 0.3366464
v -0.0055372 0.0562206 0.0202134 0.752941 0.752941 0.752941
vn -0.0905676 0.9195426 0.3824121
v -0.0054334 0.0551658 0.0229610 0.752941 0.752941 0.752941
vn -0.0886206 0.8997756 0.4272590
v -0.0053164 0.0539782 0.0256533 0.752941 0.752941 0.752941
vn -0.0864599 0.8778442 0.4710778
v -0.0051866 0.0526605 0.0282838 0.752941 0.752941 0.752941
vn -0.0840921 0.8537995 0.5137655
v -0.0050443 0.0512159 0.0308462 0.752941 0.752941 0.752941
vn -0.0815213 0.8277010 0.5552165
v -0.0048899 0.0496479 0.0333342 0.752941 0.752941 0.752941
vn -0.0787538 0.7996104 0.5953327
v -0.0047237 0.0479604 0.0357420 0.752941 0.752941 0.752941
vn -0.0757984 0.7695950 0.6340176
v -0.0045461 0.0461573 0.0380636 0.752941 0.752941 0.752941
vn -0.0726603 0.7377269 0.6711777
v -0.0043576 0.0442430 0.0402935 0.752941 0.752941 0.752941
vn -0.0693458 0.7040831 0.7067235
v -0.0041585 0.0422221 0.0424264 0.752941 0.752941 0.752941
vn -0.0658649 0.6687440 0.7405695
v -0.0039495 0.0400995 0.0444571 0.752941 0.752941 0.752941
vn -0.0622259 0.6317930 0.7726355
v -0.0037309 0.0378803 0.0463806 0.752941 0.752941 0.752941
vn -0.0584374 0.5933229 0.8028407
v -0.0035033 0.0355698 0.0481924 0.752941 0.752941 0.752941
vn -0.0545068 0.5534232 0.8311148
v -0.0032673 0.0331737 0.0498882 0.752941 0.752941 0.752941
vn -0.0504462 0.5121872 0.8573911
v -0.0030234 0.0306976 0.0514637 0.752941 0.752941 0.752941
vn -0.0462635 0.4697208 0.8816020
v -0.0027723 0.0281476 0.0529153 0.752941 0.752941 0.752941
vn -0.0419685 0.4261213 0.9036920
v -0.0025145 0.0255298 0.0542394 0.752941 0.752941 0.752941
vn -0.0375734 0.3814899 0.9236090
v -0.0022506 0.0228504 0.0554328 0.752941 0.752941 0.752941
vn -0.0330874 0.3359429 0.9413010
v -0.0019813 0.0201161 0.0564926 0.752941 0.752941 0.752941
vn -0.0285211 0.2895860 0.9567270
v -0.0017072 0.0173332 0.0574164 0.752941 0.752941 0.752941
vn -0.0238867 0.2425271 0.9698505
v -0.0014290 0.0145086 0.0582019 0.752941 0.752941 0.752941
vn -0.0191943 0.1948844 0.9806384
v -0.0011473 0.0116491 0.0588471 0.752941 0.752941 0.752941
vn -0.0144559 0.1467722 0.9890648
v -0.0008629 0.0087614 0.0593506 0.752941 0.752941 0.752941
vn -0.0096821 0.0983020 0.9951096
v -0.0005764 0.0058527 0.0597111 0.752941 0.752941 0.752941
vn -0.0048842 0.0495920 0.9987576
v -0.0002886 0.0029299 0.0599277 0.752941 0.752941 0.752941
vn -0.0097218 0.0488742 -0.9987577
v -0.0005744 0.0028875 -0.0599277 0.752941 0.752941 0.752941
vn -0.0192707 0.0968797 -0.9951096
v -0.0011473 0.0057680 -0.0597111 0.752941 0.752941 0.752941
vn -0.0287732 0.1446483 -0.9890648
v -0.0017175 0.0086347 -0.0593506 0.752941 0.752941 0.752941
vn -0.0382043 0.1920644 -0.9806384
v -0.0022836 0.0114805 -0.0588471 0.752941 0.752941 0.752941
vn -0.0475433 0.2390177 -0.9698506
v -0.0028442 0.0142987 -0.0582019 0.752941 0.752941 0.752941
vn -0.0567680 0.2853958 -0.9567271
v -0.0033979 0.0170824 -0.0574164 0.752941 0.752941 0.752941
vn -0.0658568 0.3310827 -0.9413008
v -0.0039434 0.0198250 -0.0564926 0.752941 0.752941 0.752941
vn -0.0747854 0.3759699 -0.9236091
v -0.0044795 0.0225198 -0.0554328 0.752941 0.752941 0.752941
vn -0.0835335 0.4199550 -0.9036924
v -0.0050047 0.0251604 -0.0542394 0.752941 0.752941 0.752941
vn -0.0920814 0.4629250 -0.8816017
v -0.0055179 0.0277403 -0.0529153 0.752941 0.752941 0.752941
vn -0.1004063 0.5047764 -0.8573911
v -0.0060178 0.0302535 -0.0514637 0.752941 0.752941 0.752941
vn -0.1084895 0.5454149 -0.8311152
v -0.0065032 0.0326937 -0.0498882 0.752941 0.752941 0.752941
vn -0.1163115 0.5847387 -0.8028402
v -0.0069729 0.0350552 -0.0481924 0.752941 0.752941 0.752941
vn -0.1238530 0.6226516 -0.7726353
v -0.0074258 0.0373322 -0.0463806 0.752941 0.752941 0.752941
vn -0.1310963 0.6590670 -0.7405703
v -0.0078609 0.0395193 -0.0444571 0.752941 0.752941 0.752941
vn -0.1380244 0.6938958 -0.7067234
v -0.0082770 0.0416112 -0.0424264 0.752941 0.752941 0.752941
vn -0.1446204 0.7270538 -0.6711764
v -0.0086731 0.0436028 -0.0402935 0.752941 0.752941 0.752941
vn -0.1508672 0.7584593 -0.6340178
v -0.0090484 0.0454894 -0.0380636 0.752941 0.752941 0.752941
vn -0.1567510 0.7880400 -0.5953336
v -0.0094019 0.0472664 -0.0357420 0.752941 0.752941 0.752941
vn -0.1622581 0.8157253 -0.5552158
v -0.0097327 0.0489296 -0.0333342 0.752941 0.752941 0.752941
vn -0.1673748 0.8414460 -0.5137648
v -0.0100401 0.0504749 -0.0308462 0.752941 0.752941 0.752941
vn -0.1720881 0.8651424 -0.4710779
v -0.0103233 0.0518985 -0.0282838 0.752941 0.752941 0.752941
vn -0.1763875 0.8867570 -0.4272583
v -0.0105816 0.0531972 -0.0256533 0.752941 0.752941 0.752941
vn -0.1802619 0.9062373 -0.3824129
v -0.0108144 0.0543676 -0.0229610 0.752941 0.752941 0.752941
vn -0.1837031 0.9235375 -0.3366478
v -0.0110212 0.0554072 -0.0202134 0.752941 0.752941 0.752941
vn -0.1867024 0.9386163 -0.2900721
v -0.0112014 0.0563132 -0.0174171 0.752941 0.752941 0.752941
vn -0.1892520 0.9514367 -0.2428001
v -0.0113546 0.0570835 -0.0145788 0.752941 0.752941 0.752941
vn -0.1913468 0.9619684 -0.1949446
v -0.0114805 0.0577164 -0.0117054 0.752941 0.752941 0.752941
vn -0.1929827 0.9701861 -0.1466173
v -0.0115787 0.0582102 -0.0088038 0.752941 0.752941 0.752941
vn -0.1941529 0.9760697 -0.0979413
v -0.0116491 0.0585637 -0.0058810 0.752941 0.752941 0.752941
vn -0.1948563 0.9796056 -0.0490303
v -0.0116913 0.0587762 -0.0029441 0.752941 0.752941 0.752941
vn -0.1950908 0.9807852 -0.0000001
v -0.0117054 0.0588471 0.0000000 0.752941 0.752941 0.752941
vn -0.1948562 0.9796056 0.0490307
v -0.0116913 0.0587762 0.0029441 0.752941 0.752941 0.752941
vn -0.1941524 0.9760699 0.0979408
v -0.0116491 0.0585637 0.0058810 0.752941 0.752941 0.752941
vn -0.1929820 0.9701861 0.1466181
v -0.0115787 0.0582102 0.0088038 0.752941 0.752941 0.752941
vn -0.1913469 0.9619684 0.1949439
v -0.0114805 0.0577164 0.0117054 0.752941 0.752941 0.752941
vn -0.1892521 0.9514367 0.2428001
v -0.0113546 0.0570835 0.0145788 0.752941 0.752941 0.752941
vn -0.1867022 0.9386163 0.2900722
v -0.0112014 0.0563132 0.0174171 0.752941 0.752941 0.752941
vn -0.1837035 0.9235374 0.3366478
v -0.0110212 0.0554072 0.0202134 0.752941 0.752941 0.752941
vn -0.1802624 0.9062372 0.3824129
v -0.0108144 0.0543676 0.0229610 0.752941 0.752941 0.752941
vn -0.1763872 0.8867570 0.4272583
v -0.0105816 0.0531972 0.0256533 0.752941 0.752941 0.752941
vn -0.1720880 0.8651425 0.4710778
v -0.0103233 0.0518985 0.0282838 0.752941 0.752941 0.752941
vn -0.1673745 0.8414459 0.5137651
v -0.0100401 0.0504749 0.0308462 0.752941 0.752941 0.752941
vn -0.1622578 0.8157256 0.5552155
v -0.0097327 0.0489296 0.0333342 0.752941 0.752941 0.752941
vn -0.1567512 0.7880400 0.5953336
v -0.0094019 0.0472664 0.0357420 0.752941 0.752941 0.752941
vn -0.1508675 0.7584591 0.6340180
v -0.0090484 0.0454894 0.0380636 0.752941 0.752941 0.752941
vn -0.1446198 0.7270539 0.6711764
v -0.0086731 0.0436028 0.0402935 0.752941 0.752941 0.752941
vn -0.1380242 0.6938960 0.7067232
v -0.0082770 0.0416112 0.0424264 0.752941 0.752941 0.752941
vn -0.1310969 0.6590669 0.7405704
v -0.0078609 0.0395193 0.0444571 0.752941 0.752941 0.752941
vn -0.1238532 0.6226515 0.7726355
v -0.0074258 0.0373322 0.0463806 0.752941 0.752941 0.752941
vn -0.1163110 0.5847391 0.8028399
v -0.0069729 0.0350552 0.0481924 0.752941 0.752941 0.752941
vn -0.1084896 0.5454149 0.8311153
v -0.0065032 0.0326937 0.0498882 0.752941 0.752941 0.752941
vn -0.1004064 0.5047762 0.8573911
v -0.0060178 0.0302535 0.0514637 0.752941 0.752941 0.752941
vn -0.0920812 0.4629250 0.8816017
v -0.0055179 0.0277403 0.0529153 0.752941 0.752941 0.752941
vn -0.0835339 0.4199553 0.9036922
v -0.0050047 0.0251604 0.0542394 0.752941 0.752941 0.752941
vn -0.0747855 0.3759696 0.9236093
v -0.0044795 0.0225198 0.0554328 0.752941 0.752941 0.752941
vn -0.0658564 0.3310827 0.9413008
v -0.0039434 0.0198250 0.0564926 0.752941 0.752941 0.752941
vn -0.0567682 0.2853960 0.9567270
v -0.0033979 0.0170824 0.0574164 0.752941 0.752941 0.752941
vn -0.0475434 0.2390177 0.9698506
v -0.0028442 0.0142987 0.0582019 0.752941 0.752941 0.752941
vn -0.0382043 0.1920644 0.9806384
v -0.0022836 0.0114805 0.0588471 0.752941 0.752941 0.752941
vn -0.0287733 0.1446481 0.9890648
v -0.0017175 0.0086347 0.0593506 0.752941 0.752941 0.752941
vn -0.0192707 0.0968798 0.9951096
v -0.0011473 0.0057680 0.0597111 0.752941 0.752941 0.752941
vn -0.0097218 0.0488742 0.9987577
v -0.0005744 0.0028875 0.0599277 0.752941 0.752941 0.752941
vn -0.0144652 0.0476861 -0.9987577
v -0.0008546 0.0028173 -0.0599277 0.752941 0.752941 0.752941
vn -0.0286738 0.0945245 -0.9951096
v -0.0017072 0.0056278 -0.0597111 0.752941 0.752941 0.752941
vn -0.0428116 0.1411318 -0.9890648
v -0.0025556 0.0084247 -0.0593506 0.752941 0.752941 0.752941
vn -0.0568458 0.1873948 -0.9806384
v -0.0033979 0.0112014 -0.0588471 0.752941 0.752941 0.752941
vn -0.0707426 0.2332065 -0.9698507
v -0.0042320 0.0139511 -0.0582019 0.752941 0.752941 0.752941
vn -0.0844698 0.2784572 -0.9567270
v -0.0050559 0.0166671 -0.0574164 0.752941 0.752941 0.752941
vn -0.0979912 0.3230333 -0.9413009
v -0.0058676 0.0193430 -0.0564926 0.752941 0.752941 0.752941
vn -0.1112761 0.3668291 -0.9236093
v -0.0066652 0.0219723 -0.0554328 0.752941 0.752941 0.752941
vn -0.1242951 0.4097452 -0.9036922
v -0.0074468 0.0245487 -0.0542394 0.752941 0.752941 0.752941
vn -0.1370129 0.4516703 -0.8816016
v -0.0082104 0.0270659 -0.0529153 0.752941 0.752941 0.752941
vn -0.1493995 0.4925042 -0.8573910
v -0.0089542 0.0295179 -0.0514637 0.752941 0.752941 0.752941
vn -0.1614274 0.5321544 -0.8311154
v -0.0096764 0.0318989 -0.0498882 0.752941 0.752941 0.752941
vn -0.1730664 0.5705222 -0.8028402
v -0.0103753 0.0342029 -0.0481924 0.752941 0.752941 0.752941
vn -0.1842876 0.6075140 -0.7726350
v -0.0110493 0.0364246 -0.0463806 0.752941 0.752941 0.752941
vn -0.1950658 0.6430440 -0.7405699
v -0.0116966 0.0385585 -0.0444571 0.752941 0.752941 0.752941
vn -0.2053742 0.6770254 -0.7067235
v -0.0123157 0.0405995 -0.0424264 0.752941 0.752941 0.752941
vn -0.2151874 0.7093773 -0.6711769
v -0.0129052 0.0425428 -0.0402935 0.752941 0.752941 0.752941
vn -0.2244820 0.7400200 -0.6340176
v -0.0134636 0.0443835 -0.0380636 0.752941 0.752941 0.752941
vn -0.2332375 0.7688813 -0.5953333
v -0.0139895 0.0461173 -0.0357420 0.752941 0.752941 0.752941
vn -0.2414316 0.7958934 -0.5552158
v -0.0144818 0.0477400 -0.0333342 0.752941 0.752941 0.752941
vn -0.2490443 0.8209887 -0.5137651
v -0.0149391 0.0492477 -0.0308462 0.752941 0.752941 0.752941
vn -0.2560576 0.8441089 -0.4710783
v -0.0153605 0.0506368 -0.0282838 0.752941 0.752941 0.752941
vn -0.2624546 0.8651979 -0.4272589
v -0.0157449 0.0519038 -0.0256533 0.752941 0.752941 0.752941
vn -0.2682204 0.8842050 -0.3824124
v -0.0160913 0.0530459 -0.0229610 0.752941 0.752941 0.752941
vn -0.2733406 0.9010846 -0.3366473
v -0.0163989 0.0540601 -0.0202134 0.752941 0.752941 0.752941
vn -0.2778036 0.9157963 -0.2900729
v -0.0166671 0.0549441 -0.0174171 0.752941 0.752941 0.752941
vn -0.2815985 0.9283050 -0.2428007
v -0.0168951 0.0556957 -0.0145788 0.752941 0.752941 0.752941
vn -0.2847165 0.9385808 -0.1949428
v -0.0170824 0.0563132 -0.0117054 0.752941 0.752941 0.752941
vn -0.2871480 0.9465987 -0.1466184
v -0.0172286 0.0567950 -0.0088038 0.752941 0.752941 0.752941
vn -0.2888882 0.9523396 -0.0979426
v -0.0173332 0.0571399 -0.0058810 0.752941 0.752941 0.752941
vn -0.2899354 0.9557895 -0.0490301
v -0.0173961 0.0573473 -0.0029441 0.752941 0.752941 0.752941
vn -0.2902842 0.9569405 -0.0000003
v -0.0174171 0.0574164 0.0000000 0.752941 0.752941 0.752941
vn -0.2899354 0.9557894 0.0490307
v -0.0173961 0.0573473 0.0029441 0.752941 0.752941 0.752941
vn -0.2888888 0.9523396 0.0979419
v -0.0173332 0.0571399 0.0058810 0.752941 0.752941 0.752941
vn -0.2871477 0.9465987 0.1466186
v -0.0172286 0.0567950 0.0088038 0.752941 0.752941 0.752941
vn -0.2847158 0.9385809 0.1949430
v -0.0170824 0.0563132 0.0117054 0.752941 0.752941 0.752941
vn -0.2815989 0.9283049 0.2428006
v -0.0168951 0.0556957 0.0145788 0.752941 0.752941 0.752941
vn -0.2778045 0.9157960 0.2900732
v -0.0166671 0.0549441 0.0174171 0.752941 0.752941 0.752941
vn -0.2733406 0.9010848 0.3366469
v -0.0163989 0.0540601 0.0202134 0.752941 0.752941 0.752941
vn -0.2682199 0.8842052 0.3824124
v -0.0160913 0.0530459 0.0229610 0.752941 0.752941 0.752941
vn -0.2624547 0.8651979 0.4272588
v -0.0157449 0.0519038 0.0256533 0.752941 0.752941 0.752941
vn -0.2560576 0.8441088 0.4710783
v -0.0153605 0.0506368 0.0282838 0.752941 0.752941 0.752941
vn -0.2490444 0.8209886 0.5137652
v -0.0149391 0.0492477 0.0308462 0.752941 0.752941 0.752941
vn -0.2414317 0.7958934 0.5552156
v -0.0144818 0.0477400 0.0333342 0.752941 0.752941 0.752941
vn -0.2332377 0.7688810 0.5953336
v -0.0139895 0.0461173 0.0357420 0.752941 0.752941 0.752941
vn -0.2244820 0.7400203 0.6340172
v -0.0134636 0.0443835 0.0380636 0.752941 0.752941 0.752941
vn -0.2151871 0.7093774 0.6711767
v -0.0129052 0.0425428 0.0402935 0.752941 0.752941 0.752941
vn -0.2053741 0.6770250 0.7067239
v -0.0123157 0.0405995 0.0424264 0.752941 0.752941 0.752941
vn -0.1950657 0.6430441 0.7405699
v -0.0116966 0.0385585 0.0444571 0.752941 0.752941 0.752941
vn -0.1842872 0.6075144 0.7726348
v -0.0110493 0.0364246 0.0463806 0.752941 0.752941 0.752941
vn -0.1730666 0.5705219 0.8028405
v -0.0103753 0.0342029 0.0481924 0.752941 0.752941 0.752941
vn -0.1614278 0.5321544 0.8311154
v -0.0096764 0.0318989 0.0498882 0.752941 0.752941 0.752941
vn -0.1493996 0.4925044 0.8573909
v -0.0089542 0.0295179 0.0514637 0.752941 0.752941 0.752941
vn -0.1370127 0.4516703 0.8816016
v -0.0082104 0.0270659 0.0529153 0.752941 0.752941 0.752941
vn -0.1242949 0.4097451 0.9036923
v -0.0074468 0.0245487 0.0542394 0.752941 0.752941 0.752941
vn -0.1112763 0.3668293 0.9236092
v -0.0066652 0.0219723 0.0554328 0.752941 0.752941 0.752941
vn -0.0979913 0.3230332 0.9413009
v -0.0058676 0.0193430 0.0564926 0.752941 0.752941 0.752941
vn -0.0844694 0.2784572 0.9567270
v -0.0050559 0.0166671 0.0574164 0.752941 0.752941 0.752941
vn -0.0707427 0.2332065 0.9698506
v -0.0042320 0.0139511 0.0582019 0.752941 0.752941 0.752941
vn -0.0568459 0.1873947 0.9806385
v -0.0033979 0.0112014 0.0588471 0.752941 0.752941 0.752941
vn -0.0428116 0.1411319 0.9890648
v -0.0025556 0.0084247 0.0593506 0.752941 0.752941 0.752941
vn -0.0286737 0.0945244 0.9951096
v -0.0017072 0.0056278 0.0597111 0.752941 0.752941 0.752941
vn -0.0144652 0.0476862 0.9987577
v -0.0008546 0.0028173 0.0599277 0.752941 0.752941 0.752941
vn -0.0190697 0.0460387 -0.9987577
v -0.0011266 0.0027200 -0.0599277 0.752941 0.752941 0.752941
vn -0.0378006 0.0912587 -0.9951096
v -0.0022506 0.0054334 -0.0597111 0.752941 0.752941 0.752941
vn -0.0564385 0.1362561 -0.9890648
v -0.0033691 0.0081337 -0.0593506 0.752941 0.752941 0.752941
vn -0.0749395 0.1809210 -0.9806384
v -0.0044795 0.0108144 -0.0588471 0.752941 0.752941 0.752941
vn -0.0932603 0.2251497 -0.9698506
v -0.0055791 0.0134691 -0.0582019 0.752941 0.752941 0.752941
vn -0.1113564 0.2688367 -0.9567270
v -0.0066652 0.0160913 -0.0574164 0.752941 0.752941 0.752941
vn -0.1291814 0.3118728 -0.9413010
v -0.0077353 0.0186747 -0.0564926 0.752941 0.752941 0.752941
vn -0.1466964 0.3541561 -0.9236090
v -0.0087868 0.0212132 -0.0554328 0.752941 0.752941 0.752941
vn -0.1638583 0.3955891 -0.9036922
v -0.0098171 0.0237006 -0.0542394 0.752941 0.752941 0.752941
vn -0.1806244 0.4360656 -0.8816018
v -0.0108237 0.0261308 -0.0529153 0.752941 0.752941 0.752941
vn -0.1969536 0.4754890 -0.8573911
v -0.0118043 0.0284981 -0.0514637 0.752941 0.752941 0.752941
vn -0.2128109 0.5137700 -0.8311149
v -0.0127565 0.0307968 -0.0498882 0.752941 0.752941 0.752941
vn -0.2281542 0.5508114 -0.8028402
v -0.0136779 0.0330213 -0.0481924 0.752941 0.752941 0.752941
vn -0.2429463 0.5865249 -0.7726355
v -0.0145663 0.0351662 -0.0463806 0.752941 0.752941 0.752941
vn -0.2571547 0.6208285 -0.7405697
v -0.0154197 0.0372264 -0.0444571 0.752941 0.752941 0.752941
vn -0.2707445 0.6536354 -0.7067236
v -0.0162359 0.0391969 -0.0424264 0.752941 0.752941 0.752941
vn -0.2836812 0.6848685 -0.6711782
v -0.0170130 0.0410730 -0.0402935 0.752941 0.752941 0.752941
vn -0.2959357 0.7144537 -0.6340174
v -0.0177491 0.0428501 -0.0380636 0.752941 0.752941 0.752941
vn -0.3074778 0.7423183 -0.5953326
v -0.0184425 0.0445240 -0.0357420 0.752941 0.752941 0.752941
vn -0.3182798 0.7683969 -0.5552155
v -0.0190914 0.0460907 -0.0333342 0.752941 0.752941 0.752941
vn -0.3283160 0.7926250 -0.5137649
v -0.0196943 0.0475463 -0.0308462 0.752941 0.752941 0.752941
vn -0.3375610 0.8149462 -0.4710788
v -0.0202498 0.0488873 -0.0282838 0.752941 0.752941 0.752941
vn -0.3459949 0.8353068 -0.4272588
v -0.0207565 0.0501106 -0.0256533 0.752941 0.752941 0.752941
vn -0.3535956 0.8536569 -0.3824134
v -0.0212132 0.0512132 -0.0229610 0.752941 0.752941 0.752941
vn -0.3603462 0.8699538 -0.3366468
v -0.0216188 0.0521924 -0.0202134 0.752941 0.752941 0.752941
vn -0.3662305 0.8841575 -0.2900703
v -0.0219723 0.0530459 -0.0174171 0.752941 0.752941 0.752941
vn -0.3712325 0.8962337 -0.2427995
v -0.0222729 0.0537715 -0.0145788 0.752941 0.752941 0.752941
vn -0.3753414 0.9061543 -0.1949441
v -0.0225198 0.0543676 -0.0117054 0.752941 0.752941 0.752941
vn -0.3785471 0.9138952 -0.1466208
v -0.0227125 0.0548328 -0.0088038 0.752941 0.752941 0.752941
vn -0.3808437 0.9194377 -0.0979413
v -0.0228504 0.0551658 -0.0058810 0.752941 0.752941 0.752941
vn -0.3822227 0.9227687 -0.0490304
v -0.0229333 0.0553660 -0.0029441 0.752941 0.752941 0.752941
vn -0.3826833 0.9238796 0.0000003
v -0.0229610 0.0554328 0.0000000 0.752941 0.752941 0.752941
vn -0.3822227 0.9227687 0.0490298
v -0.0229333 0.0553660 0.0029441 0.752941 0.752941 0.752941
vn -0.3808431 0.9194378 0.0979417
v -0.0228504 0.0551658 0.0058810 0.752941 0.752941 0.752941
vn -0.3785478 0.9138950 0.1466204
v -0.0227125 0.0548328 0.0088038 0.752941 0.752941 0.752941
vn -0.3753418 0.9061541 0.1949445
v -0.0225198 0.0543676 0.0117054 0.752941 0.752941 0.752941
vn -0.3712321 0.8962339 0.2427993
v -0.0222729 0.0537715 0.0145788 0.752941 0.752941 0.752941
vn -0.3662296 0.8841578 0.2900706
v -0.0219723 0.0530459 0.0174171 0.752941 0.752941 0.752941
vn -0.3603461 0.8699540 0.3366464
v -0.0216188 0.0521924 0.0202134 0.752941 0.752941 0.752941
vn -0.3535960 0.8536567 0.3824137
v -0.0212132 0.0512132 0.0229610 0.752941 0.752941 0.752941
vn -0.3459950 0.8353068 0.4272588
v -0.0207565 0.0501106 0.0256533 0.752941 0.752941 0.752941
vn -0.3375611 0.8149463 0.4710786
v -0.0202498 0.0488873 0.0282838 0.752941 0.752941 0.752941
vn -0.3283157 0.7926249 0.5137652
v -0.0196943 0.0475463 0.0308462 0.752941 0.752941 0.752941
vn -0.3182799 0.7683969 0.5552155
v -0.0190914 0.0460907 0.0333342 0.752941 0.752941 0.752941
vn -0.3074775 0.7423185 0.5953327
v -0.0184425 0.0445240 0.0357420 0.752941 0.752941 0.752941
vn -0.2959356 0.7144538 0.6340173
v -0.0177491 0.0428501 0.0380636 0.752941 0.752941 0.752941
vn -0.2836817 0.6848683 0.6711782
v -0.0170130 0.0410730 0.0402935 0.752941 0.752941 0.752941
vn -0.2707447 0.6536347 0.7067242
v -0.0162359 0.0391969 0.0424264 0.752941 0.752941 0.752941
vn -0.2571549 0.6208290 0.7405692
v -0.0154197 0.0372264 0.0444571 0.752941 0.752941 0.752941
vn -0.2429463 0.5865249 0.7726356
v -0.0145663 0.0351662 0.0463806 0.752941 0.752941 0.752941
vn -0.2281538 0.5508112 0.8028405
v -0.0136779 0.0330213 0.0481924 0.752941 0.752941 0.752941
vn -0.2128106 0.5137700 0.8311149
v -0.0127565 0.0307968 0.0498882 0.752941 0.752941 0.752941
vn -0.1969537 0.4754893 0.8573909
v -0.0118043 0.0284981 0.0514637 0.752941 0.752941 0.752941
vn -0.1806244 0.4360653 0.8816019
v -0.0108237 0.0261308 0.0529153 0.752941 0.752941 0.752941
vn -0.1638585 0.3955892 0.9036922
v -0.0098171 0.0237006 0.0542394 0.752941 0.752941 0.752941
vn -0.1466962 0.3541560 0.9236091
v -0.0087868 0.0212132 0.0554328 0.752941 0.752941 0.752941
vn -0.1291817 0.3118732 0.9413009
v -0.0077353 0.0186747 0.0564926 0.752941 0.752941 0.752941
vn -0.1113564 0.2688363 0.9567271
v -0.0066652 0.0160913 0.0574164 0.752941 0.752941 0.752941
vn -0.0932603 0.2251497 0.9698506
v -0.0055791 0.0134691 0.0582019 0.752941 0.752941 0.752941
vn -0.0749394 0.1809211 0.9806384
v -0.0044795 0.0108144 0.0588471 0.752941 0.752941 0.752941
vn -0.0564385 0.1362562 0.9890648
v -0.0033691 0.0081337 0.0593506 0.752941 0.752941 0.752941
vn -0.0378006 0.0912586 0.9951096
v -0.0022506 0.0054334 0.0597111 0.752941 0.752941 0.752941
vn -0.0190697 0.0460387 0.9987577
v -0.0011266 0.0027200 0.0599277 0.752941 0.752941 0.752941
vn -0.0234908 0.0439478 -0.9987576
v -0.0013878 0.0025964 -0.0599277 0.752941 0.752941 0.752941
vn -0.0465638 0.0871140 -0.9951096
v -0.0027723 0.0051866 -0.0597111 0.752941 0.752941 0.752941
vn -0.0695224 0.1300679 -0.9890648
v -0.0041501 0.0077643 -0.0593506 0.752941 0.752941 0.752941
vn -0.0923128 0.1727043 -0.9806384
v -0.0055179 0.0103233 -0.0588471 0.752941 0.752941 0.752941
vn -0.1148794 0.2149246 -0.9698506
v -0.0068724 0.0128574 -0.0582019 0.752941 0.752941 0.752941
vn -0.1371700 0.2566274 -0.9567271
v -0.0082104 0.0153605 -0.0574164 0.752941 0.752941 0.752941
vn -0.1591290 0.2977090 -0.9413009
v -0.0095285 0.0178266 -0.0564926 0.752941 0.752941 0.752941
vn -0.1807033 0.3380719 -0.9236091
v -0.0108237 0.0202498 -0.0554328 0.752941 0.752941 0.752941
vn -0.2018442 0.3776234 -0.9036922
v -0.0120929 0.0226242 -0.0542394 0.752941 0.752941 0.752941
vn -0.2224966 0.4162612 -0.8816019
v -0.0133329 0.0249441 -0.0529153 0.752941 0.752941 0.752941
vn -0.2426118 0.4538944 -0.8573911
v -0.0145408 0.0272039 -0.0514637 0.752941 0.752941 0.752941
vn -0.2621445 0.4904372 -0.8311148
v -0.0157136 0.0293982 -0.0498882 0.752941 0.752941 0.752941
vn -0.2810439 0.5257958 -0.8028407
v -0.0168486 0.0315216 -0.0481924 0.752941 0.752941 0.752941
vn -0.2992657 0.5598871 -0.7726361
v -0.0179431 0.0335691 -0.0463806 0.752941 0.752941 0.752941
vn -0.3167695 0.5926335 -0.7405691
v -0.0189942 0.0355357 -0.0444571 0.752941 0.752941 0.752941
vn -0.3335086 0.6239505 -0.7067233
v -0.0199997 0.0374167 -0.0424264 0.752941 0.752941 0.752941
vn -0.3494447 0.6537648 -0.6711782
v -0.0209569 0.0392076 -0.0402935 0.752941 0.752941 0.752941
vn -0.3645399 0.6820063 -0.6340175
v -0.0218637 0.0409041 -0.0380636 0.752941 0.752941 0.752941
vn -0.3787576 0.7086054 -0.5953328
v -0.0227178 0.0425019 -0.0357420 0.752941 0.752941 0.752941
vn -0.3920638 0.7334998 -0.5552153
v -0.0235171 0.0439974 -0.0333342 0.752941 0.752941 0.752941
vn -0.4044253 0.7566275 -0.5137656
v -0.0242598 0.0453869 -0.0308462 0.752941 0.752941 0.752941
vn -0.4158145 0.7779351 -0.4710788
v -0.0249441 0.0466671 -0.0282838 0.752941 0.752941 0.752941
vn -0.4262039 0.7973712 -0.4272580
v -0.0255683 0.0478348 -0.0256533 0.752941 0.752941 0.752941
vn -0.4355666 0.8148877 -0.3824131
v -0.0261308 0.0488873 -0.0229610 0.752941 0.752941 0.752941
vn -0.4438826 0.8304443 -0.3366462
v -0.0266304 0.0498221 -0.0202134 0.752941 0.752941 0.752941
vn -0.4511290 0.8440029 -0.2900721
v -0.0270659 0.0506368 -0.0174171 0.752941 0.752941 0.752941
vn -0.4572902 0.8555313 -0.2428002
v -0.0274362 0.0513295 -0.0145788 0.752941 0.752941 0.752941
vn -0.4623520 0.8650014 -0.1949439
v -0.0277403 0.0518985 -0.0117054 0.752941 0.752941 0.752941
vn -0.4663024 0.8723903 -0.1466192
v -0.0279777 0.0523425 -0.0088038 0.752941 0.752941 0.752941
vn -0.4691302 0.8776810 -0.0979429
v -0.0281476 0.0526605 -0.0058810 0.752941 0.752941 0.752941
vn -0.4708300 0.8808606 -0.0490300
v -0.0282497 0.0528515 -0.0029441 0.752941 0.752941 0.752941
vn -0.4713969 0.8819212 0.0000001
v -0.0282838 0.0529153 0.0000000 0.752941 0.752941 0.752941
vn -0.4708298 0.8808606 0.0490297
v -0.0282497 0.0528515 0.0029441 0.752941 0.752941 0.752941
vn -0.4691308 0.8776807 0.0979432
v -0.0281476 0.0526605 0.0058810 0.752941 0.752941 0.752941
vn -0.4663024 0.8723903 0.1466195
v -0.0279777 0.0523425 0.0088038 0.752941 0.752941 0.752941
vn -0.4623521 0.8650015 0.1949435
v -0.0277403 0.0518985 0.0117054 0.752941 0.752941 0.752941
vn -0.4572903 0.8555313 0.2428001
v -0.0274362 0.0513295 0.0145788 0.752941 0.752941 0.752941
vn -0.4511291 0.8440029 0.2900719
v -0.0270659 0.0506368 0.0174171 0.752941 0.752941 0.752941
vn -0.4438825 0.8304439 0.3366470
v -0.0266304 0.0498221 0.0202134 0.752941 0.752941 0.752941
vn -0.4355667 0.8148879 0.3824125
v -0.0261308 0.0488873 0.0229610 0.752941 0.752941 0.752941
vn -0.4262036 0.7973713 0.4272583
v -0.0255683 0.0478348 0.0256533 0.752941 0.752941 0.752941
vn -0.4158147 0.7779353 0.4710786
v -0.0249441 0.0466671 0.0282838 0.752941 0.752941 0.752941
vn -0.4044255 0.7566274 0.5137656
v -0.0242598 0.0453869 0.0308462 0.752941 0.752941 0.752941
vn -0.3920634 0.7335002 0.5552151
v -0.0235171 0.0439974 0.0333342 0.752941 0.752941 0.752941
vn -0.3787576 0.7086052 0.5953330
v -0.0227178 0.0425019 0.0357420 0.752941 0.752941 0.752941
vn -0.3645400 0.6820063 0.6340173
v -0.0218637 0.0409041 0.0380636 0.752941 0.752941 0.752941
vn -0.3494446 0.6537647 0.6711782
v -0.0209569 0.0392076 0.0402935 0.752941 0.752941 0.752941
vn -0.3335083 0.6239507 0.7067233
v -0.0199997 0.0374167 0.0424264 0.752941 0.752941 0.752941
vn -0.3167691 0.5926338 0.7405691
v -0.0189942 0.0355357 0.0444571 0.752941 0.752941 0.752941
vn -0.2992661 0.5598869 0.7726361
v -0.0179431 0.0335691 0.0463806 0.752941 0.752941 0.752941
vn -0.2810441 0.5257956 0.8028407
v -0.0168486 0.0315216 0.0481924 0.752941 0.752941 0.752941
vn -0.2621444 0.4904371 0.8311148
v -0.0157136 0.0293982 0.0498882 0.752941 0.752941 0.752941
vn -0.2426118 0.4538946 0.8573909
v -0.0145408 0.0272039 0.0514637 0.752941 0.752941 0.752941
vn -0.2224965 0.4162611 0.8816020
v -0.0133329 0.0249441 0.0529153 0.752941 0.752941 0.752941
vn -0.2018442 0.3776234 0.9036922
v -0.0120929 0.0226242 0.0542394 0.752941 0.752941 0.752941
vn -0.1807034 0.3380720 0.9236090
v -0.0108237 0.0202498 0.0554328 0.752941 0.752941 0.752941
vn -0.1591289 0.2977090 0.9413009
v -0.0095285 0.0178266 0.0564926 0.752941 0.752941 0.752941
vn -0.1371702 0.2566273 0.9567271
v -0.0082104 0.0153605 0.0574164 0.752941 0.752941 0.752941
vn -0.1148794 0.2149249 0.9698505
v -0.0068724 0.0128574 0.0582019 0.752941 0.752941 0.752941
vn -0.0923126 0.1727042 0.9806384
v -0.0055179 0.0103233 0.0588471 0.752941 0.752941 0.752941
vn -0.0695225 0.1300680 0.9890648
v -0.0041501 0.0077643 0.0593506 0.752941 0.752941 0.752941
vn -0.0465637 0.0871140 0.9951096
v -0.0027723 0.0051866 0.0597111 0.752941 0.752941 0.752941
vn -0.0234908 0.0439478 0.9987576
v -0.0013878 0.0025964 0.0599277 0.752941 0.752941 0.752941
vn -0.0276852 0.0414335 -0.9987577
v -0.0016356 0.0024479 -0.0599277 0.752941 0.752941 0.752941
vn -0.0548782 0.0821303 -0.9951096
v -0.0032673 0.0048899 -0.0597111 0.752941 0.752941 0.752941
vn -0.0819369 0.1226270 -0.9890648
v -0.0048911 0.0073201 -0.0593506 0.752941 0.752941 0.752941
vn -0.1087964 0.1628241 -0.9806384
v -0.0065032 0.0097327 -0.0588471 0.752941 0.752941 0.752941
vn -0.1353926 0.2026294 -0.9698506
v -0.0080996 0.0121218 -0.0582019 0.752941 0.752941 0.752941
vn -0.1616640 0.2419466 -0.9567270
v -0.0096764 0.0144818 -0.0574164 0.752941 0.752941 0.752941
vn -0.1875434 0.2806779 -0.9413009
v -0.0112300 0.0168068 -0.0564926 0.752941 0.752941 0.752941
vn -0.2129697 0.3187322 -0.9236091
v -0.0127565 0.0190914 -0.0554328 0.752941 0.752941 0.752941
vn -0.2378857 0.3560211 -0.9036921
v -0.0142522 0.0213299 -0.0542394 0.752941 0.752941 0.752941
vn -0.2622253 0.3924484 -0.8816021
v -0.0157136 0.0235171 -0.0529153 0.752941 0.752941 0.752941
vn -0.2859330 0.4279290 -0.8573909
v -0.0171372 0.0256476 -0.0514637 0.752941 0.752941 0.752941
vn -0.3089532 0.4623811 -0.8311147
v -0.0185195 0.0277164 -0.0498882 0.752941 0.752941 0.752941
vn -0.3312277 0.4957169 -0.8028406
v -0.0198572 0.0297183 -0.0481924 0.752941 0.752941 0.752941
vn -0.3527042 0.5278578 -0.7726357
v -0.0211470 0.0316487 -0.0463806 0.752941 0.752941 0.752941
vn -0.3733330 0.5587302 -0.7405694
v -0.0223859 0.0335028 -0.0444571 0.752941 0.752941 0.752941
vn -0.3930596 0.5882561 -0.7067242
v -0.0235708 0.0352763 -0.0424264 0.752941 0.752941 0.752941
vn -0.4118420 0.6163653 -0.6711780
v -0.0246990 0.0369647 -0.0402935 0.752941 0.752941 0.752941
vn -0.4296333 0.6429911 -0.6340172
v -0.0257677 0.0385641 -0.0380636 0.752941 0.752941 0.752941
vn -0.4463894 0.6680683 -0.5953329
v -0.0267743 0.0400706 -0.0357420 0.752941 0.752941 0.752941
vn -0.4620706 0.6915385 -0.5552165
v -0.0277164 0.0414805 -0.0333342 0.752941 0.752941 0.752941
vn -0.4766406 0.7133436 -0.5137652
v -0.0285917 0.0427905 -0.0308462 0.752941 0.752941 0.752941
vn -0.4900639 0.7334325 -0.4710778
v -0.0293982 0.0439974 -0.0282838 0.752941 0.752941 0.752941
vn -0.5023072 0.7517564 -0.4272586
v -0.0301338 0.0450984 -0.0256533 0.752941 0.752941 0.752941
vn -0.5133423 0.7682713 -0.3824120
v -0.0307968 0.0460907 -0.0229610 0.752941 0.752941 0.752941
vn -0.5231422 0.7829378 -0.3366462
v -0.0313856 0.0469719 -0.0202134 0.752941 0.752941 0.752941
vn -0.5316830 0.7957202 -0.2900735
v -0.0318989 0.0477400 -0.0174171 0.752941 0.752941 0.752941
vn -0.5389448 0.8065892 -0.2428012
v -0.0323352 0.0483931 -0.0145788 0.752941 0.752941 0.752941
vn -0.5449116 0.8155175 -0.1949427
v -0.0326937 0.0489296 -0.0117054 0.752941 0.752941 0.752941
vn -0.5495664 0.8224840 -0.1466183
v -0.0329734 0.0493482 -0.0088038 0.752941 0.752941 0.752941
vn -0.5528991 0.8274721 -0.0979420
v -0.0331737 0.0496479 -0.0058810 0.752941 0.752941 0.752941
vn -0.5549018 0.8304698 -0.0490302
v -0.0332941 0.0498281 -0.0029441 0.752941 0.752941 0.752941
vn -0.5555704 0.8314696 0.0000001
v -0.0333342 0.0498882 0.0000000 0.752941 0.752941 0.752941
vn -0.5549021 0.8304695 0.0490302
v -0.0332941 0.0498281 0.0029441 0.752941 0.752941 0.752941
vn -0.5528987 0.8274723 0.0979419
v -0.0331737 0.0496479 0.0058810 0.752941 0.752941 0.752941
vn -0.5495658 0.8224844 0.1466182
v -0.0329734 0.0493482 0.0088038 0.752941 0.752941 0.752941
vn -0.5449114 0.8155175 0.1949431
v -0.0326937 0.0489296 0.0117054 0.752941 0.752941 0.752941
vn -0.5389452 0.8065891 0.2428006
v -0.0323352 0.0483931 0.0145788 0.752941 0.752941 0.752941
vn -0.5316833 0.7957199 0.2900737
v -0.0318989 0.0477400 0.0174171 0.752941 0.752941 0.752941
vn -0.5231423 0.7829376 0.3366464
v -0.0313856 0.0469719 0.0202134 0.752941 0.752941 0.752941
vn -0.5133421 0.7682716 0.3824118
v -0.0307968 0.0460907 0.0229610 0.752941 0.752941 0.752941
vn -0.5023073 0.7517563 0.4272585
v -0.0301338 0.0450984 0.0256533 0.752941 0.752941 0.752941
vn -0.4900634 0.7334327 0.4710779
v -0.0293982 0.0439974 0.0282838 0.752941 0.752941 0.752941
vn -0.4766406 0.7133436 0.5137652
v -0.0285917 0.0427905 0.0308462 0.752941 0.752941 0.752941
vn -0.4620710 0.6915384 0.5552163
v -0.0277164 0.0414805 0.0333342 0.752941 0.752941 0.752941
vn -0.4463891 0.6680683 0.5953332
v -0.0267743 0.0400706 0.0357420 0.752941 0.752941 0.752941
vn -0.4296332 0.6429912 0.6340171
v -0.0257677 0.0385641 0.0380636 0.752941 0.752941 0.752941
vn -0.4118423 0.6163650 0.6711783
v -0.0246990 0.0369647 0.0402935 0.752941 0.752941 0.752941
vn -0.3930600 0.5882565 0.7067235
v -0.0235708 0.0352763 0.0424264 0.752941 0.752941 0.752941
vn -0.3733325 0.5587298 0.7405700
v -0.0223859 0.0335028 0.0444571 0.752941 0.752941 0.752941
vn -0.3527043 0.5278577 0.7726357
v -0.0211470 0.0316487 0.0463806 0.752941 0.752941 0.752941
vn -0.3312279 0.4957169 0.8028405
v -0.0198572 0.0297183 0.0481924 0.752941 0.752941 0.752941
vn -0.3089532 0.4623811 0.8311147
v -0.0185195 0.0277164 0.0498882 0.752941 0.752941 0.752941
vn -0.2859330 0.4279288 0.8573910
v -0.0171372 0.0256476 0.0514637 0.752941 0.752941 0.752941
vn -0.2622255 0.3924485 0.8816020
v -0.0157136 0.0235171 0.0529153 0.752941 0.752941 0.752941
vn -0.2378856 0.3560209 0.9036922
v -0.0142522 0.0213299 0.0542394 0.752941 0.752941 0.752941
vn -0.2129699 0.3187325 0.9236090
v -0.0127565 0.0190914 0.0554328 0.752941 0.752941 0.752941
vn -0.1875432 0.2806777 0.9413010
v -0.0112300 0.0168068 0.0564926 0.752941 0.752941 0.752941
vn -0.1616638 0.2419467 0.9567270
v -0.0096764 0.0144818 0.0574164 0.752941 0.752941 0.752941
vn -0.1353928 0.2026294 0.9698506
v -0.0080996 0.0121218 0.0582019 0.752941 0.752941 0.752941
vn -0.1087964 0.1628239 0.9806384
v -0.0065032 0.0097327 0.0588471 0.752941 0.752941 0.752941
vn -0.0819369 0.1226271 0.9890648
v -0.0048911 0.0073201 0.0593506 0.752941 0.752941 0.752941
vn -0.0548783 0.0821303 0.9951096
v -0.0032673 0.0048899 0.0597111 0.752941 0.752941 0.752941
vn -0.0276852 0.0414335 0.9987577
v -0.0016356 0.0024479 0.0599277 0.752941 0.752941 0.752941
vn -0.0316135 0.0385204 -0.9987576
v -0.0018677 0.0022758 -0.0599277 0.752941 0.752941 0.752941
vn -0.0626635 0.0763563 -0.9951096
v -0.0037309 0.0045461 -0.0597111 0.752941 0.752941 0.752941
vn -0.0935613 0.1140058 -0.9890648
v -0.0055851 0.0068055 -0.0593506 0.752941 0.752941 0.752941
vn -0.1242307 0.1513771 -0.9806384
v -0.0074258 0.0090484 -0.0588471 0.752941 0.752941 0.752941
vn -0.1546016 0.1883833 -0.9698506
v -0.0092487 0.0112696 -0.0582019 0.752941 0.752941 0.752941
vn -0.1846003 0.2249359 -0.9567270
v -0.0110493 0.0134636 -0.0574164 0.752941 0.752941 0.752941
vn -0.2141514 0.2609437 -0.9413010
v -0.0128232 0.0156252 -0.0564926 0.752941 0.752941 0.752941
vn -0.2431859 0.2963224 -0.9236091
v -0.0145663 0.0177491 -0.0554328 0.752941 0.752941 0.752941
vn -0.2716354 0.3309902 -0.9036923
v -0.0162743 0.0198303 -0.0542394 0.752941 0.752941 0.752941
vn -0.2994297 0.3648563 -0.8816019
v -0.0179431 0.0218637 -0.0529153 0.752941 0.752941 0.752941
vn -0.3265004 0.3978422 -0.8573908
v -0.0195686 0.0238444 -0.0514637 0.752941 0.752941 0.752941
vn -0.3527870 0.4298719 -0.8311146
v -0.0211470 0.0257677 -0.0498882 0.752941 0.752941 0.752941
vn -0.3782215 0.4608642 -0.8028404
v -0.0226745 0.0276289 -0.0481924 0.752941 0.752941 0.752941
vn -0.4027449 0.4907458 -0.7726352
v -0.0241473 0.0294236 -0.0463806 0.752941 0.752941 0.752941
vn -0.4262978 0.5194471 -0.7405707
v -0.0255619 0.0311473 -0.0444571 0.752941 0.752941 0.752941
vn -0.4488260 0.5468971 -0.7067240
v -0.0269150 0.0327961 -0.0424264 0.752941 0.752941 0.752941
vn -0.4702740 0.5730302 -0.6711771
v -0.0282033 0.0343658 -0.0402935 0.752941 0.752941 0.752941
vn -0.4905882 0.5977837 -0.6340173
v -0.0294236 0.0358527 -0.0380636 0.752941 0.752941 0.752941
vn -0.5097214 0.6210973 -0.5953337
v -0.0305730 0.0372533 -0.0357420 0.752941 0.752941 0.752941
vn -0.5276292 0.6429172 -0.5552162
v -0.0316487 0.0385641 -0.0333342 0.752941 0.752941 0.752941
vn -0.5442652 0.6631896 -0.5137655
v -0.0326482 0.0397820 -0.0308462 0.752941 0.752941 0.752941
vn -0.5595933 0.6818658 -0.4710779
v -0.0335691 0.0409041 -0.0282838 0.752941 0.752941 0.752941
vn -0.5735738 0.6989014 -0.4272588
v -0.0344091 0.0419276 -0.0256533 0.752941 0.752941 0.752941
vn -0.5861747 0.7142552 -0.3824117
v -0.0351662 0.0428501 -0.0229610 0.752941 0.752941 0.752941
vn -0.5973644 0.7278908 -0.3366463
v -0.0358386 0.0436694 -0.0202134 0.752941 0.752941 0.752941
vn -0.6071171 0.7397745 -0.2900734
v -0.0364246 0.0443835 -0.0174171 0.752941 0.752941 0.752941
vn -0.6154105 0.7498788 -0.2427997
v -0.0369229 0.0449907 -0.0145788 0.752941 0.752941 0.752941
vn -0.6222222 0.7581798 -0.1949433
v -0.0373322 0.0454894 -0.0117054 0.752941 0.752941 0.752941
vn -0.6275370 0.7646568 -0.1466200
v -0.0376516 0.0458786 -0.0088038 0.752941 0.752941 0.752941
vn -0.6313433 0.7692938 -0.0979426
v -0.0378803 0.0461573 -0.0058810 0.752941 0.752941 0.752941
vn -0.6336306 0.7720806 -0.0490290
v -0.0380177 0.0463248 -0.0029441 0.752941 0.752941 0.752941
vn -0.6343933 0.7730105 0.0000001
v -0.0380636 0.0463806 0.0000000 0.752941 0.752941 0.752941
vn -0.6336300 0.7720811 0.0490287
v -0.0380177 0.0463248 0.0029441 0.752941 0.752941 0.752941
vn -0.6313435 0.7692935 0.0979430
v -0.0378803 0.0461573 0.0058810 0.752941 0.752941 0.752941
vn -0.6275378 0.7646561 0.1466199
v -0.0376516 0.0458786 0.0088038 0.752941 0.752941 0.752941
vn -0.6222221 0.7581800 0.1949430
v -0.0373322 0.0454894 0.0117054 0.752941 0.752941 0.752941
vn -0.6154100 0.7498791 0.2428002
v -0.0369229 0.0449907 0.0145788 0.752941 0.752941 0.752941
vn -0.6071175 0.7397742 0.2900734
v -0.0364246 0.0443835 0.0174171 0.752941 0.752941 0.752941
vn -0.5973642 0.7278912 0.3366458
v -0.0358386 0.0436694 0.0202134 0.752941 0.752941 0.752941
vn -0.5861745 0.7142551 0.3824123
v -0.0351662 0.0428501 0.0229610 0.752941 0.752941 0.752941
vn -0.5735739 0.6989015 0.4272583
v -0.0344091 0.0419276 0.0256533 0.752941 0.752941 0.752941
vn -0.5595934 0.6818652 0.4710788
v -0.0335691 0.0409041 0.0282838 0.752941 0.752941 0.752941
vn -0.5442656 0.6631899 0.5137647
v -0.0326482 0.0397820 0.0308462 0.752941 0.752941 0.752941
vn -0.5276285 0.6429173 0.5552166
v -0.0316487 0.0385641 0.0333342 0.752941 0.752941 0.752941
vn -0.5097219 0.6210969 0.5953337
v -0.0305730 0.0372533 0.0357420 0.752941 0.752941 0.752941
vn -0.4905885 0.5977836 0.6340172
v -0.0294236 0.0358527 0.0380636 0.752941 0.752941 0.752941
vn -0.4702735 0.5730306 0.6711772
v -0.0282033 0.0343658 0.0402935 0.752941 0.752941 0.752941
vn -0.4488263 0.5468968 0.7067240
v -0.0269150 0.0327961 0.0424264 0.752941 0.752941 0.752941
vn -0.4262985 0.5194470 0.7405704
v -0.0255619 0.0311473 0.0444571 0.752941 0.752941 0.752941
vn -0.4027442 0.4907460 0.7726355
v -0.0241473 0.0294236 0.0463806 0.752941 0.752941 0.752941
vn -0.3782214 0.4608647 0.8028402
v -0.0226745 0.0276289 0.0481924 0.752941 0.752941 0.752941
vn -0.3527868 0.4298716 0.8311149
v -0.0211470 0.0257677 0.0498882 0.752941 0.752941 0.752941
vn -0.3265006 0.3978425 0.8573907
v -0.0195686 0.0238444 0.0514637 0.752941 0.752941 0.752941
vn -0.2994294 0.3648560 0.8816020
v -0.0179431 0.0218637 0.0529153 0.752941 0.752941 0.752941
vn -0.2716358 0.3309906 0.9036919
v -0.0162743 0.0198303 0.0542394 0.752941 0.752941 0.752941
vn -0.2431855 0.2963224 0.9236092
v -0.0145663 0.0177491 0.0554328 0.752941 0.752941 0.752941
vn -0.2141515 0.2609435 0.9413010
v -0.0128232 0.0156252 0.0564926 0.752941 0.752941 0.752941
vn -0.1846005 0.2249357 0.9567270
v -0.0110493 0.0134636 0.0574164 0.752941 0.752941 0.752941
vn -0.1546017 0.1883832 0.9698506
v -0.0092487 0.0112696 0.0582019 0.752941 0.752941 0.752941
vn -0.1242309 0.1513772 0.9806384
v -0.0074258 0.0090484 0.0588471 0.752941 0.752941 0.752941
vn -0.0935613 0.1140058 0.9890648
v -0.0055851 0.0068055 0.0593506 0.752941 0.752941 0.752941
vn -0.0626635 0.0763564 0.9951096
v -0.0037309 0.0045461 0.0597111 0.752941 0.752941 0.752941
vn -0.0316134 0.0385204 0.9987576
v -0.0018677 0.0022758 0.0599277 0.752941 0.752941 0.752941
vn -0.0352362 0.0352363 -0.9987577
v -0.0020818 0.0020818 -0.0599277 0.752941 0.752941 0.752941
vn -0.0698463 0.0698464 -0.9951096
v -0.0041585 0.0041585 -0.0597111 0.752941 0.752941 0.752941
vn -0.1042858 0.1042858 -0.9890648
v -0.0062253 0.0062253 -0.0593506 0.752941 0.752941 0.752941
vn -0.1384710 0.1384708 -0.9806384
v -0.0082770 0.0082770 -0.0588471 0.752941 0.752941 0.752941
vn -0.1723226 0.1723223 -0.9698505
v -0.0103088 0.0103088 -0.0582019 0.752941 0.752941 0.752941
vn -0.2057592 0.2057590 -0.9567270
v -0.0123157 0.0123157 -0.0574164 0.752941 0.752941 0.752941
vn -0.2386971 0.2386969 -0.9413010
v -0.0142930 0.0142930 -0.0564926 0.752941 0.752941 0.752941
vn -0.2710585 0.2710590 -0.9236094
v -0.0162359 0.0162359 -0.0554328 0.752941 0.752941 0.752941
vn -0.3027710 0.3027710 -0.9036922
v -0.0181396 0.0181396 -0.0542394 0.752941 0.752941 0.752941
vn -0.3337501 0.3337500 -0.8816019
v -0.0199997 0.0199997 -0.0529153 0.752941 0.752941 0.752941
vn -0.3639241 0.3639239 -0.8573906
v -0.0218115 0.0218115 -0.0514637 0.752941 0.752941 0.752941
vn -0.3932227 0.3932228 -0.8311148
v -0.0235708 0.0235708 -0.0498882 0.752941 0.752941 0.752941
vn -0.4215724 0.4215728 -0.8028407
v -0.0252734 0.0252734 -0.0481924 0.752941 0.752941 0.752941
vn -0.4489059 0.4489065 -0.7726361
v -0.0269150 0.0269150 -0.0463806 0.752941 0.752941 0.752941
vn -0.4751613 0.4751608 -0.7405701
v -0.0284918 0.0284918 -0.0444571 0.752941 0.752941 0.752941
vn -0.5002714 0.5002708 -0.7067232
v -0.0300000 0.0300000 -0.0424264 0.752941 0.752941 0.752941
vn -0.5241756 0.5241759 -0.6711777
v -0.0314359 0.0314359 -0.0402935 0.752941 0.752941 0.752941
vn -0.5468195 0.5468192 -0.6340168
v -0.0327961 0.0327961 -0.0380636 0.752941 0.752941 0.752941
vn -0.5681460 0.5681454 -0.5953326
v -0.0340772 0.0340772 -0.0357420 0.752941 0.752941 0.752941
vn -0.5881040 0.5881046 -0.5552179
v -0.0352763 0.0352763 -0.0333342 0.752941 0.752941 0.752941
vn -0.6066493 0.6066489 -0.5137644
v -0.0363903 0.0363903 -0.0308462 0.752941 0.752941 0.752941
vn -0.6237334 0.6237330 -0.4710773
v -0.0374167 0.0374167 -0.0282838 0.752941 0.752941 0.752941
vn -0.6393159 0.6393161 -0.4272588
v -0.0383530 0.0383530 -0.0256533 0.752941 0.752941 0.752941
vn -0.6533607 0.6533609 -0.3824124
v -0.0391969 0.0391969 -0.0229610 0.752941 0.752941 0.752941
vn -0.6658332 0.6658338 -0.3366476
v -0.0399463 0.0399463 -0.0202134 0.752941 0.752941 0.752941
vn -0.6767050 0.6767044 -0.2900716
v -0.0405995 0.0405995 -0.0174171 0.752941 0.752941 0.752941
vn -0.6859472 0.6859477 -0.2428011
v -0.0411549 0.0411549 -0.0145788 0.752941 0.752941 0.752941
vn -0.6935403 0.6935406 -0.1949441
v -0.0416112 0.0416112 -0.0117054 0.752941 0.752941 0.752941
vn -0.6994658 0.6994649 -0.1466172
v -0.0419672 0.0419672 -0.0088038 0.752941 0.752941 0.752941
vn -0.7037072 0.7037070 -0.0979424
v -0.0422221 0.0422221 -0.0058810 0.752941 0.752941 0.752941
vn -0.7062560 0.7062567 -0.0490309
v -0.0423753 0.0423753 -0.0029441 0.752941 0.752941 0.752941
vn -0.7071068 0.7071068 0.0000000
v -0.0424264 0.0424264 0.0000000 0.752941 0.752941 0.752941
vn -0.7062567 0.7062560 0.0490309
v -0.0423753 0.0423753 0.0029441 0.752941 0.752941 0.752941
vn -0.7037070 0.7037072 0.0979424
v -0.0422221 0.0422221 0.0058810 0.752941 0.752941 0.752941
vn -0.6994649 0.6994658 0.1466172
v -0.0419672 0.0419672 0.0088038 0.752941 0.752941 0.752941
vn -0.6935407 0.6935403 0.1949441
v -0.0416112 0.0416112 0.0117054 0.752941 0.752941 0.752941
vn -0.6859477 0.6859472 0.2428010
v -0.0411549 0.0411549 0.0145788 0.752941 0.752941 0.752941
vn -0.6767044 0.6767050 0.2900716
v -0.0405995 0.0405995 0.0174171 0.752941 0.752941 0.752941
vn -0.6658337 0.6658332 0.3366477
v -0.0399463 0.0399463 0.0202134 0.752941 0.752941 0.752941
vn -0.6533610 0.6533607 0.3824124
v -0.0391969 0.0391969 0.0229610 0.752941 0.752941 0.752941
vn -0.6393161 0.6393160 0.4272588
v -0.0383530 0.0383530 0.0256533 0.752941 0.752941 0.752941
vn -0.6237330 0.6237335 0.4710773
v -0.0374167 0.0374167 0.0282838 0.752941 0.752941 0.752941
vn -0.6066489 0.6066493 0.5137644
v -0.0363903 0.0363903 0.0308462 0.752941 0.752941 0.752941
vn -0.5881046 0.5881039 0.5552178
v -0.0352763 0.0352763 0.0333342 0.752941 0.752941 0.752941
vn -0.5681455 0.5681460 0.5953326
v -0.0340772 0.0340772 0.0357420 0.752941 0.752941 0.752941
vn -0.5468192 0.5468195 0.6340168
v -0.0327961 0.0327961 0.0380636 0.752941 0.752941 0.752941
vn -0.5241760 0.5241756 0.6711778
v -0.0314359 0.0314359 0.0402935 0.752941 0.752941 0.752941
vn -0.5002708 0.5002714 0.7067233
v -0.0300000 0.0300000 0.0424264 0.752941 0.752941 0.752941
vn -0.4751608 0.4751613 0.7405701
v -0.0284918 0.0284918 0.0444571 0.752941 0.752941 0.752941
vn -0.4489065 0.4489059 0.7726361
v -0.0269150 0.0269150 0.0463806 0.752941 0.752941 0.752941
vn -0.4215728 0.4215725 0.8028407
v -0.0252734 0.0252734 0.0481924 0.752941 0.752941 0.752941
vn -0.3932228 0.3932227 0.8311148
v -0.0235708 0.0235708 0.0498882 0.752941 0.752941 0.752941
vn -0.3639240 0.3639241 0.8573906
v -0.0218115 0.0218115 0.0514637 0.752941 0.752941 0.752941
vn -0.3337500 0.3337501 0.8816019
v -0.0199997 0.0199997 0.0529153 0.752941 0.752941 0.752941
vn -0.3027710 0.3027710 0.9036922
v -0.0181396 0.0181396 0.0542394 0.752941 0.752941 0.752941
vn -0.2710590 0.2710585 0.9236094
v -0.0162359 0.0162359 0.0554328 0.752941 0.752941 0.752941
vn -0.2386969 0.2386970 0.9413010
v -0.0142930 0.0142930 0.0564926 0.752941 0.752941 0.752941
vn -0.2057590 0.2057592 0.9567270
v -0.0123157 0.0123157 0.0574164 0.752941 0.752941 0.752941
vn -0.1723223 0.1723226 0.9698505
v -0.0103088 0.0103088 0.0582019 0.752941 0.752941 0.752941
vn -0.1384708 0.1384710 0.9806384
v -0.0082770 0.0082770 0.0588471 0.752941 0.752941 0.752941
vn -0.1042858 0.1042858 0.9890648
v -0.0062253 0.0062253 0.0593506 0.752941 0.752941 0.752941
vn -0.0698464 0.0698463 0.9951096
v -0.0041585 0.0041585 0.0597111 0.752941 0.752941 0.752941
vn -0.0352363 0.0352362 0.9987577
v -0.0020818 0.0020818 0.0599277 0.752941 0.752941 0.752941
vn -0.0385204 0.0316134 -0.9987576
v -0.0022758 0.0018677 -0.0599277 0.752941 0.752941 0.752941
vn -0.0763564 0.0626635 -0.9951096
v -0.0045461 0.0037309 -0.0597111 0.752941 0.752941 0.752941
vn -0.1140057 0.0935613 -0.9890648
v -0.0068055 0.0055851 -0.0593506 0.752941 0.752941 0.752941
vn -0.1513772 0.1242309 -0.9806384
v -0.0090484 0.0074258 -0.0588471 0.752941 0.752941 0.752941
vn -0.1883832 0.1546017 -0.9698505
v -0.0112696 0.0092487 -0.0582019 0.752941 0.752941 0.752941
vn -0.2249357 0.1846005 -0.9567270
v -0.0134636 0.0110493 -0.0574164 0.752941 0.752941 0.752941
vn -0.2609435 0.2141515 -0.9413011
v -0.0156252 0.0128232 -0.0564926 0.752941 0.752941 0.752941
vn -0.2963223 0.2431855 -0.9236092
v -0.0177491 0.0145663 -0.0554328 0.752941 0.752941 0.752941
vn -0.3309906 0.2716358 -0.9036919
v -0.0198303 0.0162743 -0.0542394 0.752941 0.752941 0.752941
vn -0.3648561 0.2994294 -0.8816020
v -0.0218637 0.0179431 -0.0529153 0.752941 0.752941 0.752941
vn -0.3978425 0.3265006 -0.8573907
v -0.0238444 0.0195686 -0.0514637 0.752941 0.752941 0.752941
vn -0.4298716 0.3527868 -0.8311149
v -0.0257677 0.0211470 -0.0498882 0.752941 0.752941 0.752941
vn -0.4608647 0.3782214 -0.8028402
v -0.0276289 0.0226745 -0.0481924 0.752941 0.752941 0.752941
vn -0.4907459 0.4027442 -0.7726355
v -0.0294236 0.0241473 -0.0463806 0.752941 0.752941 0.752941
vn -0.5194469 0.4262986 -0.7405704
v -0.0311473 0.0255619 -0.0444571 0.752941 0.752941 0.752941
vn -0.5468968 0.4488263 -0.7067240
v -0.0327961 0.0269150 -0.0424264 0.752941 0.752941 0.752941
vn -0.5730305 0.4702735 -0.6711773
v -0.0343658 0.0282033 -0.0402935 0.752941 0.752941 0.752941
vn -0.5977836 0.4905885 -0.6340172
v -0.0358527 0.0294236 -0.0380636 0.752941 0.752941 0.752941
vn -0.6210970 0.5097219 -0.5953337
v -0.0372533 0.0305730 -0.0357420 0.752941 0.752941 0.752941
vn -0.6429172 0.5276287 -0.5552166
v -0.0385641 0.0316487 -0.0333342 0.752941 0.752941 0.752941
vn -0.6631898 0.5442657 -0.5137647
v -0.0397820 0.0326482 -0.0308462 0.752941 0.752941 0.752941
vn -0.6818652 0.5595933 -0.4710788
v -0.0409041 0.0335691 -0.0282838 0.752941 0.752941 0.752941
vn -0.6989016 0.5735738 -0.4272583
v -0.0419276 0.0344091 -0.0256533 0.752941 0.752941 0.752941
vn -0.7142551 0.5861744 -0.3824123
v -0.0428501 0.0351662 -0.0229610 0.752941 0.752941 0.752941
vn -0.7278912 0.5973642 -0.3366459
v -0.0436694 0.0358386 -0.0202134 0.752941 0.752941 0.752941
vn -0.7397742 0.6071175 -0.2900733
v -0.0443835 0.0364246 -0.0174171 0.752941 0.752941 0.752941
vn -0.7498791 0.6154100 -0.2428002
v -0.0449907 0.0369229 -0.0145788 0.752941 0.752941 0.752941
vn -0.7581800 0.6222222 -0.1949430
v -0.0454894 0.0373322 -0.0117054 0.752941 0.752941 0.752941
vn -0.7646561 0.6275378 -0.1466199
v -0.0458786 0.0376516 -0.0088038 0.752941 0.752941 0.752941
vn -0.7692935 0.6313435 -0.0979430
v -0.0461573 0.0378803 -0.0058810 0.752941 0.752941 0.752941
vn -0.7720811 0.6336300 -0.0490287
v -0.0463248 0.0380177 -0.0029441 0.752941 0.752941 0.752941
vn -0.7730105 0.6343932 -0.0000001
v -0.0463806 0.0380636 0.0000000 0.752941 0.752941 0.752941
vn -0.7720807 0.6336306 0.0490290
v -0.0463248 0.0380177 0.0029441 0.752941 0.752941 0.752941
vn -0.7692938 0.6313433 0.0979426
v -0.0461573 0.0378803 0.0058810 0.752941 0.752941 0.752941
vn -0.7646568 0.6275370 0.1466200
v -0.0458786 0.0376516 0.0088038 0.752941 0.752941 0.752941
vn -0.7581798 0.6222222 0.1949433
v -0.0454894 0.0373322 0.0117054 0.752941 0.752941 0.752941
vn -0.7498788 0.6154106 0.2427997
v -0.0449907 0.0369229 0.0145788 0.752941 0.752941 0.752941
vn -0.7397745 0.6071171 0.2900734
v -0.0443835 0.0364246 0.0174171 0.752941 0.752941 0.752941
vn -0.7278908 0.5973645 0.3366463
v -0.0436694 0.0358386 0.0202134 0.752941 0.752941 0.752941
vn -0.7142552 0.5861747 0.3824117
v -0.0428501 0.0351662 0.0229610 0.752941 0.752941 0.752941
vn -0.6989013 0.5735739 0.4272588
v -0.0419276 0.0344091 0.0256533 0.752941 0.752941 0.752941
vn -0.6818658 0.5595933 0.4710779
v -0.0409041 0.0335691 0.0282838 0.752941 0.752941 0.752941
vn -0.6631896 0.5442652 0.5137655
v -0.0397820 0.0326482 0.0308462 0.752941 0.752941 0.752941
vn -0.6429172 0.5276292 0.5552162
v -0.0385641 0.0316487 0.0333342 0.752941 0.752941 0.752941
vn -0.6210974 0.5097214 0.5953336
v -0.0372533 0.0305730 0.0357420 0.752941 0.752941 0.752941
vn -0.5977837 0.4905882 0.6340173
v -0.0358527 0.0294236 0.0380636 0.752941 0.752941 0.752941
vn -0.5730302 0.4702740 0.6711771
v -0.0343658 0.0282033 0.0402935 0.752941 0.752941 0.752941
vn -0.5468971 0.4488260 0.7067240
v -0.0327961 0.0269150 0.0424264 0.752941 0.752941 0.752941
vn -0.5194471 0.4262978 0.7405707
v -0.0311473 0.0255619 0.0444571 0.752941 0.752941 0.752941
vn -0.4907458 0.4027449 0.7726352
v -0.0294236 0.0241473 0.0463806 0.752941 0.752941 0.752941
vn -0.4608642 0.3782215 0.8028404
v -0.0276289 0.0226745 0.0481924 0.752941 0.752941 0.752941
vn -0.4298719 0.3527870 0.8311146
v -0.0257677 0.0211470 0.0498882 0.752941 0.752941 0.752941
vn -0.3978422 0.3265004 0.8573908
v -0.0238444 0.0195686 0.0514637 0.752941 0.752941 0.752941
vn -0.3648563 0.2994296 0.8816019
v -0.0218637 0.0179431 0.0529153 0.752941 0.752941 0.752941
vn -0.3309902 0.2716354 0.9036923
v -0.0198303 0.0162743 0.0542394 0.752941 0.752941 0.752941
vn -0.2963223 0.2431859 0.9236091
v -0.0177491 0.0145663 0.0554328 0.752941 0.752941 0.752941
vn -0.2609437 0.2141514 0.9413010
v -0.0156252 0.0128232 0.0564926 0.752941 0.752941 0.752941
vn -0.2249359 0.1846003 0.9567270
v -0.0134636 0.0110493 0.0574164 0.752941 0.752941 0.752941
vn -0.1883833 0.1546016 0.9698506
v -0.0112696 0.0092487 0.0582019 0.752941 0.752941 0.752941
vn -0.1513771 0.1242307 0.9806384
v -0.0090484 0.0074258 0.0588471 0.752941 0.752941 0.752941
vn -0.1140058 0.0935614 0.9890648
v -0.0068055 0.0055851 0.0593506 0.752941 0.752941 0.752941
vn -0.0763563 0.0626635 0.9951096
v -0.0045461 0.0037309 0.0597111 0.752941 0.752941 0.752941
vn -0.0385204 0.0316135 0.9987576
v -0.0022758 0.0018677 0.0599277 0.752941 0.752941 0.752941
vn -0.0414335 0.0276852 -0.9987577
v -0.0024479 0.0016356 -0.0599277 0.752941 0.752941 0.752941
vn -0.0821303 0.0548782 -0.9951096
v -0.0048899 0.0032673 -0.0597111 0.752941 0.752941 0.752941
vn -0.1226271 0.0819370 -0.9890648
v -0.0073201 0.0048911 -0.0593506 0.752941 0.752941 0.752941
vn -0.1628239 0.1087964 -0.9806384
v -0.0097327 0.0065032 -0.0588471 0.752941 0.752941 0.752941
vn -0.2026294 0.1353928 -0.9698506
v -0.0121218 0.0080996 -0.0582019 0.752941 0.752941 0.752941
vn -0.2419467 0.1616638 -0.9567270
v -0.0144818 0.0096764 -0.0574164 0.752941 0.752941 0.752941
vn -0.2806777 0.1875432 -0.9413010
v -0.0168068 0.0112300 -0.0564926 0.752941 0.752941 0.752941
vn -0.3187324 0.2129699 -0.9236090
v -0.0190914 0.0127565 -0.0554328 0.752941 0.752941 0.752941
vn -0.3560209 0.2378856 -0.9036922
v -0.0213299 0.0142522 -0.0542394 0.752941 0.752941 0.752941
vn -0.3924484 0.2622255 -0.8816020
v -0.0235171 0.0157136 -0.0529153 0.752941 0.752941 0.752941
vn -0.4279288 0.2859330 -0.8573910
v -0.0256476 0.0171372 -0.0514637 0.752941 0.752941 0.752941
vn -0.4623812 0.3089532 -0.8311147
v -0.0277164 0.0185195 -0.0498882 0.752941 0.752941 0.752941
vn -0.4957169 0.3312278 -0.8028405
v -0.0297183 0.0198572 -0.0481924 0.752941 0.752941 0.752941
vn -0.5278578 0.3527042 -0.7726357
v -0.0316487 0.0211470 -0.0463806 0.752941 0.752941 0.752941
vn -0.5587298 0.3733325 -0.7405699
v -0.0335028 0.0223859 -0.0444571 0.752941 0.752941 0.752941
vn -0.5882565 0.3930600 -0.7067235
v -0.0352763 0.0235708 -0.0424264 0.752941 0.752941 0.752941
vn -0.6163650 0.4118423 -0.6711783
v -0.0369647 0.0246990 -0.0402935 0.752941 0.752941 0.752941
vn -0.6429912 0.4296332 -0.6340171
v -0.0385641 0.0257677 -0.0380636 0.752941 0.752941 0.752941
vn -0.6680683 0.4463891 -0.5953332
v -0.0400706 0.0267743 -0.0357420 0.752941 0.752941 0.752941
vn -0.6915384 0.4620710 -0.5552163
v -0.0414805 0.0277164 -0.0333342 0.752941 0.752941 0.752941
vn -0.7133437 0.4766405 -0.5137652
v -0.0427905 0.0285917 -0.0308462 0.752941 0.752941 0.752941
vn -0.7334327 0.4900634 -0.4710779
v -0.0439974 0.0293982 -0.0282838 0.752941 0.752941 0.752941
vn -0.7517563 0.5023073 -0.4272585
v -0.0450984 0.0301338 -0.0256533 0.752941 0.752941 0.752941
vn -0.7682716 0.5133421 -0.3824118
v -0.0460907 0.0307968 -0.0229610 0.752941 0.752941 0.752941
vn -0.7829376 0.5231423 -0.3366464
v -0.0469719 0.0313856 -0.0202134 0.752941 0.752941 0.752941
vn -0.7957199 0.5316833 -0.2900737
v -0.0477400 0.0318989 -0.0174171 0.752941 0.752941 0.752941
vn -0.8065891 0.5389452 -0.2428006
v -0.0483931 0.0323352 -0.0145788 0.752941 0.752941 0.752941
vn -0.8155175 0.5449114 -0.1949431
v -0.0489296 0.0326937 -0.0117054 0.752941 0.752941 0.752941
vn -0.8224844 0.5495658 -0.1466182
v -0.0493482 0.0329734 -0.0088038 0.752941 0.752941 0.752941
vn -0.8274723 0.5528988 -0.0979419
v -0.0496479 0.0331737 -0.0058810 0.752941 0.752941 0.752941
vn -0.8304695 0.5549021 -0.0490302
v -0.0498281 0.0332941 -0.0029441 0.752941 0.752941 0.752941
vn -0.8314696 0.5555704 -0.0000001
v -0.0498882 0.0333342 0.0000000 0.752941 0.752941 0.752941
vn -0.8304698 0.5549018 0.0490302
v -0.0498281 0.0332941 0.0029441 0.752941 0.752941 0.752941
vn -0.8274720 0.5528991 0.0979420
v -0.0496479 0.0331737 0.0058810 0.752941 0.752941 0.752941
vn -0.8224840 0.5495664 0.1466183
v -0.0493482 0.0329734 0.0088038 0.752941 0.752941 0.752941
vn -0.8155175 0.5449116 0.1949427
v -0.0489296 0.0326937 0.0117054 0.752941 0.752941 0.752941
vn -0.8065892 0.5389448 0.2428011
v -0.0483931 0.0323352 0.0145788 0.752941 0.752941 0.752941
vn -0.7957202 0.5316830 0.2900735
v -0.0477400 0.0318989 0.0174171 0.752941 0.752941 0.752941
vn -0.7829378 0.5231423 0.3366462
v -0.0469719 0.0313856 0.0202134 0.752941 0.752941 0.752941
vn -0.7682713 0.5133423 0.3824119
v -0.0460907 0.0307968 0.0229610 0.752941 0.752941 0.752941
vn -0.7517564 0.5023072 0.4272585
v -0.0450984 0.0301338 0.0256533 0.752941 0.752941 0.752941
vn -0.7334325 0.4900639 0.4710778
v -0.0439974 0.0293982 0.0282838 0.752941 0.752941 0.752941
vn -0.7133436 0.4766406 0.5137652
v -0.0427905 0.0285917 0.0308462 0.752941 0.752941 0.752941
vn -0.6915385 0.4620706 0.5552166
v -0.0414805 0.0277164 0.0333342 0.752941 0.752941 0.752941
vn -0.6680683 0.4463894 0.5953329
v -0.0400706 0.0267743 0.0357420 0.752941 0.752941 0.752941
vn -0.6429911 0.4296333 0.6340172
v -0.0385641 0.0257677 0.0380636 0.752941 0.752941 0.752941
vn -0.6163653 0.4118420 0.6711780
v -0.0369647 0.0246990 0.0402935 0.752941 0.752941 0.752941
vn -0.5882561 0.3930596 0.7067242
v -0.0352763 0.0235708 0.0424264 0.752941 0.752941 0.752941
vn -0.5587302 0.3733330 0.7405694
v -0.0335028 0.0223859 0.0444571 0.752941 0.752941 0.752941
vn -0.5278578 0.3527042 0.7726357
v -0.0316487 0.0211470 0.0463806 0.752941 0.752941 0.752941
vn -0.4957169 0.3312277 0.8028406
v -0.0297183 0.0198572 0.0481924 0.752941 0.752941 0.752941
vn -0.4623811 0.3089532 0.8311147
v -0.0277164 0.0185195 0.0498882 0.752941 0.752941 0.752941
vn -0.4279289 0.2859330 0.8573909
v -0.0256476 0.0171372 0.0514637 0.752941 0.752941 0.752941
vn -0.3924484 0.2622253 0.8816020
v -0.0235171 0.0157136 0.0529153 0.752941 0.752941 0.752941
vn -0.3560211 0.2378857 0.9036921
v -0.0213299 0.0142522 0.0542394 0.752941 0.752941 0.752941
vn -0.3187322 0.2129697 0.9236091
v -0.0190914 0.0127565 0.0554328 0.752941 0.752941 0.752941
vn -0.2806779 0.1875435 0.9413009
v -0.0168068 0.0112300 0.0564926 0.752941 0.752941 0.752941
vn -0.2419466 0.1616639 0.9567270
v -0.0144818 0.0096764 0.0574164 0.752941 0.752941 0.752941
vn -0.2026294 0.1353926 0.9698506
v -0.0121218 0.0080996 0.0582019 0.752941 0.752941 0.752941
vn -0.1628241 0.1087964 0.9806384
v -0.0097327 0.0065032 0.0588471 0.752941 0.752941 0.752941
vn -0.1226270 0.0819369 0.9890648
v -0.0073201 0.0048911 0.0593506 0.752941 0.752941 0.752941
vn -0.0821303 0.0548782 0.9951096
v -0.0048899 0.0032673 0.0597111 0.752941 0.752941 0.752941
vn -0.0414335 0.0276852 0.9987577
v -0.0024479 0.0016356 0.0599277 0.752941 0.752941 0.752941
vn -0.0439478 0.0234908 -0.9987576
v -0.0025964 0.0013878 -0.0599277 0.752941 0.752941 0.752941
vn -0.0871140 0.0465637 -0.9951096
v -0.0051866 0.0027723 -0.0597111 0.752941 0.752941 0.752941
vn -0.1300680 0.0695225 -0.9890648
v -0.0077643 0.0041501 -0.0593506 0.752941 0.752941 0.752941
vn -0.1727042 0.0923126 -0.9806384
v -0.0103233 0.0055179 -0.0588471 0.752941 0.752941 0.752941
vn -0.2149249 0.1148793 -0.9698505
v -0.0128574 0.0068724 -0.0582019 0.752941 0.752941 0.752941
vn -0.2566273 0.1371702 -0.9567271
v -0.0153605 0.0082104 -0.0574164 0.752941 0.752941 0.752941
vn -0.2977090 0.1591289 -0.9413009
v -0.0178266 0.0095285 -0.0564926 0.752941 0.752941 0.752941
vn -0.3380720 0.1807034 -0.9236090
v -0.0202498 0.0108237 -0.0554328 0.752941 0.752941 0.752941
vn -0.3776234 0.2018442 -0.9036922
v -0.0226242 0.0120929 -0.0542394 0.752941 0.752941 0.752941
vn -0.4162611 0.2224965 -0.8816020
v -0.0249441 0.0133329 -0.0529153 0.752941 0.752941 0.752941
vn -0.4538946 0.2426118 -0.8573909
v -0.0272039 0.0145408 -0.0514637 0.752941 0.752941 0.752941
vn -0.4904371 0.2621444 -0.8311148
v -0.0293982 0.0157136 -0.0498882 0.752941 0.752941 0.752941
vn -0.5257956 0.2810441 -0.8028407
v -0.0315216 0.0168486 -0.0481924 0.752941 0.752941 0.752941
vn -0.5598869 0.2992661 -0.7726361
v -0.0335691 0.0179431 -0.0463806 0.752941 0.752941 0.752941
vn -0.5926337 0.3167691 -0.7405691
v -0.0355357 0.0189942 -0.0444571 0.752941 0.752941 0.752941
vn -0.6239507 0.3335082 -0.7067233
v -0.0374167 0.0199997 -0.0424264 0.752941 0.752941 0.752941
vn -0.6537647 0.3494446 -0.6711783
v -0.0392076 0.0209569 -0.0402935 0.752941 0.752941 0.752941
vn -0.6820063 0.3645401 -0.6340173
v -0.0409041 0.0218637 -0.0380636 0.752941 0.752941 0.752941
vn -0.7086052 0.3787576 -0.5953330
v -0.0425019 0.0227178 -0.0357420 0.752941 0.752941 0.752941
vn -0.7335002 0.3920633 -0.5552151
v -0.0439974 0.0235171 -0.0333342 0.752941 0.752941 0.752941
vn -0.7566274 0.4044255 -0.5137656
v -0.0453869 0.0242598 -0.0308462 0.752941 0.752941 0.752941
vn -0.7779352 0.4158147 -0.4710786
v -0.0466671 0.0249441 -0.0282838 0.752941 0.752941 0.752941
vn -0.7973712 0.4262036 -0.4272583
v -0.0478348 0.0255683 -0.0256533 0.752941 0.752941 0.752941
vn -0.8148879 0.4355668 -0.3824125
v -0.0488873 0.0261308 -0.0229610 0.752941 0.752941 0.752941
vn -0.8304440 0.4438824 -0.3366470
v -0.0498221 0.0266304 -0.0202134 0.752941 0.752941 0.752941
vn -0.8440029 0.4511291 -0.2900719
v -0.0506368 0.0270659 -0.0174171 0.752941 0.752941 0.752941
vn -0.8555313 0.4572903 -0.2428001
v -0.0513295 0.0274362 -0.0145788 0.752941 0.752941 0.752941
vn -0.8650015 0.4623521 -0.1949435
v -0.0518985 0.0277403 -0.0117054 0.752941 0.752941 0.752941
vn -0.8723903 0.4663024 -0.1466195
v -0.0523425 0.0279777 -0.0088038 0.752941 0.752941 0.752941
vn -0.8776807 0.4691307 -0.0979432
v -0.0526605 0.0281476 -0.0058810 0.752941 0.752941 0.752941
vn -0.8808606 0.4708298 -0.0490297
v -0.0528515 0.0282497 -0.0029441 0.752941 0.752941 0.752941
vn -0.8819212 0.4713969 -0.0000001
v -0.0529153 0.0282838 0.0000000 0.752941 0.752941 0.752941
vn -0.8808605 0.4708300 0.0490300
v -0.0528515 0.0282497 0.0029441 0.752941 0.752941 0.752941
vn -0.8776811 0.4691302 0.0979429
v -0.0526605 0.0281476 0.0058810 0.752941 0.752941 0.752941
vn -0.8723904 0.4663024 0.1466192
v -0.0523425 0.0279777 0.0088038 0.752941 0.752941 0.752941
vn -0.8650015 0.4623520 0.1949439
v -0.0518985 0.0277403 0.0117054 0.752941 0.752941 0.752941
vn -0.8555313 0.4572902 0.2428002
v -0.0513295 0.0274362 0.0145788 0.752941 0.752941 0.752941
vn -0.8440029 0.4511290 0.2900721
v -0.0506368 0.0270659 0.0174171 0.752941 0.752941 0.752941
vn -0.8304443 0.4438826 0.3366462
v -0.0498221 0.0266304 0.0202134 0.752941 0.752941 0.752941
vn -0.8148877 0.4355666 0.3824131
v -0.0488873 0.0261308 0.0229610 0.752941 0.752941 0.752941
vn -0.7973712 0.4262039 0.4272580
v -0.0478348 0.0255683 0.0256533 0.752941 0.752941 0.752941
vn -0.7779352 0.4158144 0.4710788
v -0.0466671 0.0249441 0.0282838 0.752941 0.752941 0.752941
vn -0.7566276 0.4044252 0.5137656
v -0.0453869 0.0242598 0.0308462 0.752941 0.752941 0.752941
vn -0.7334999 0.3920638 0.5552153
v -0.0439974 0.0235171 0.0333342 0.752941 0.752941 0.752941
vn -0.7086054 0.3787576 0.5953327
v -0.0425019 0.0227178 0.0357420 0.752941 0.752941 0.752941
vn -0.6820063 0.3645399 0.6340175
v -0.0409041 0.0218637 0.0380636 0.752941 0.752941 0.752941
vn -0.6537648 0.3494447 0.6711782
v -0.0392076 0.0209569 0.0402935 0.752941 0.752941 0.752941
vn -0.6239504 0.3335086 0.7067234
v -0.0374167 0.0199997 0.0424264 0.752941 0.752941 0.752941
vn -0.5926335 0.3167695 0.7405691
v -0.0355357 0.0189942 0.0444571 0.752941 0.752941 0.752941
vn -0.5598870 0.2992657 0.7726361
v -0.0335691 0.0179431 0.0463806 0.752941 0.752941 0.752941
vn -0.5257958 0.2810439 0.8028407
v -0.0315216 0.0168486 0.0481924 0.752941 0.752941 0.752941
vn -0.4904372 0.2621444 0.8311148
v -0.0293982 0.0157136 0.0498882 0.752941 0.752941 0.752941
vn -0.4538944 0.2426118 0.8573910
v -0.0272039 0.0145408 0.0514637 0.752941 0.752941 0.752941
vn -0.4162612 0.2224966 0.8816019
v -0.0249441 0.0133329 0.0529153 0.752941 0.752941 0.752941
vn -0.3776234 0.2018443 0.9036922
v -0.0226242 0.0120929 0.0542394 0.752941 0.752941 0.752941
vn -0.3380719 0.1807033 0.9236091
v -0.0202498 0.0108237 0.0554328 0.752941 0.752941 0.752941
vn -0.2977090 0.1591290 0.9413009
v -0.0178266 0.0095285 0.0564926 0.752941 0.752941 0.752941
vn -0.2566274 0.1371700 0.9567271
v -0.0153605 0.0082104 0.0574164 0.752941 0.752941 0.752941
vn -0.2149247 0.1148795 0.9698506
v -0.0128574 0.0068724 0.0582019 0.752941 0.752941 0.752941
vn -0.1727043 0.0923128 0.9806384
v -0.0103233 0.0055179 0.0588471 0.752941 0.752941 0.752941
vn -0.1300679 0.0695224 0.9890648
v -0.0077643 0.0041501 0.0593506 0.752941 0.752941 0.752941
vn -0.0871140 0.0465638 0.9951096
v -0.0051866 0.0027723 0.0597111 0.752941 0.752941 0.752941
vn -0.0439478 0.0234908 0.9987576
v -0.0025964 0.0013878 0.0599277 0.752941 0.752941 0.752941
vn -0.0460387 0.0190697 -0.9987577
v -0.0027200 0.0011266 -0.0599277 0.752941 0.752941 0.752941
vn -0.0912587 0.0378006 -0.9951096
v -0.0054334 0.0022506 -0.0597111 0.752941 0.752941 0.752941
vn -0.1362562 0.0564385 -0.9890648
v -0.0081337 0.0033691 -0.0593506 0.752941 0.752941 0.752941
vn -0.1809210 0.0749394 -0.9806384
v -0.0108144 0.0044795 -0.0588471 0.752941 0.752941 0.752941
vn -0.2251496 0.0932603 -0.9698506
v -0.0134691 0.0055791 -0.0582019 0.752941 0.752941 0.752941
vn -0.2688363 0.1113564 -0.9567271
v -0.0160913 0.0066652 -0.0574164 0.752941 0.752941 0.752941
vn -0.3118732 0.1291817 -0.9413009
v -0.0186747 0.0077353 -0.0564926 0.752941 0.752941 0.752941
vn -0.3541560 0.1466962 -0.9236091
v -0.0212132 0.0087868 -0.0554328 0.752941 0.752941 0.752941
vn -0.3955892 0.1638585 -0.9036922
v -0.0237006 0.0098171 -0.0542394 0.752941 0.752941 0.752941
vn -0.4360653 0.1806244 -0.8816019
v -0.0261308 0.0108237 -0.0529153 0.752941 0.752941 0.752941
vn -0.4754893 0.1969537 -0.8573909
v -0.0284981 0.0118043 -0.0514637 0.752941 0.752941 0.752941
vn -0.5137700 0.2128106 -0.8311149
v -0.0307968 0.0127565 -0.0498882 0.752941 0.752941 0.752941
vn -0.5508113 0.2281539 -0.8028405
v -0.0330213 0.0136779 -0.0481924 0.752941 0.752941 0.752941
vn -0.5865248 0.2429463 -0.7726355
v -0.0351662 0.0145663 -0.0463806 0.752941 0.752941 0.752941
vn -0.6208290 0.2571549 -0.7405692
v -0.0372264 0.0154197 -0.0444571 0.752941 0.752941 0.752941
vn -0.6536347 0.2707447 -0.7067242
v -0.0391969 0.0162359 -0.0424264 0.752941 0.752941 0.752941
vn -0.6848683 0.2836817 -0.6711782
v -0.0410730 0.0170130 -0.0402935 0.752941 0.752941 0.752941
vn -0.7144538 0.2959356 -0.6340173
v -0.0428501 0.0177491 -0.0380636 0.752941 0.752941 0.752941
vn -0.7423185 0.3074775 -0.5953327
v -0.0445240 0.0184425 -0.0357420 0.752941 0.752941 0.752941
vn -0.7683969 0.3182799 -0.5552154
v -0.0460907 0.0190914 -0.0333342 0.752941 0.752941 0.752941
vn -0.7926248 0.3283157 -0.5137652
v -0.0475463 0.0196943 -0.0308462 0.752941 0.752941 0.752941
vn -0.8149463 0.3375611 -0.4710786
v -0.0488873 0.0202498 -0.0282838 0.752941 0.752941 0.752941
vn -0.8353068 0.3459951 -0.4272588
v -0.0501106 0.0207565 -0.0256533 0.752941 0.752941 0.752941
vn -0.8536566 0.3535961 -0.3824137
v -0.0512132 0.0212132 -0.0229610 0.752941 0.752941 0.752941
vn -0.8699540 0.3603461 -0.3366464
v -0.0521924 0.0216188 -0.0202134 0.752941 0.752941 0.752941
vn -0.8841578 0.3662296 -0.2900706
v -0.0530459 0.0219723 -0.0174171 0.752941 0.752941 0.752941
vn -0.8962339 0.3712321 -0.2427993
v -0.0537715 0.0222729 -0.0145788 0.752941 0.752941 0.752941
vn -0.9061541 0.3753418 -0.1949445
v -0.0543676 0.0225198 -0.0117054 0.752941 0.752941 0.752941
vn -0.9138950 0.3785478 -0.1466204
v -0.0548328 0.0227125 -0.0088038 0.752941 0.752941 0.752941
vn -0.9194378 0.3808431 -0.0979417
v -0.0551658 0.0228504 -0.0058810 0.752941 0.752941 0.752941
vn -0.9227687 0.3822227 -0.0490298
v -0.0553660 0.0229333 -0.0029441 0.752941 0.752941 0.752941
vn -0.9238796 0.3826832 -0.0000003
v -0.0554328 0.0229610 0.0000000 0.752941 0.752941 0.752941
vn -0.9227687 0.3822226 0.0490304
v -0.0553660 0.0229333 0.0029441 0.752941 0.752941 0.752941
vn -0.9194376 0.3808437 0.0979413
v -0.0551658 0.0228504 0.0058810 0.752941 0.752941 0.752941
vn -0.9138952 0.3785471 0.1466208
v -0.0548328 0.0227125 0.0088038 0.752941 0.752941 0.752941
vn -0.9061543 0.3753414 0.1949441
v -0.0543676 0.0225198 0.0117054 0.752941 0.752941 0.752941
vn -0.8962337 0.3712325 0.2427995
v -0.0537715 0.0222729 0.0145788 0.752941 0.752941 0.752941
vn -0.8841575 0.3662305 0.2900703
v -0.0530459 0.0219723 0.0174171 0.752941 0.752941 0.752941
vn -0.8699538 0.3603462 0.3366468
v -0.0521924 0.0216188 0.0202134 0.752941 0.752941 0.752941
vn -0.8536569 0.3535956 0.3824135
v -0.0512132 0.0212132 0.0229610 0.752941 0.752941 0.752941
vn -0.8353068 0.3459949 0.4272588
v -0.0501106 0.0207565 0.0256533 0.752941 0.752941 0.752941
vn -0.8149462 0.3375610 0.4710788
v -0.0488873 0.0202498 0.0282838 0.752941 0.752941 0.752941
vn -0.7926250 0.3283159 0.5137649
v -0.0475463 0.0196943 0.0308462 0.752941 0.752941 0.752941
vn -0.7683969 0.3182798 0.5552155
v -0.0460907 0.0190914 0.0333342 0.752941 0.752941 0.752941
vn -0.7423183 0.3074778 0.5953326
v -0.0445240 0.0184425 0.0357420 0.752941 0.752941 0.752941
vn -0.7144537 0.2959357 0.6340173
v -0.0428501 0.0177491 0.0380636 0.752941 0.752941 0.752941
vn -0.6848685 0.2836812 0.6711782
v -0.0410730 0.0170130 0.0402935 0.752941 0.752941 0.752941
vn -0.6536353 0.2707445 0.7067236
v -0.0391969 0.0162359 0.0424264 0.752941 0.752941 0.752941
vn -0.6208285 0.2571547 0.7405697
v -0.0372264 0.0154197 0.0444571 0.752941 0.752941 0.752941
vn -0.5865249 0.2429462 0.7726356
v -0.0351662 0.0145663 0.0463806 0.752941 0.752941 0.752941
vn -0.5508114 0.2281541 0.8028402
v -0.0330213 0.0136779 0.0481924 0.752941 0.752941 0.752941
vn -0.5137700 0.2128109 0.8311149
v -0.0307968 0.0127565 0.0498882 0.752941 0.752941 0.752941
vn -0.4754890 0.1969536 0.8573911
v -0.0284981 0.0118043 0.0514637 0.752941 0.752941 0.752941
vn -0.4360656 0.1806244 0.8816018
v -0.0261308 0.0108237 0.0529153 0.752941 0.752941 0.752941
vn -0.3955891 0.1638583 0.9036923
v -0.0237006 0.0098171 0.0542394 0.752941 0.752941 0.752941
vn -0.3541561 0.1466963 0.9236090
v -0.0212132 0.0087868 0.0554328 0.752941 0.752941 0.752941
vn -0.3118728 0.1291814 0.9413010
v -0.0186747 0.0077353 0.0564926 0.752941 0.752941 0.752941
vn -0.2688367 0.1113564 0.9567270
v -0.0160913 0.0066652 0.0574164 0.752941 0.752941 0.752941
vn -0.2251497 0.0932603 0.9698506
v -0.0134691 0.0055791 0.0582019 0.752941 0.752941 0.752941
vn -0.1809210 0.0749395 0.9806384
v -0.0108144 0.0044795 0.0588471 0.752941 0.752941 0.752941
vn -0.1362561 0.0564385 0.9890648
v -0.0081337 0.0033691 0.0593506 0.752941 0.752941 0.752941
vn -0.0912587 0.0378006 0.9951096
v -0.0054334 0.0022506 0.0597111 0.752941 0.752941 0.752941
vn -0.0460387 0.0190697 0.9987577
v -0.0027200 0.0011266 0.0599277 0.752941 0.752941 0.752941
vn -0.0476862 0.0144652 -0.9987577
v -0.0028173 0.0008546 -0.0599277 0.752941 0.752941 0.752941
vn -0.0945244 0.0286737 -0.9951096
v -0.0056278 0.0017072 -0.0597111 0.752941 0.752941 0.752941
vn -0.1411319 0.0428116 -0.9890648
v -0.0084247 0.0025556 -0.0593506 0.752941 0.752941 0.752941
vn -0.1873947 0.0568459 -0.9806384
v -0.0112014 0.0033979 -0.0588471 0.752941 0.752941 0.752941
vn -0.2332065 0.0707427 -0.9698507
v -0.0139511 0.0042320 -0.0582019 0.752941 0.752941 0.752941
vn -0.2784572 0.0844694 -0.9567270
v -0.0166671 0.0050559 -0.0574164 0.752941 0.752941 0.752941
vn -0.3230333 0.0979913 -0.9413009
v -0.0193430 0.0058676 -0.0564926 0.752941 0.752941 0.752941
vn -0.3668293 0.1112763 -0.9236092
v -0.0219723 0.0066652 -0.0554328 0.752941 0.752941 0.752941
vn -0.4097451 0.1242949 -0.9036923
v -0.0245487 0.0074468 -0.0542394 0.752941 0.752941 0.752941
vn -0.4516703 0.1370128 -0.8816016
v -0.0270659 0.0082104 -0.0529153 0.752941 0.752941 0.752941
vn -0.4925043 0.1493995 -0.8573910
v -0.0295179 0.0089542 -0.0514637 0.752941 0.752941 0.752941
vn -0.5321544 0.1614278 -0.8311154
v -0.0318989 0.0096764 -0.0498882 0.752941 0.752941 0.752941
vn -0.5705219 0.1730665 -0.8028405
v -0.0342029 0.0103753 -0.0481924 0.752941 0.752941 0.752941
vn -0.6075144 0.1842872 -0.7726349
v -0.0364246 0.0110493 -0.0463806 0.752941 0.752941 0.752941
vn -0.6430441 0.1950657 -0.7405699
v -0.0385585 0.0116966 -0.0444571 0.752941 0.752941 0.752941
vn -0.6770250 0.2053741 -0.7067239
v -0.0405995 0.0123157 -0.0424264 0.752941 0.752941 0.752941
vn -0.7093774 0.2151871 -0.6711767
v -0.0425428 0.0129052 -0.0402935 0.752941 0.752941 0.752941
vn -0.7400203 0.2244820 -0.6340172
v -0.0443835 0.0134636 -0.0380636 0.752941 0.752941 0.752941
vn -0.7688810 0.2332377 -0.5953336
v -0.0461173 0.0139895 -0.0357420 0.752941 0.752941 0.752941
vn -0.7958934 0.2414317 -0.5552157
v -0.0477400 0.0144818 -0.0333342 0.752941 0.752941 0.752941
vn -0.8209886 0.2490444 -0.5137652
v -0.0492477 0.0149391 -0.0308462 0.752941 0.752941 0.752941
vn -0.8441088 0.2560576 -0.4710783
v -0.0506368 0.0153605 -0.0282838 0.752941 0.752941 0.752941
vn -0.8651979 0.2624547 -0.4272588
v -0.0519038 0.0157449 -0.0256533 0.752941 0.752941 0.752941
vn -0.8842052 0.2682199 -0.3824124
v -0.0530459 0.0160913 -0.0229610 0.752941 0.752941 0.752941
vn -0.9010848 0.2733406 -0.3366470
v -0.0540601 0.0163989 -0.0202134 0.752941 0.752941 0.752941
vn -0.9157960 0.2778045 -0.2900732
v -0.0549441 0.0166671 -0.0174171 0.752941 0.752941 0.752941
vn -0.9283049 0.2815989 -0.2428006
v -0.0556957 0.0168951 -0.0145788 0.752941 0.752941 0.752941
vn -0.9385809 0.2847159 -0.1949431
v -0.0563132 0.0170824 -0.0117054 0.752941 0.752941 0.752941
vn -0.9465988 0.2871477 -0.1466186
v -0.0567950 0.0172286 -0.0088038 0.752941 0.752941 0.752941
vn -0.9523396 0.2888888 -0.0979419
v -0.0571399 0.0173332 -0.0058810 0.752941 0.752941 0.752941
vn -0.9557894 0.2899354 -0.0490307
v -0.0573473 0.0173961 -0.0029441 0.752941 0.752941 0.752941
vn -0.9569405 0.2902841 0.0000003
v -0.0574164 0.0174171 0.0000000 0.752941 0.752941 0.752941
vn -0.9557895 0.2899354 0.0490301
v -0.0573473 0.0173961 0.0029441 0.752941 0.752941 0.752941
vn -0.9523396 0.2888882 0.0979426
v -0.0571399 0.0173332 0.0058810 0.752941 0.752941 0.752941
vn -0.9465987 0.2871480 0.1466184
v -0.0567950 0.0172286 0.0088038 0.752941 0.752941 0.752941
vn -0.9385808 0.2847165 0.1949427
v -0.0563132 0.0170824 0.0117054 0.752941 0.752941 0.752941
vn -0.9283050 0.2815985 0.2428007
v -0.0556957 0.0168951 0.0145788 0.752941 0.752941 0.752941
vn -0.9157963 0.2778036 0.2900729
v -0.0549441 0.0166671 0.0174171 0.752941 0.752941 0.752941
vn -0.9010847 0.2733406 0.3366473
v -0.0540601 0.0163989 0.0202134 0.752941 0.752941 0.752941
vn -0.8842050 0.2682204 0.3824124
v -0.0530459 0.0160913 0.0229610 0.752941 0.752941 0.752941
vn -0.8651979 0.2624546 0.4272589
v -0.0519038 0.0157449 0.0256533 0.752941 0.752941 0.752941
vn -0.8441088 0.2560576 0.4710783
v -0.0506368 0.0153605 0.0282838 0.752941 0.752941 0.752941
vn -0.8209887 0.2490443 0.5137650
v -0.0492477 0.0149391 0.0308462 0.752941 0.752941 0.752941
vn -0.7958934 0.2414316 0.5552158
v -0.0477400 0.0144818 0.0333342 0.752941 0.752941 0.752941
vn -0.7688813 0.2332376 0.5953334
v -0.0461173 0.0139895 0.0357420 0.752941 0.752941 0.752941
vn -0.7400200 0.2244820 0.6340176
v -0.0443835 0.0134636 0.0380636 0.752941 0.752941 0.752941
vn -0.7093773 0.2151874 0.6711769
v -0.0425428 0.0129052 0.0402935 0.752941 0.752941 0.752941
vn -0.6770254 0.2053742 0.7067235
v -0.0405995 0.0123157 0.0424264 0.752941 0.752941 0.752941
vn -0.6430441 0.1950658 0.7405699
v -0.0385585 0.0116966 0.0444571 0.752941 0.752941 0.752941
vn -0.6075139 0.1842876 0.7726351
v -0.0364246 0.0110493 0.0463806 0.752941 0.752941 0.752941
vn -0.5705222 0.1730664 0.8028402
v -0.0342029 0.0103753 0.0481924 0.752941 0.752941 0.752941
vn -0.5321544 0.1614274 0.8311154
v -0.0318989 0.0096764 0.0498882 0.752941 0.752941 0.752941
vn -0.4925042 0.1493995 0.8573910
v -0.0295179 0.0089542 0.0514637 0.752941 0.752941 0.752941
vn -0.4516703 0.1370129 0.8816016
v -0.0270659 0.0082104 0.0529153 0.752941 0.752941 0.752941
vn -0.4097452 0.1242951 0.9036922
v -0.0245487 0.0074468 0.0542394 0.752941 0.752941 0.752941
vn -0.3668291 0.1112761 0.9236093
v -0.0219723 0.0066652 0.0554328 0.752941 0.752941 0.752941
vn -0.3230333 0.0979912 0.9413009
v -0.0193430 0.0058676 0.0564926 0.752941 0.752941 0.752941
vn -0.2784572 0.0844698 0.9567270
v -0.0166671 0.0050559 0.0574164 0.752941 0.752941 0.752941
vn -0.2332065 0.0707426 0.9698507
v -0.0139511 0.0042320 0.0582019 0.752941 0.752941 0.752941
vn -0.1873948 0.0568458 0.9806384
v -0.0112014 0.0033979 0.0588471 0.752941 0.752941 0.752941
vn -0.1411318 0.0428116 0.9890648
v -0.0084247 0.0025556 0.0593506 0.752941 0.752941 0.752941
vn -0.0945244 0.0286738 0.9951096
v -0.0056278 0.0017072 0.0597111 0.752941 0.752941 0.752941
vn -0.0476861 0.0144652 0.9987577
v -0.0028173 0.0008546 0.0599277 0.752941 0.752941 0.752941
vn -0.0488742 0.0097218 -0.9987577
v -0.0028875 0.0005744 -0.0599277 0.752941 0.752941 0.752941
vn -0.0968798 0.0192707 -0.9951096
v -0.0057680 0.0011473 -0.0597111 0.752941 0.752941 0.752941
vn -0.1446481 0.0287733 -0.9890648
v -0.0086347 0.0017175 -0.0593506 0.752941 0.752941 0.752941
vn -0.1920643 0.0382043 -0.9806384
v -0.0114805 0.0022836 -0.0588471 0.752941 0.752941 0.752941
vn -0.2390177 0.0475434 -0.9698506
v -0.0142987 0.0028442 -0.0582019 0.752941 0.752941 0.752941
vn -0.2853960 0.0567682 -0.9567270
v -0.0170824 0.0033979 -0.0574164 0.752941 0.752941 0.752941
vn -0.3310827 0.0658564 -0.9413008
v -0.0198250 0.0039434 -0.0564926 0.752941 0.752941 0.752941
vn -0.3759696 0.0747855 -0.9236093
v -0.0225198 0.0044795 -0.0554328 0.752941 0.752941 0.752941
vn -0.4199553 0.0835339 -0.9036922
v -0.0251604 0.0050047 -0.0542394 0.752941 0.752941 0.752941
vn -0.4629250 0.0920812 -0.8816017
v -0.0277403 0.0055179 -0.0529153 0.752941 0.752941 0.752941
vn -0.5047763 0.1004064 -0.8573911
v -0.0302535 0.0060178 -0.0514637 0.752941 0.752941 0.752941
vn -0.5454149 0.1084896 -0.8311153
v -0.0326937 0.0065032 -0.0498882 0.752941 0.752941 0.752941
vn -0.5847391 0.1163110 -0.8028399
v -0.0350552 0.0069729 -0.0481924 0.752941 0.752941 0.752941
vn -0.6226513 0.1238532 -0.7726355
v -0.0373322 0.0074258 -0.0463806 0.752941 0.752941 0.752941
vn -0.6590669 0.1310969 -0.7405704
v -0.0395193 0.0078609 -0.0444571 0.752941 0.752941 0.752941
vn -0.6938960 0.1380242 -0.7067232
v -0.0416112 0.0082770 -0.0424264 0.752941 0.752941 0.752941
vn -0.7270539 0.1446198 -0.6711764
v -0.0436028 0.0086731 -0.0402935 0.752941 0.752941 0.752941
vn -0.7584591 0.1508675 -0.6340180
v -0.0454894 0.0090484 -0.0380636 0.752941 0.752941 0.752941
vn -0.7880400 0.1567512 -0.5953335
v -0.0472664 0.0094019 -0.0357420 0.752941 0.752941 0.752941
vn -0.8157256 0.1622578 -0.5552154
v -0.0489296 0.0097327 -0.0333342 0.752941 0.752941 0.752941
vn -0.8414459 0.1673745 -0.5137652
v -0.0504749 0.0100401 -0.0308462 0.752941 0.752941 0.752941
vn -0.8651425 0.1720880 -0.4710778
v -0.0518985 0.0103233 -0.0282838 0.752941 0.752941 0.752941
vn -0.8867570 0.1763872 -0.4272583
v -0.0531972 0.0105816 -0.0256533 0.752941 0.752941 0.752941
vn -0.9062372 0.1802623 -0.3824129
v -0.0543676 0.0108144 -0.0229610 0.752941 0.752941 0.752941
vn -0.9235374 0.1837035 -0.3366478
v -0.0554072 0.0110212 -0.0202134 0.752941 0.752941 0.752941
vn -0.9386163 0.1867022 -0.2900722
v -0.0563132 0.0112014 -0.0174171 0.752941 0.752941 0.752941
vn -0.9514367 0.1892522 -0.2428001
v -0.0570835 0.0113546 -0.0145788 0.752941 0.752941 0.752941
vn -0.9619684 0.1913469 -0.1949439
v -0.0577164 0.0114805 -0.0117054 0.752941 0.752941 0.752941
vn -0.9701861 0.1929820 -0.1466181
v -0.0582102 0.0115787 -0.0088038 0.752941 0.752941 0.752941
vn -0.9760699 0.1941524 -0.0979408
v -0.0585637 0.0116491 -0.0058810 0.752941 0.752941 0.752941
vn -0.9796056 0.1948562 -0.0490307
v -0.0587762 0.0116913 -0.0029441 0.752941 0.752941 0.752941
vn -0.9807852 0.1950908 0.0000001
v -0.0588471 0.0117054 0.0000000 0.752941 0.752941 0.752941
vn -0.9796056 0.1948563 0.0490303
v -0.0587762 0.0116913 0.0029441 0.752941 0.752941 0.752941
vn -0.9760697 0.1941529 0.0979413
v -0.0585637 0.0116491 0.0058810 0.752941 0.752941 0.752941
vn -0.9701861 0.1929827 0.1466173
v -0.0582102 0.0115787 0.0088038 0.752941 0.752941 0.752941
vn -0.9619684 0.1913468 0.1949446
v -0.0577164 0.0114805 0.0117054 0.752941 0.752941 0.752941
vn -0.9514367 0.1892520 0.2428001
v -0.0570835 0.0113546 0.0145788 0.752941 0.752941 0.752941
vn -0.9386163 0.1867024 0.2900721
v -0.0563132 0.0112014 0.0174171 0.752941 0.752941 0.752941
vn -0.9235375 0.1837031 0.3366478
v -0.0554072 0.0110212 0.0202134 0.752941 0.752941 0.752941
vn -0.9062373 0.1802619 0.3824130
v -0.0543676 0.0108144 0.0229610 0.752941 0.752941 0.752941
vn -0.8867569 0.1763875 0.4272583
v -0.0531972 0.0105816 0.0256533 0.752941 0.752941 0.752941
vn -0.8651424 0.1720881 0.4710779
v -0.0518985 0.0103233 0.0282838 0.752941 0.752941 0.752941
vn -0.8414460 0.1673748 0.5137648
v -0.0504749 0.0100401 0.0308462 0.752941 0.752941 0.752941
vn -0.8157253 0.1622581 0.5552158
v -0.0489296 0.0097327 0.0333342 0.752941 0.752941 0.752941
vn -0.7880400 0.1567510 0.5953335
v -0.0472664 0.0094019 0.0357420 0.752941 0.752941 0.752941
vn -0.7584593 0.1508672 0.6340178
v -0.0454894 0.0090484 0.0380636 0.752941 0.752941 0.752941
vn -0.7270538 0.1446204 0.6711764
v -0.0436028 0.0086731 0.0402935 0.752941 0.752941 0.752941
vn -0.6938958 0.1380244 0.7067234
v -0.0416112 0.0082770 0.0424264 0.752941 0.752941 0.752941
vn -0.6590670 0.1310963 0.7405704
v -0.0395193 0.0078609 0.0444571 0.752941 0.752941 0.752941
vn -0.6226516 0.1238530 0.7726353
v -0.0373322 0.0074258 0.0463806 0.752941 0.752941 0.752941
vn -0.5847386 0.1163114 0.8028402
v -0.0350552 0.0069729 0.0481924 0.752941 0.752941 0.752941
vn -0.5454149 0.1084895 0.8311153
v -0.0326937 0.0065032 0.0498882 0.752941 0.752941 0.752941
vn -0.5047764 0.1004063 0.8573911
v -0.0302535 0.0060178 0.0514637 0.752941 0.752941 0.752941
vn -0.4629250 0.0920814 0.8816016
v -0.0277403 0.0055179 0.0529153 0.752941 0.752941 0.752941
vn -0.4199550 0.0835335 0.9036924
v -0.0251604 0.0050047 0.0542394 0.752941 0.752941 0.752941
vn -0.3759699 0.0747854 0.9236091
v -0.0225198 0.0044795 0.0554328 0.752941 0.752941 0.752941
vn -0.3310827 0.0658568 0.9413008
v -0.0198250 0.0039434 0.0564926 0.752941 0.752941 0.752941
vn -0.2853958 0.0567680 0.9567271
v -0.0170824 0.0033979 0.0574164 0.752941 0.752941 0.752941
vn -0.2390177 0.0475433 0.9698506
v -0.0142987 0.0028442 0.0582019 0.752941 0.752941 0.752941
vn -0.1920644 0.0382043 0.9806384
v -0.0114805 0.0022836 0.0588471 0.752941 0.752941 0.752941
vn -0.1446483 0.0287732 0.9890648
v -0.0086347 0.0017175 0.0593506 0.752941 0.752941 0.752941
vn -0.0968797 0.0192708 0.9951096
v -0.0057680 0.0011473 0.0597111 0.752941 0.752941 0.752941
vn -0.0488742 0.0097218 0.9987577
v -0.0028875 0.0005744 0.0599277 0.752941 0.752941 0.752941
vn -0.0495920 0.0048842 -0.9987576
v -0.0029299 0.0002886 -0.0599277 0.752941 0.752941 0.752941
vn -0.0983020 0.0096821 -0.9951096
v -0.0058527 0.0005764 -0.0597111 0.752941 0.752941 0.752941
vn -0.1467722 0.0144559 -0.9890648
v -0.0087614 0.0008629 -0.0593506 0.752941 0.752941 0.752941
vn -0.1948844 0.0191943 -0.9806384
v -0.0116491 0.0011473 -0.0588471 0.752941 0.752941 0.752941
vn -0.2425271 0.0238867 -0.9698505
v -0.0145086 0.0014290 -0.0582019 0.752941 0.752941 0.752941
vn -0.2895860 0.0285211 -0.9567270
v -0.0173332 0.0017072 -0.0574164 0.752941 0.752941 0.752941
vn -0.3359429 0.0330874 -0.9413010
v -0.0201161 0.0019813 -0.0564926 0.752941 0.752941 0.752941
vn -0.3814899 0.0375734 -0.9236091
v -0.0228504 0.0022506 -0.0554328 0.752941 0.752941 0.752941
vn -0.4261213 0.0419685 -0.9036920
v -0.0255298 0.0025145 -0.0542394 0.752941 0.752941 0.752941
vn -0.4697208 0.0462635 -0.8816020
v -0.0281476 0.0027723 -0.0529153 0.752941 0.752941 0.752941
vn -0.5121873 0.0504462 -0.8573910
v -0.0306976 0.0030234 -0.0514637 0.752941 0.752941 0.752941
vn -0.5534232 0.0545068 -0.8311148
v -0.0331737 0.0032673 -0.0498882 0.752941 0.752941 0.752941
vn -0.5933229 0.0584374 -0.8028407
v -0.0355698 0.0035033 -0.0481924 0.752941 0.752941 0.752941
vn -0.6317930 0.0622259 -0.7726355
v -0.0378803 0.0037309 -0.0463806 0.752941 0.752941 0.752941
vn -0.6687440 0.0658649 -0.7405696
v -0.0400995 0.0039495 -0.0444571 0.752941 0.752941 0.752941
vn -0.7040832 0.0693458 -0.7067234
v -0.0422221 0.0041585 -0.0424264 0.752941 0.752941 0.752941
vn -0.7377269 0.0726603 -0.6711777
v -0.0442430 0.0043576 -0.0402935 0.752941 0.752941 0.752941
vn -0.7695950 0.0757984 -0.6340175
v -0.0461573 0.0045461 -0.0380636 0.752941 0.752941 0.752941
vn -0.7996104 0.0787538 -0.5953327
v -0.0479604 0.0047237 -0.0357420 0.752941 0.752941 0.752941
vn -0.8277010 0.0815213 -0.5552165
v -0.0496479 0.0048899 -0.0333342 0.752941 0.752941 0.752941
vn -0.8537995 0.0840922 -0.5137655
v -0.0512159 0.0050443 -0.0308462 0.752941 0.752941 0.752941
vn -0.8778442 0.0864599 -0.4710777
v -0.0526605 0.0051866 -0.0282838 0.752941 0.752941 0.752941
vn -0.8997756 0.0886206 -0.4272590
v -0.0539782 0.0053164 -0.0256533 0.752941 0.752941 0.752941
vn -0.9195426 0.0905676 -0.3824121
v -0.0551658 0.0054334 -0.0229610 0.752941 0.752941 0.752941
vn -0.9370970 0.0922956 -0.3366465
v -0.0562206 0.0055372 -0.0202134 0.752941 0.752941 0.752941
vn -0.9523966 0.0938026 -0.2900720
v -0.0571399 0.0056278 -0.0174171 0.752941 0.752941 0.752941
vn -0.9654055 0.0950837 -0.2427989
v -0.0579216 0.0057048 -0.0145788 0.752941 0.752941 0.752941
vn -0.9760913 0.0961362 -0.1949452
v -0.0585637 0.0057680 -0.0117054 0.752941 0.752941 0.752941
vn -0.9844298 0.0969573 -0.1466196
v -0.0590648 0.0058174 -0.0088038 0.752941 0.752941 0.752941
vn -0.9904000 0.0975465 -0.0979427
v -0.0594236 0.0058527 -0.0058810 0.752941 0.752941 0.752941
vn -0.9939877 0.0978999 -0.0490310
v -0.0596392 0.0058739 -0.0029441 0.752941 0.752941 0.752941
vn -0.9951847 0.0980176 -0.0000001
v -0.0597111 0.0058810 0.0000000 0.752941 0.752941 0.752941
vn -0.9939877 0.0978993 0.0490313
v -0.0596392 0.0058739 0.0029441 0.752941 0.752941 0.752941
vn -0.9904000 0.0975465 0.0979418
v -0.0594236 0.0058527 0.0058810 0.752941 0.752941 0.752941
vn -0.9844297 0.0969569 0.1466203
v -0.0590648 0.0058174 0.0088038 0.752941 0.752941 0.752941
vn -0.9760914 0.0961355 0.1949453
v -0.0585637 0.0057680 0.0117054 0.752941 0.752941 0.752941
vn -0.9654055 0.0950839 0.2427989
v -0.0579216 0.0057048 0.0145788 0.752941 0.752941 0.752941
vn -0.9523967 0.0938027 0.2900718
v -0.0571399 0.0056278 0.0174171 0.752941 0.752941 0.752941
vn -0.9370968 0.0922958 0.3366469
v -0.0562206 0.0055372 0.0202134 0.752941 0.752941 0.752941
vn -0.9195427 0.0905676 0.3824117
v -0.0551658 0.0054334 0.0229610 0.752941 0.752941 0.752941
vn -0.8997757 0.0886207 0.4272588
v -0.0539782 0.0053164 0.0256533 0.752941 0.752941 0.752941
vn -0.8778440 0.0864602 0.4710780
v -0.0526605 0.0051866 0.0282838 0.752941 0.752941 0.752941
vn -0.8537996 0.0840918 0.5137654
v -0.0512159 0.0050443 0.0308462 0.752941 0.752941 0.752941
vn -0.8277011 0.0815211 0.5552164
v -0.0496479 0.0048899 0.0333342 0.752941 0.752941 0.752941
vn -0.7996101 0.0787542 0.5953331
v -0.0479604 0.0047237 0.0357420 0.752941 0.752941 0.752941
vn -0.7695951 0.0757983 0.6340173
v -0.0461573 0.0045461 0.0380636 0.752941 0.752941 0.752941
vn -0.7377272 0.0726596 0.6711774
v -0.0442430 0.0043576 0.0402935 0.752941 0.752941 0.752941
vn -0.7040830 0.0693457 0.7067236
v -0.0422221 0.0041585 0.0424264 0.752941 0.752941 0.752941
vn -0.6687441 0.0658656 0.7405695
v -0.0400995 0.0039495 0.0444571 0.752941 0.752941 0.752941
vn -0.6317929 0.0622259 0.7726356
v -0.0378803 0.0037309 0.0463806 0.752941 0.752941 0.752941
vn -0.5933231 0.0584368 0.8028405
v -0.0355698 0.0035033 0.0481924 0.752941 0.752941 0.752941
vn -0.5534227 0.0545071 0.8311151
v -0.0331737 0.0032673 0.0498882 0.752941 0.752941 0.752941
vn -0.5121875 0.0504461 0.8573909
v -0.0306976 0.0030234 0.0514637 0.752941 0.752941 0.752941
vn -0.4697209 0.0462634 0.8816020
v -0.0281476 0.0027723 0.0529153 0.752941 0.752941 0.752941
vn -0.4261209 0.0419689 0.9036922
v -0.0255298 0.0025145 0.0542394 0.752941 0.752941 0.752941
vn -0.3814902 0.0375737 0.9236090
v -0.0228504 0.0022506 0.0554328 0.752941 0.752941 0.752941
vn -0.3359429 0.0330870 0.9413011
v -0.0201161 0.0019813 0.0564926 0.752941 0.752941 0.752941
vn -0.2895858 0.0285211 0.9567270
v -0.0173332 0.0017072 0.0574164 0.752941 0.752941 0.752941
vn -0.2425272 0.0238869 0.9698505
v -0.0145086 0.0014290 0.0582019 0.752941 0.752941 0.752941
vn -0.1948843 0.0191945 0.9806384
v -0.0116491 0.0011473 0.0588471 0.752941 0.752941 0.752941
vn -0.1467722 0.0144561 0.9890648
v -0.0087614 0.0008629 0.0593506 0.752941 0.752941 0.752941
vn -0.0983020 0.0096820 0.9951096
v -0.0058527 0.0005764 0.0597111 0.752941 0.752941 0.752941
vn -0.0495920 0.0048843 0.9987576
v -0.0029299 0.0002886 0.0599277 0.752941 0.752941 0.752941
vn -0.0498316 0.0000000 -0.9987577
v -0.0029441 0.0000000 -0.0599277 0.752941 0.752941 0.752941
vn -0.0987777 -0.0000001 -0.9951096
v -0.0058810 0.0000000 -0.0597111 0.752941 0.752941 0.752941
vn -0.1474822 0.0000001 -0.9890648
v -0.0088038 0.0000000 -0.0593506 0.752941 0.752941 0.752941
vn -0.1958273 0.0000001 -0.9806384
v -0.0117054 0.0000000 -0.0588471 0.752941 0.752941 0.752941
vn -0.2437007 0.0000000 -0.9698505
v -0.0145788 0.0000000 -0.0582019 0.752941 0.752941 0.752941
vn -0.2909870 -0.0000000 -0.9567270
v -0.0174171 0.0000000 -0.0574164 0.752941 0.752941 0.752941
vn -0.3375685 -0.0000001 -0.9413010
v -0.0202134 0.0000000 -0.0564926 0.752941 0.752941 0.752941
vn -0.3833359 0.0000001 -0.9236090
v -0.0229610 0.0000000 -0.0554328 0.752941 0.752941 0.752941
vn -0.4281825 0.0000002 -0.9036923
v -0.0256533 0.0000000 -0.0542394 0.752941 0.752941 0.752941
vn -0.4719934 0.0000000 -0.8816021
v -0.0282838 0.0000000 -0.0529153 0.752941 0.752941 0.752941
vn -0.5146660 -0.0000001 -0.8573908
v -0.0308462 0.0000000 -0.0514637 0.752941 0.752941 0.752941
vn -0.5561005 0.0000002 -0.8311151
v -0.0333342 0.0000000 -0.0498882 0.752941 0.752941 0.752941
vn -0.5961943 -0.0000003 -0.8028402
v -0.0357420 0.0000000 -0.0481924 0.752941 0.752941 0.752941
vn -0.6348499 -0.0000000 -0.7726355
v -0.0380636 0.0000000 -0.0463806 0.752941 0.752941 0.752941
vn -0.6719791 0.0000003 -0.7405701
v -0.0402935 0.0000000 -0.0444571 0.752941 0.752941 0.752941
vn -0.7074898 0.0000000 -0.7067236
v -0.0424264 0.0000000 -0.0424264 0.752941 0.752941 0.752941
vn -0.7412970 -0.0000003 -0.6711771
v -0.0444571 0.0000000 -0.0402935 0.752941 0.752941 0.752941
vn -0.7733194 -0.0000003 -0.6340167
v -0.0463806 0.0000000 -0.0380636 0.752941 0.752941 0.752941
vn -0.8034788 0.0000002 -0.5953335
v -0.0481924 0.0000000 -0.0357420 0.752941 0.752941 0.752941
vn -0.8317058 0.0000001 -0.5552167
v -0.0498882 0.0000000 -0.0333342 0.752941 0.752941 0.752941
vn -0.8579311 -0.0000002 -0.5137648
v -0.0514637 0.0000000 -0.0308462 0.752941 0.752941 0.752941
vn -0.8820912 0.0000002 -0.4710788
v -0.0529153 0.0000000 -0.0282838 0.752941 0.752941 0.752941
vn -0.9041289 0.0000002 -0.4272598
v -0.0542394 0.0000000 -0.0256533 0.752941 0.752941 0.752941
vn -0.9239923 -0.0000002 -0.3824110
v -0.0554328 0.0000000 -0.0229610 0.752941 0.752941 0.752941
vn -0.9416312 -0.0000000 -0.3366463
v -0.0564926 0.0000000 -0.0202134 0.752941 0.752941 0.752941
vn -0.9570048 0.0000001 -0.2900723
v -0.0574164 0.0000000 -0.0174171 0.752941 0.752941 0.752941
vn -0.9700767 0.0000000 -0.2427988
v -0.0582019 0.0000000 -0.0145788 0.752941 0.752941 0.752941
vn -0.9808145 -0.0000004 -0.1949435
v -0.0588471 0.0000000 -0.0117054 0.752941 0.752941 0.752941
vn -0.9891928 0.0000002 -0.1466209
v -0.0593506 0.0000000 -0.0088038 0.752941 0.752941 0.752941
vn -0.9951920 0.0000002 -0.0979433
v -0.0597111 0.0000000 -0.0058810 0.752941 0.752941 0.752941
vn -0.9987974 -0.0000004 -0.0490296
v -0.0599277 0.0000000 -0.0029441 0.752941 0.752941 0.752941
vn -1.0000000 0.0000000 0.0000000
v -0.0600000 0.0000000 0.0000000 0.752941 0.752941 0.752941
vn -0.9987974 0.0000004 0.0490296
v -0.0599277 0.0000000 0.0029441 0.752941 0.752941 0.752941
vn -0.9951920 -0.0000002 0.0979433
v -0.0597111 0.0000000 0.0058810 0.752941 0.752941 0.752941
vn -0.9891928 -0.0000002 0.1466209
v -0.0593506 0.0000000 0.0088038 0.752941 0.752941 0.752941
vn -0.9808145 0.0000005 0.1949435
v -0.0588471 0.0000000 0.0117054 0.752941 0.752941 0.752941
vn -0.9700767 -0.0000000 0.2427988
v -0.0582019 0.0000000 0.0145788 0.752941 0.752941 0.752941
vn -0.9570048 -0.0000001 0.2900722
v -0.0574164 0.0000000 0.0174171 0.752941 0.752941 0.752941
vn -0.9416311 0.0000000 0.3366463
v -0.0564926 0.0000000 0.0202134 0.752941 0.752941 0.752941
vn -0.9239923 0.0000002 0.3824110
v -0.0554328 0.0000000 0.0229610 0.752941 0.752941 0.752941
vn -0.9041289 -0.0000002 0.4272598
v -0.0542394 0.0000000 0.0256533 0.752941 0.752941 0.752941
vn -0.8820912 -0.0000002 0.4710787
v -0.0529153 0.0000000 0.0282838 0.752941 0.752941 0.752941
vn -0.8579311 0.0000002 0.5137648
v -0.0514637 0.0000000 0.0308462 0.752941 0.752941 0.752941
vn -0.8317057 -0.0000001 0.5552167
v -0.0498882 0.0000000 0.0333342 0.752941 0.752941 0.752941
vn -0.8034788 -0.0000002 0.5953335
v -0.0481924 0.0000000 0.0357420 0.752941 0.752941 0.752941
vn -0.7733194 0.0000003 0.6340167
v -0.0463806 0.0000000 0.0380636 0.752941 0.752941 0.752941
vn -0.7412971 0.0000003 0.6711771
v -0.0444571 0.0000000 0.0402935 0.752941 0.752941 0.752941
vn -0.7074898 -0.0000000 0.7067236
v -0.0424264 0.0000000 0.0424264 0.752941 0.752941 0.752941
vn -0.6719791 -0.0000003 0.7405701
v -0.0402935 0.0000000 0.0444571 0.752941 0.752941 0.752941
vn -0.6348498 0.0000000 0.7726355
v -0.0380636 0.0000000 0.0463806 0.752941 0.752941 0.752941
vn -0.5961943 0.0000003 0.8028402
v -0.0357420 0.0000000 0.0481924 0.752941 0.752941 0.752941
vn -0.5561005 -0.0000002 0.8311151
v -0.0333342 0.0000000 0.0498882 0.752941 0.752941 0.752941
vn -0.5146660 0.0000001 0.8573908
v -0.0308462 0.0000000 0.0514637 0.752941 0.752941 0.752941
vn -0.4719934 -0.0000000 0.8816022
v -0.0282838 0.0000000 0.0529153 0.752941 0.752941 0.752941
vn -0.4281825 -0.0000002 0.9036923
v -0.0256533 0.0000000 0.0542394 0.752941 0.752941 0.752941
vn -0.3833359 -0.0000001 0.9236090
v -0.0229610 0.0000000 0.0554328 0.752941 0.752941 0.752941
vn -0.3375685 0.0000001 0.9413010
v -0.0202134 0.0000000 0.0564926 0.752941 0.752941 0.752941
vn -0.2909870 0.0000000 0.9567270
v -0.0174171 0.0000000 0.0574164 0.752941 0.752941 0.752941
vn -0.2437006 -0.0000000 0.9698505
v -0.0145788 0.0000000 0.0582019 0.752941 0.752941 0.752941
vn -0.1958273 -0.0000001 0.9806384
v -0.0117054 0.0000000 0.0588471 0.752941 0.752941 0.752941
vn -0.1474822 -0.0000001 0.9890648
v -0.0088038 0.0000000 0.0593506 0.752941 0.752941 0.752941
vn -0.0987777 0.0000001 0.9951096
v -0.0058810 0.0000000 0.0597111 0.752941 0.752941 0.752941
vn -0.0498316 -0.0000000 0.9987577
v -0.0029441 0.0000000 0.0599277 0.752941 0.752941 0.752941
vn -0.0495920 -0.0048843 -0.9987576
v -0.0029299 -0.0002886 -0.0599277 0.752941 0.752941 0.752941
vn -0.0983020 -0.0096820 -0.9951096
v -0.0058527 -0.0005764 -0.0597111 0.752941 0.752941 0.752941
vn -0.1467723 -0.0144560 -0.9890648
v -0.0087614 -0.0008629 -0.0593506 0.752941 0.752941 0.752941
vn -0.1948843 -0.0191945 -0.9806384
v -0.0116491 -0.0011473 -0.0588471 0.752941 0.752941 0.752941
vn -0.2425272 -0.0238869 -0.9698505
v -0.0145086 -0.0014290 -0.0582019 0.752941 0.752941 0.752941
vn -0.2895858 -0.0285211 -0.9567270
v -0.0173332 -0.0017072 -0.0574164 0.752941 0.752941 0.752941
vn -0.3359429 -0.0330870 -0.9413011
v -0.0201161 -0.0019813 -0.0564926 0.752941 0.752941 0.752941
vn -0.3814902 -0.0375737 -0.9236090
v -0.0228504 -0.0022506 -0.0554328 0.752941 0.752941 0.752941
vn -0.4261209 -0.0419689 -0.9036922
v -0.0255298 -0.0025145 -0.0542394 0.752941 0.752941 0.752941
vn -0.4697209 -0.0462634 -0.8816019
v -0.0281476 -0.0027723 -0.0529153 0.752941 0.752941 0.752941
vn -0.5121875 -0.0504461 -0.8573909
v -0.0306976 -0.0030234 -0.0514637 0.752941 0.752941 0.752941
vn -0.5534228 -0.0545071 -0.8311151
v -0.0331737 -0.0032673 -0.0498882 0.752941 0.752941 0.752941
vn -0.5933231 -0.0584368 -0.8028405
v -0.0355698 -0.0035033 -0.0481924 0.752941 0.752941 0.752941
vn -0.6317928 -0.0622259 -0.7726356
v -0.0378803 -0.0037309 -0.0463806 0.752941 0.752941 0.752941
vn -0.6687440 -0.0658656 -0.7405695
v -0.0400995 -0.0039495 -0.0444571 0.752941 0.752941 0.752941
vn -0.7040830 -0.0693457 -0.7067236
v -0.0422221 -0.0041585 -0.0424264 0.752941 0.752941 0.752941
vn -0.7377272 -0.0726596 -0.6711774
v -0.0442430 -0.0043576 -0.0402935 0.752941 0.752941 0.752941
vn -0.7695951 -0.0757983 -0.6340173
v -0.0461573 -0.0045461 -0.0380636 0.752941 0.752941 0.752941
vn -0.7996101 -0.0787542 -0.5953331
v -0.0479604 -0.0047237 -0.0357420 0.752941 0.752941 0.752941
vn -0.8277011 -0.0815211 -0.5552164
v -0.0496479 -0.0048899 -0.0333342 0.752941 0.752941 0.752941
vn -0.8537996 -0.0840917 -0.5137654
v -0.0512159 -0.0050443 -0.0308462 0.752941 0.752941 0.752941
vn -0.8778440 -0.0864601 -0.4710780
v -0.0526605 -0.0051866 -0.0282838 0.752941 0.752941 0.752941
vn -0.8997757 -0.0886207 -0.4272588
v -0.0539782 -0.0053164 -0.0256533 0.752941 0.752941 0.752941
vn -0.9195427 -0.0905676 -0.3824116
v -0.0551658 -0.0054334 -0.0229610 0.752941 0.752941 0.752941
vn -0.9370968 -0.0922958 -0.3366470
v -0.0562206 -0.0055372 -0.0202134 0.752941 0.752941 0.752941
vn -0.9523967 -0.0938027 -0.2900718
v -0.0571399 -0.0056278 -0.0174171 0.752941 0.752941 0.752941
vn -0.9654055 -0.0950839 -0.2427989
v -0.0579216 -0.0057048 -0.0145788 0.752941 0.752941 0.752941
vn -0.9760914 -0.0961355 -0.1949453
v -0.0585637 -0.0057680 -0.0117054 0.752941 0.752941 0.752941
vn -0.9844297 -0.0969569 -0.1466203
v -0.0590648 -0.0058174 -0.0088038 0.752941 0.752941 0.752941
vn -0.9904000 -0.0975465 -0.0979418
v -0.0594236 -0.0058527 -0.0058810 0.752941 0.752941 0.752941
vn -0.9939877 -0.0978993 -0.0490313
v -0.0596392 -0.0058739 -0.0029441 0.752941 0.752941 0.752941
vn -0.9951847 -0.0980176 0.0000001
v -0.0597111 -0.0058810 0.0000000 0.752941 0.752941 0.752941
vn -0.9939877 -0.0978999 0.0490310
v -0.0596392 -0.0058739 0.0029441 0.752941 0.752941 0.752941
vn -0.9904000 -0.0975465 0.0979426
v -0.0594236 -0.0058527 0.0058810 0.752941 0.752941 0.752941
vn -0.9844298 -0.0969573 0.1466196
v -0.0590648 -0.0058174 0.0088038 0.752941 0.752941 0.752941
vn -0.9760913 -0.0961362 0.1949453
v -0.0585637 -0.0057680 0.0117054 0.752941 0.752941 0.752941
vn -0.9654055 -0.0950837 0.2427989
v -0.0579216 -0.0057048 0.0145788 0.752941 0.752941 0.752941
vn -0.9523966 -0.0938026 0.2900720
v -0.0571399 -0.0056278 0.0174171 0.752941 0.752941 0.752941
vn -0.9370970 -0.0922956 0.3366464
v -0.0562206 -0.0055372 0.0202134 0.752941 0.752941 0.752941
vn -0.9195426 -0.0905676 0.3824121
v -0.0551658 -0.0054334 0.0229610 0.752941 0.752941 0.752941
vn -0.8997756 -0.0886206 0.4272590
v -0.0539782 -0.0053164 0.0256533 0.752941 0.752941 0.752941
vn -0.8778442 -0.0864599 0.4710778
v -0.0526605 -0.0051866 0.0282838 0.752941 0.752941 0.752941
vn -0.8537995 -0.0840921 0.5137655
v -0.0512159 -0.0050443 0.0308462 0.752941 0.752941 0.752941
vn -0.8277010 -0.0815213 0.5552165
v -0.0496479 -0.0048899 0.0333342 0.752941 0.752941 0.752941
vn -0.7996104 -0.0787538 0.5953327
v -0.0479604 -0.0047237 0.0357420 0.752941 0.752941 0.752941
vn -0.7695950 -0.0757984 0.6340176
v -0.0461573 -0.0045461 0.0380636 0.752941 0.752941 0.752941
vn -0.7377269 -0.0726603 0.6711777
v -0.0442430 -0.0043576 0.0402935 0.752941 0.752941 0.752941
vn -0.7040831 -0.0693458 0.7067235
v -0.0422221 -0.0041585 0.0424264 0.752941 0.752941 0.752941
vn -0.6687440 -0.0658649 0.7405695
v -0.0400995 -0.0039495 0.0444571 0.752941 0.752941 0.752941
vn -0.6317930 -0.0622259 0.7726355
v -0.0378803 -0.0037309 0.0463806 0.752941 0.752941 0.752941
vn -0.5933229 -0.0584374 0.8028407
v -0.0355698 -0.0035033 0.0481924 0.752941 0.752941 0.752941
vn -0.5534232 -0.0545068 0.8311148
v -0.0331737 -0.0032673 0.0498882 0.752941 0.752941 0.752941
vn -0.5121872 -0.0504462 0.8573911
v -0.0306976 -0.0030234 0.0514637 0.752941 0.752941 0.752941
vn -0.4697208 -0.0462635 0.8816020
v -0.0281476 -0.0027723 0.0529153 0.752941 0.752941 0.752941
vn -0.4261213 -0.0419685 0.9036920
v -0.0255298 -0.0025145 0.0542394 0.752941 0.752941 0.752941
vn -0.3814899 -0.0375734 0.9236090
v -0.0228504 -0.0022506 0.0554328 0.752941 0.752941 0.752941
vn -0.3359429 -0.0330874 0.9413010
v -0.0201161 -0.0019813 0.0564926 0.752941 0.752941 0.752941
vn -0.2895860 -0.0285211 0.9567270
v -0.0173332 -0.0017072 0.0574164 0.752941 0.752941 0.752941
vn -0.2425271 -0.0238867 0.9698505
v -0.0145086 -0.0014290 0.0582019 0.752941 0.752941 0.752941
vn -0.1948844 -0.0191943 0.9806384
v -0.0116491 -0.0011473 0.0588471 0.752941 0.752941 0.752941
vn -0.1467722 -0.0144559 0.9890648
v -0.0087614 -0.0008629 0.0593506 0.752941 0.752941 0.752941
vn -0.0983020 -0.0096821 0.9951096
v -0.0058527 -0.0005764 0.0597111 0.752941 0.752941 0.752941
vn -0.0495920 -0.0048842 0.9987576
v -0.0029299 -0.0002886 0.0599277 0.752941 0.752941 0.752941
vn -0.0488742 -0.0097218 -0.9987577
v -0.0028875 -0.0005744 -0.0599277 0.752941 0.752941 0.752941
vn -0.0968797 -0.0192707 -0.9951096
v -0.0057680 -0.0011473 -0.0597111 0.752941 0.752941 0.752941
vn -0.1446483 -0.0287732 -0.9890648
v -0.0086347 -0.0017175 -0.0593506 0.752941 0.752941 0.752941
vn -0.1920644 -0.0382043 -0.9806384
v -0.0114805 -0.0022836 -0.0588471 0.752941 0.752941 0.752941
vn -0.2390177 -0.0475433 -0.9698506
v -0.0142987 -0.0028442 -0.0582019 0.752941 0.752941 0.752941
vn -0.2853958 -0.0567680 -0.9567271
v -0.0170824 -0.0033979 -0.0574164 0.752941 0.752941 0.752941
vn -0.3310827 -0.0658568 -0.9413008
v -0.0198250 -0.0039434 -0.0564926 0.752941 0.752941 0.752941
vn -0.3759699 -0.0747854 -0.9236091
v -0.0225198 -0.0044795 -0.0554328 0.752941 0.752941 0.752941
vn -0.4199550 -0.0835335 -0.9036924
v -0.0251604 -0.0050047 -0.0542394 0.752941 0.752941 0.752941
vn -0.4629250 -0.0920814 -0.8816017
v -0.0277403 -0.0055179 -0.0529153 0.752941 0.752941 0.752941
vn -0.5047764 -0.1004063 -0.8573911
v -0.0302535 -0.0060178 -0.0514637 0.752941 0.752941 0.752941
vn -0.5454149 -0.1084895 -0.8311152
v -0.0326937 -0.0065032 -0.0498882 0.752941 0.752941 0.752941
vn -0.5847387 -0.1163115 -0.8028402
v -0.0350552 -0.0069729 -0.0481924 0.752941 0.752941 0.752941
vn -0.6226516 -0.1238530 -0.7726353
v -0.0373322 -0.0074258 -0.0463806 0.752941 0.752941 0.752941
vn -0.6590670 -0.1310963 -0.7405703
v -0.0395193 -0.0078609 -0.0444571 0.752941 0.752941 0.752941
vn -0.6938958 -0.1380244 -0.7067234
v -0.0416112 -0.0082770 -0.0424264 0.752941 0.752941 0.752941
vn -0.7270538 -0.1446204 -0.6711764
v -0.0436028 -0.0086731 -0.0402935 0.752941 0.752941 0.752941
vn -0.7584593 -0.1508672 -0.6340178
v -0.0454894 -0.0090484 -0.0380636 0.752941 0.752941 0.752941
vn -0.7880400 -0.1567510 -0.5953336
v -0.0472664 -0.0094019 -0.0357420 0.752941 0.752941 0.752941
vn -0.8157253 -0.1622581 -0.5552158
v -0.0489296 -0.0097327 -0.0333342 0.752941 0.752941 0.752941
vn -0.8414460 -0.1673748 -0.5137648
v -0.0504749 -0.0100401 -0.0308462 0.752941 0.752941 0.752941
vn -0.8651424 -0.1720881 -0.4710779
v -0.0518985 -0.0103233 -0.0282838 0.752941 0.752941 0.752941
vn -0.8867570 -0.1763875 -0.4272583
v -0.0531972 -0.0105816 -0.0256533 0.752941 0.752941 0.752941
vn -0.9062373 -0.1802619 -0.3824129
v -0.0543676 -0.0108144 -0.0229610 0.752941 0.752941 0.752941
vn -0.9235375 -0.1837031 -0.3366478
v -0.0554072 -0.0110212 -0.0202134 0.752941 0.752941 0.752941
vn -0.9386163 -0.1867024 -0.2900721
v -0.0563132 -0.0112014 -0.0174171 0.752941 0.752941 0.752941
vn -0.9514367 -0.1892520 -0.2428001
v -0.0570835 -0.0113546 -0.0145788 0.752941 0.752941 0.752941
vn -0.9619684 -0.1913468 -0.1949446
v -0.0577164 -0.0114805 -0.0117054 0.752941 0.752941 0.752941
vn -0.9701861 -0.1929827 -0.1466173
v -0.0582102 -0.0115787 -0.0088038 0.752941 0.752941 0.752941
vn -0.9760697 -0.1941529 -0.0979413
v -0.0585637 -0.0116491 -0.0058810 0.752941 0.752941 0.752941
vn -0.9796056 -0.1948563 -0.0490303
v -0.0587762 -0.0116913 -0.0029441 0.752941 0.752941 0.752941
vn -0.9807852 -0.1950908 -0.0000001
v -0.0588471 -0.0117054 0.0000000 0.752941 0.752941 0.752941
vn -0.9796056 -0.1948562 0.0490307
v -0.0587762 -0.0116913 0.0029441 0.752941 0.752941 0.752941
vn -0.9760699 -0.1941524 0.0979408
v -0.0585637 -0.0116491 0.0058810 0.752941 0.752941 0.752941
vn -0.9701861 -0.1929820 0.1466181
v -0.0582102 -0.0115787 0.0088038 0.752941 0.752941 0.752941
vn -0.9619684 -0.1913469 0.1949439
v -0.0577164 -0.0114805 0.0117054 0.752941 0.752941 0.752941
vn -0.9514367 -0.1892521 0.2428001
v -0.0570835 -0.0113546 0.0145788 0.752941 0.752941 0.752941
vn -0.9386163 -0.1867022 0.2900722
v -0.0563132 -0.0112014 0.0174171 0.752941 0.752941 0.752941
vn -0.9235374 -0.1837035 0.3366478
v -0.0554072 -0.0110212 0.0202134 0.752941 0.752941 0.752941
vn -0.9062372 -0.1802624 0.3824129
v -0.0543676 -0.0108144 0.0229610 0.752941 0.752941 0.752941
vn -0.8867570 -0.1763872 0.4272583
v -0.0531972 -0.0105816 0.0256533 0.752941 0.752941 0.752941
vn -0.8651425 -0.1720880 0.4710778
v -0.0518985 -0.0103233 0.0282838 0.752941 0.752941 0.752941
vn -0.8414459 -0.1673745 0.5137651
v -0.0504749 -0.0100401 0.0308462 0.752941 0.752941 0.752941
vn -0.8157256 -0.1622578 0.5552155
v -0.0489296 -0.0097327 0.0333342 0.752941 0.752941 0.752941
vn -0.7880400 -0.1567512 0.5953336
v -0.0472664 -0.0094019 0.0357420 0.752941 0.752941 0.752941
vn -0.7584591 -0.1508675 0.6340180
v -0.0454894 -0.0090484 0.0380636 0.752941 0.752941 0.752941
vn -0.7270539 -0.1446198 0.6711764
v -0.0436028 -0.0086731 0.0402935 0.752941 0.752941 0.752941
vn -0.6938960 -0.1380242 0.7067232
v -0.0416112 -0.0082770 0.0424264 0.752941 0.752941 0.752941
vn -0.6590669 -0.1310969 0.7405704
v -0.0395193 -0.0078609 0.0444571 0.752941 0.752941 0.752941
vn -0.6226515 -0.1238532 0.7726355
v -0.0373322 -0.0074258 0.0463806 0.752941 0.752941 0.752941
vn -0.5847391 -0.1163110 0.8028399
v -0.0350552 -0.0069729 0.0481924 0.752941 0.752941 0.752941
vn -0.5454149 -0.1084896 0.8311153
v -0.0326937 -0.0065032 0.0498882 0.752941 0.752941 0.752941
vn -0.5047762 -0.1004064 0.8573911
v -0.0302535 -0.0060178 0.0514637 0.752941 0.752941 0.752941
vn -0.4629250 -0.0920812 0.8816017
v -0.0277403 -0.0055179 0.0529153 0.752941 0.752941 0.752941
vn -0.4199553 -0.0835339 0.9036922
v -0.0251604 -0.0050047 0.0542394 0.752941 0.752941 0.752941
vn -0.3759696 -0.0747855 0.9236093
v -0.0225198 -0.0044795 0.0554328 0.752941 0.752941 0.752941
vn -0.3310827 -0.0658564 0.9413008
v -0.0198250 -0.0039434 0.0564926 0.752941 0.752941 0.752941
vn -0.2853960 -0.0567682 0.9567270
v -0.0170824 -0.0033979 0.0574164 0.752941 0.752941 0.752941
vn -0.2390177 -0.0475434 0.9698506
v -0.0142987 -0.0028442 0.0582019 0.752941 0.752941 0.752941
vn -0.1920644 -0.0382043 0.9806384
v -0.0114805 -0.0022836 0.0588471 0.752941 0.752941 0.752941
vn -0.1446481 -0.0287733 0.9890648
v -0.0086347 -0.0017175 0.0593506 0.752941 0.752941 0.752941
vn -0.0968798 -0.0192707 0.9951096
v -0.0057680 -0.0011473 0.0597111 0.752941 0.752941 0.752941
vn -0.0488742 -0.0097218 0.9987577
v -0.0028875 -0.0005744 0.0599277 0.752941 0.752941 0.752941
vn -0.0476861 -0.0144652 -0.9987577
v -0.0028173 -0.0008546 -0.0599277 0.752941 0.752941 0.752941
vn -0.0945245 -0.0286738 -0.9951096
v -0.0056278 -0.0017072 -0.0597111 0.752941 0.752941 0.752941
vn -0.1411318 -0.0428116 -0.9890648
v -0.0084247 -0.0025556 -0.0593506 0.752941 0.752941 0.752941
vn -0.1873948 -0.0568458 -0.9806384
v -0.0112014 -0.0033979 -0.0588471 0.752941 0.752941 0.752941
vn -0.2332065 -0.0707426 -0.9698507
v -0.0139511 -0.0042320 -0.0582019 0.752941 0.752941 0.752941
vn -0.2784572 -0.0844698 -0.9567270
v -0.0166671 -0.0050559 -0.0574164 0.752941 0.752941 0.752941
vn -0.3230333 -0.0979912 -0.9413009
v -0.0193430 -0.0058676 -0.0564926 0.752941 0.752941 0.752941
vn -0.3668291 -0.1112761 -0.9236093
v -0.0219723 -0.0066652 -0.0554328 0.752941 0.752941 0.752941
vn -0.4097452 -0.1242951 -0.9036922
v -0.0245487 -0.0074468 -0.0542394 0.752941 0.752941 0.752941
vn -0.4516703 -0.1370129 -0.8816016
v -0.0270659 -0.0082104 -0.0529153 0.752941 0.752941 0.752941
vn -0.4925042 -0.1493995 -0.8573910
v -0.0295179 -0.0089542 -0.0514637 0.752941 0.752941 0.752941
vn -0.5321544 -0.1614274 -0.8311154
v -0.0318989 -0.0096764 -0.0498882 0.752941 0.752941 0.752941
vn -0.5705222 -0.1730664 -0.8028402
v -0.0342029 -0.0103753 -0.0481924 0.752941 0.752941 0.752941
vn -0.6075140 -0.1842876 -0.7726350
v -0.0364246 -0.0110493 -0.0463806 0.752941 0.752941 0.752941
vn -0.6430440 -0.1950658 -0.7405699
v -0.0385585 -0.0116966 -0.0444571 0.752941 0.752941 0.752941
vn -0.6770254 -0.2053742 -0.7067235
v -0.0405995 -0.0123157 -0.0424264 0.752941 0.752941 0.752941
vn -0.7093773 -0.2151874 -0.6711769
v -0.0425428 -0.0129052 -0.0402935 0.752941 0.752941 0.752941
vn -0.7400200 -0.2244820 -0.6340176
v -0.0443835 -0.0134636 -0.0380636 0.752941 0.752941 0.752941
vn -0.7688813 -0.2332375 -0.5953333
v -0.0461173 -0.0139895 -0.0357420 0.752941 0.752941 0.752941
vn -0.7958934 -0.2414316 -0.5552158
v -0.0477400 -0.0144818 -0.0333342 0.752941 0.752941 0.752941
vn -0.8209887 -0.2490443 -0.5137651
v -0.0492477 -0.0149391 -0.0308462 0.752941 0.752941 0.752941
vn -0.8441089 -0.2560576 -0.4710783
v -0.0506368 -0.0153605 -0.0282838 0.752941 0.752941 0.752941
vn -0.8651979 -0.2624546 -0.4272589
v -0.0519038 -0.0157449 -0.0256533 0.752941 0.752941 0.752941
vn -0.8842050 -0.2682204 -0.3824124
v -0.0530459 -0.0160913 -0.0229610 0.752941 0.752941 0.752941
vn -0.9010846 -0.2733406 -0.3366473
v -0.0540601 -0.0163989 -0.0202134 0.752941 0.752941 0.752941
vn -0.9157963 -0.2778036 -0.2900729
v -0.0549441 -0.0166671 -0.0174171 0.752941 0.752941 0.752941
vn -0.9283050 -0.2815985 -0.2428007
v -0.0556957 -0.0168951 -0.0145788 0.752941 0.752941 0.752941
vn -0.9385808 -0.2847165 -0.1949428
v -0.0563132 -0.0170824 -0.0117054 0.752941 0.752941 0.752941
vn -0.9465987 -0.2871480 -0.1466184
v -0.0567950 -0.0172286 -0.0088038 0.752941 0.752941 0.752941
vn -0.9523396 -0.2888882 -0.0979426
v -0.0571399 -0.0173332 -0.0058810 0.752941 0.752941 0.752941
vn -0.9557895 -0.2899354 -0.0490301
v -0.0573473 -0.0173961 -0.0029441 0.752941 0.752941 0.752941
vn -0.9569405 -0.2902842 -0.0000003
v -0.0574164 -0.0174171 0.0000000 0.752941 0.752941 0.752941
vn -0.9557894 -0.2899354 0.0490307
v -0.0573473 -0.0173961 0.0029441 0.752941 0.752941 0.752941
vn -0.9523396 -0.2888888 0.0979419
v -0.0571399 -0.0173332 0.0058810 0.752941 0.752941 0.752941
vn -0.9465987 -0.2871477 0.1466186
v -0.0567950 -0.0172286 0.0088038 0.752941 0.752941 0.752941
vn -0.9385809 -0.2847158 0.1949430
v -0.0563132 -0.0170824 0.0117054 0.752941 0.752941 0.752941
vn -0.9283049 -0.2815989 0.2428006
v -0.0556957 -0.0168951 0.0145788 0.752941 0.752941 0.752941
vn -0.9157960 -0.2778045 0.2900732
v -0.0549441 -0.0166671 0.0174171 0.752941 0.752941 0.752941
vn -0.9010848 -0.2733406 0.3366469
v -0.0540601 -0.0163989 0.0202134 0.752941 0.752941 0.752941
vn -0.8842052 -0.2682199 0.3824124
v -0.0530459 -0.0160913 0.0229610 0.752941 0.752941 0.752941
vn -0.8651979 -0.2624547 0.4272588
v -0.0519038 -0.0157449 0.0256533 0.752941 0.752941 0.752941
vn -0.8441088 -0.2560576 0.4710783
v -0.0506368 -0.0153605 0.0282838 0.752941 0.752941 0.752941
vn -0.8209886 -0.2490444 0.5137652
v -0.0492477 -0.0149391 0.0308462 0.752941 0.752941 0.752941
vn -0.7958934 -0.2414317 0.5552156
v -0.0477400 -0.0144818 0.0333342 0.752941 0.752941 0.752941
vn -0.7688810 -0.2332377 0.5953336
v -0.0461173 -0.0139895 0.0357420 0.752941 0.752941 0.752941
vn -0.7400203 -0.2244820 0.6340172
v -0.0443835 -0.0134636 0.0380636 0.752941 0.752941 0.752941
vn -0.7093774 -0.2151871 0.6711767
v -0.0425428 -0.0129052 0.0402935 0.752941 0.752941 0.752941
vn -0.6770250 -0.2053741 0.7067239
v -0.0405995 -0.0123157 0.0424264 0.752941 0.752941 0.752941
vn -0.6430441 -0.1950657 0.7405699
v -0.0385585 -0.0116966 0.0444571 0.752941 0.752941 0.752941
vn -0.6075144 -0.1842872 0.7726348
v -0.0364246 -0.0110493 0.0463806 0.752941 0.752941 0.752941
vn -0.5705219 -0.1730666 0.8028405
v -0.0342029 -0.0103753 0.0481924 0.752941 0.752941 0.752941
vn -0.5321544 -0.1614278 0.8311154
v -0.0318989 -0.0096764 0.0498882 0.752941 0.752941 0.752941
vn -0.4925044 -0.1493996 0.8573909
v -0.0295179 -0.0089542 0.0514637 0.752941 0.752941 0.752941
vn -0.4516703 -0.1370127 0.8816016
v -0.0270659 -0.0082104 0.0529153 0.752941 0.752941 0.752941
vn -0.4097451 -0.1242949 0.9036923
v -0.0245487 -0.0074468 0.0542394 0.752941 0.752941 0.752941
vn -0.3668293 -0.1112763 0.9236092
v -0.0219723 -0.0066652 0.0554328 0.752941 0.752941 0.752941
vn -0.3230332 -0.0979913 0.9413009
v -0.0193430 -0.0058676 0.0564926 0.752941 0.752941 0.752941
vn -0.2784572 -0.0844694 0.9567270
v -0.0166671 -0.0050559 0.0574164 0.752941 0.752941 0.752941
vn -0.2332065 -0.0707427 0.9698506
v -0.0139511 -0.0042320 0.0582019 0.752941 0.752941 0.752941
vn -0.1873947 -0.0568459 0.9806385
v -0.0112014 -0.0033979 0.0588471 0.752941 0.752941 0.752941
vn -0.1411319 -0.0428116 0.9890648
v -0.0084247 -0.0025556 0.0593506 0.752941 0.752941 0.752941
vn -0.0945244 -0.0286737 0.9951096
v -0.0056278 -0.0017072 0.0597111 0.752941 0.752941 0.752941
vn -0.0476862 -0.0144652 0.9987577
v -0.0028173 -0.0008546 0.0599277 0.752941 0.752941 0.752941
vn -0.0460387 -0.0190697 -0.9987577
v -0.0027200 -0.0011266 -0.0599277 0.752941 0.752941 0.752941
vn -0.0912587 -0.0378006 -0.9951096
v -0.0054334 -0.0022506 -0.0597111 0.752941 0.752941 0.752941
vn -0.1362561 -0.0564385 -0.9890648
v -0.0081337 -0.0033691 -0.0593506 0.752941 0.752941 0.752941
vn -0.1809210 -0.0749395 -0.9806384
v -0.0108144 -0.0044795 -0.0588471 0.752941 0.752941 0.752941
vn -0.2251497 -0.0932603 -0.9698506
v -0.0134691 -0.0055791 -0.0582019 0.752941 0.752941 0.752941
vn -0.2688367 -0.1113564 -0.9567270
v -0.0160913 -0.0066652 -0.0574164 0.752941 0.752941 0.752941
vn -0.3118728 -0.1291814 -0.9413010
v -0.0186747 -0.0077353 -0.0564926 0.752941 0.752941 0.752941
vn -0.3541561 -0.1466964 -0.9236090
v -0.0212132 -0.0087868 -0.0554328 0.752941 0.752941 0.752941
vn -0.3955891 -0.1638583 -0.9036922
v -0.0237006 -0.0098171 -0.0542394 0.752941 0.752941 0.752941
vn -0.4360656 -0.1806244 -0.8816018
v -0.0261308 -0.0108237 -0.0529153 0.752941 0.752941 0.752941
vn -0.4754890 -0.1969536 -0.8573911
v -0.0284981 -0.0118043 -0.0514637 0.752941 0.752941 0.752941
vn -0.5137700 -0.2128109 -0.8311149
v -0.0307968 -0.0127565 -0.0498882 0.752941 0.752941 0.752941
vn -0.5508114 -0.2281542 -0.8028402
v -0.0330213 -0.0136779 -0.0481924 0.752941 0.752941 0.752941
vn -0.5865249 -0.2429463 -0.7726355
v -0.0351662 -0.0145663 -0.0463806 0.752941 0.752941 0.752941
vn -0.6208285 -0.2571547 -0.7405697
v -0.0372264 -0.0154197 -0.0444571 0.752941 0.752941 0.752941
vn -0.6536354 -0.2707445 -0.7067236
v -0.0391969 -0.0162359 -0.0424264 0.752941 0.752941 0.752941
vn -0.6848685 -0.2836812 -0.6711782
v -0.0410730 -0.0170130 -0.0402935 0.752941 0.752941 0.752941
vn -0.7144537 -0.2959357 -0.6340174
v -0.0428501 -0.0177491 -0.0380636 0.752941 0.752941 0.752941
vn -0.7423183 -0.3074778 -0.5953326
v -0.0445240 -0.0184425 -0.0357420 0.752941 0.752941 0.752941
vn -0.7683969 -0.3182798 -0.5552155
v -0.0460907 -0.0190914 -0.0333342 0.752941 0.752941 0.752941
vn -0.7926250 -0.3283160 -0.5137649
v -0.0475463 -0.0196943 -0.0308462 0.752941 0.752941 0.752941
vn -0.8149462 -0.3375610 -0.4710788
v -0.0488873 -0.0202498 -0.0282838 0.752941 0.752941 0.752941
vn -0.8353068 -0.3459949 -0.4272588
v -0.0501106 -0.0207565 -0.0256533 0.752941 0.752941 0.752941
vn -0.8536569 -0.3535956 -0.3824134
v -0.0512132 -0.0212132 -0.0229610 0.752941 0.752941 0.752941
vn -0.8699538 -0.3603462 -0.3366468
v -0.0521924 -0.0216188 -0.0202134 0.752941 0.752941 0.752941
vn -0.8841575 -0.3662305 -0.2900703
v -0.0530459 -0.0219723 -0.0174171 0.752941 0.752941 0.752941
vn -0.8962337 -0.3712325 -0.2427995
v -0.0537715 -0.0222729 -0.0145788 0.752941 0.752941 0.752941
vn -0.9061543 -0.3753414 -0.1949441
v -0.0543676 -0.0225198 -0.0117054 0.752941 0.752941 0.752941
vn -0.9138952 -0.3785471 -0.1466208
v -0.0548328 -0.0227125 -0.0088038 0.752941 0.752941 0.752941
vn -0.9194377 -0.3808437 -0.0979413
v -0.0551658 -0.0228504 -0.0058810 0.752941 0.752941 0.752941
vn -0.9227687 -0.3822227 -0.0490304
v -0.0553660 -0.0229333 -0.0029441 0.752941 0.752941 0.752941
vn -0.9238796 -0.3826833 0.0000003
v -0.0554328 -0.0229610 0.0000000 0.752941 0.752941 0.752941
vn -0.9227687 -0.3822227 0.0490298
v -0.0553660 -0.0229333 0.0029441 0.752941 0.752941 0.752941
vn -0.9194378 -0.3808431 0.0979417
v -0.0551658 -0.0228504 0.0058810 0.752941 0.752941 0.752941
vn -0.9138950 -0.3785478 0.1466204
v -0.0548328 -0.0227125 0.0088038 0.752941 0.752941 0.752941
vn -0.9061541 -0.3753418 0.1949445
v -0.0543676 -0.0225198 0.0117054 0.752941 0.752941 0.752941
vn -0.8962339 -0.3712321 0.2427993
v -0.0537715 -0.0222729 0.0145788 0.752941 0.752941 0.752941
vn -0.8841578 -0.3662296 0.2900706
v -0.0530459 -0.0219723 0.0174171 0.752941 0.752941 0.752941
vn -0.8699540 -0.3603461 0.3366464
v -0.0521924 -0.0216188 0.0202134 0.752941 0.752941 0.752941
vn -0.8536567 -0.3535960 0.3824137
v -0.0512132 -0.0212132 0.0229610 0.752941 0.752941 0.752941
vn -0.8353068 -0.3459950 0.4272588
v -0.0501106 -0.0207565 0.0256533 0.752941 0.752941 0.752941
vn -0.8149463 -0.3375611 0.4710786
v -0.0488873 -0.0202498 0.0282838 0.752941 0.752941 0.752941
vn -0.7926249 -0.3283157 0.5137652
v -0.0475463 -0.0196943 0.0308462 0.752941 0.752941 0.752941
vn -0.7683969 -0.3182799 0.5552155
v -0.0460907 -0.0190914 0.0333342 0.752941 0.752941 0.752941
vn -0.7423185 -0.3074775 0.5953327
v -0.0445240 -0.0184425 0.0357420 0.752941 0.752941 0.752941
vn -0.7144538 -0.2959356 0.6340173
v -0.0428501 -0.0177491 0.0380636 0.752941 0.752941 0.752941
vn -0.6848683 -0.2836817 0.6711782
v -0.0410730 -0.0170130 0.0402935 0.752941 0.752941 0.752941
vn -0.6536347 -0.2707447 0.7067242
v -0.0391969 -0.0162359 0.0424264 0.752941 0.752941 0.752941
vn -0.6208290 -0.2571549 0.7405692
v -0.0372264 -0.0154197 0.0444571 0.752941 0.752941 0.752941
vn -0.5865249 -0.2429463 0.7726356
v -0.0351662 -0.0145663 0.0463806 0.752941 0.752941 0.752941
vn -0.5508112 -0.2281538 0.8028405
v -0.0330213 -0.0136779 0.0481924 0.752941 0.752941 0.752941
vn -0.5137700 -0.2128106 0.8311149
v -0.0307968 -0.0127565 0.0498882 0.752941 0.752941 0.752941
vn -0.4754893 -0.1969537 0.8573909
v -0.0284981 -0.0118043 0.0514637 0.752941 0.752941 0.752941
vn -0.4360653 -0.1806244 0.8816019
v -0.0261308 -0.0108237 0.0529153 0.752941 0.752941 0.752941
vn -0.3955892 -0.1638585 0.9036922
v -0.0237006 -0.0098171 0.0542394 0.752941 0.752941 0.752941
vn -0.3541560 -0.1466962 0.9236091
v -0.0212132 -0.0087868 0.0554328 0.752941 0.752941 0.752941
vn -0.3118732 -0.1291817 0.9413009
v -0.0186747 -0.0077353 0.0564926 0.752941 0.752941 0.752941
vn -0.2688363 -0.1113564 0.9567271
v -0.0160913 -0.0066652 0.0574164 0.752941 0.752941 0.752941
vn -0.2251497 -0.0932603 0.9698506
v -0.0134691 -0.0055791 0.0582019 0.752941 0.752941 0.752941
vn -0.1809211 -0.0749394 0.9806384
v -0.0108144 -0.0044795 0.0588471 0.752941 0.752941 0.752941
vn -0.1362562 -0.0564385 0.9890648
v -0.0081337 -0.0033691 0.0593506 0.752941 0.752941 0.752941
vn -0.0912586 -0.0378006 0.9951096
v -0.0054334 -0.0022506 0.0597111 0.752941 0.752941 0.752941
vn -0.0460387 -0.0190697 0.9987577
v -0.0027200 -0.0011266 0.0599277 0.752941 0.752941 0.752941
vn -0.0439478 -0.0234908 -0.9987576
v -0.0025964 -0.0013878 -0.0599277 0.752941 0.752941 0.752941
vn -0.0871140 -0.0465638 -0.9951096
v -0.0051866 -0.0027723 -0.0597111 0.752941 0.752941 0.752941
vn -0.1300679 -0.0695224 -0.9890648
v -0.0077643 -0.0041501 -0.0593506 0.752941 0.752941 0.752941
vn -0.1727043 -0.0923128 -0.9806384
v -0.0103233 -0.0055179 -0.0588471 0.752941 0.752941 0.752941
vn -0.2149246 -0.1148794 -0.9698506
v -0.0128574 -0.0068724 -0.0582019 0.752941 0.752941 0.752941
vn -0.2566274 -0.1371700 -0.9567271
v -0.0153605 -0.0082104 -0.0574164 0.752941 0.752941 0.752941
vn -0.2977090 -0.1591290 -0.9413009
v -0.0178266 -0.0095285 -0.0564926 0.752941 0.752941 0.752941
vn -0.3380719 -0.1807033 -0.9236091
v -0.0202498 -0.0108237 -0.0554328 0.752941 0.752941 0.752941
vn -0.3776234 -0.2018442 -0.9036922
v -0.0226242 -0.0120929 -0.0542394 0.752941 0.752941 0.752941
vn -0.4162612 -0.2224966 -0.8816019
v -0.0249441 -0.0133329 -0.0529153 0.752941 0.752941 0.752941
vn -0.4538944 -0.2426118 -0.8573911
v -0.0272039 -0.0145408 -0.0514637 0.752941 0.752941 0.752941
vn -0.4904372 -0.2621445 -0.8311148
v -0.0293982 -0.0157136 -0.0498882 0.752941 0.752941 0.752941
vn -0.5257958 -0.2810439 -0.8028407
v -0.0315216 -0.0168486 -0.0481924 0.752941 0.752941 0.752941
vn -0.5598871 -0.2992657 -0.7726361
v -0.0335691 -0.0179431 -0.0463806 0.752941 0.752941 0.752941
vn -0.5926335 -0.3167695 -0.7405691
v -0.0355357 -0.0189942 -0.0444571 0.752941 0.752941 0.752941
vn -0.6239505 -0.3335086 -0.7067233
v -0.0374167 -0.0199997 -0.0424264 0.752941 0.752941 0.752941
vn -0.6537648 -0.3494447 -0.6711782
v -0.0392076 -0.0209569 -0.0402935 0.752941 0.752941 0.752941
vn -0.6820063 -0.3645399 -0.6340175
v -0.0409041 -0.0218637 -0.0380636 0.752941 0.752941 0.752941
vn -0.7086054 -0.3787576 -0.5953328
v -0.0425019 -0.0227178 -0.0357420 0.752941 0.752941 0.752941
vn -0.7334998 -0.3920638 -0.5552153
v -0.0439974 -0.0235171 -0.0333342 0.752941 0.752941 0.752941
vn -0.7566275 -0.4044253 -0.5137656
v -0.0453869 -0.0242598 -0.0308462 0.752941 0.752941 0.752941
vn -0.7779351 -0.4158145 -0.4710788
v -0.0466671 -0.0249441 -0.0282838 0.752941 0.752941 0.752941
vn -0.7973712 -0.4262039 -0.4272580
v -0.0478348 -0.0255683 -0.0256533 0.752941 0.752941 0.752941
vn -0.8148877 -0.4355666 -0.3824131
v -0.0488873 -0.0261308 -0.0229610 0.752941 0.752941 0.752941
vn -0.8304443 -0.4438826 -0.3366462
v -0.0498221 -0.0266304 -0.0202134 0.752941 0.752941 0.752941
vn -0.8440029 -0.4511290 -0.2900721
v -0.0506368 -0.0270659 -0.0174171 0.752941 0.752941 0.752941
vn -0.8555313 -0.4572902 -0.2428002
v -0.0513295 -0.0274362 -0.0145788 0.752941 0.752941 0.752941
vn -0.8650014 -0.4623520 -0.1949439
v -0.0518985 -0.0277403 -0.0117054 0.752941 0.752941 0.752941
vn -0.8723903 -0.4663024 -0.1466192
v -0.0523425 -0.0279777 -0.0088038 0.752941 0.752941 0.752941
vn -0.8776810 -0.4691302 -0.0979429
v -0.0526605 -0.0281476 -0.0058810 0.752941 0.752941 0.752941
vn -0.8808606 -0.4708300 -0.0490300
v -0.0528515 -0.0282497 -0.0029441 0.752941 0.752941 0.752941
vn -0.8819212 -0.4713969 0.0000001
v -0.0529153 -0.0282838 0.0000000 0.752941 0.752941 0.752941
vn -0.8808606 -0.4708298 0.0490297
v -0.0528515 -0.0282497 0.0029441 0.752941 0.752941 0.752941
vn -0.8776807 -0.4691308 0.0979432
v -0.0526605 -0.0281476 0.0058810 0.752941 0.752941 0.752941
vn -0.8723903 -0.4663024 0.1466195
v -0.0523425 -0.0279777 0.0088038 0.752941 0.752941 0.752941
vn -0.8650015 -0.4623521 0.1949435
v -0.0518985 -0.0277403 0.0117054 0.752941 0.752941 0.752941
vn -0.8555313 -0.4572903 0.2428001
v -0.0513295 -0.0274362 0.0145788 0.752941 0.752941 0.752941
vn -0.8440029 -0.4511291 0.2900719
v -0.0506368 -0.0270659 0.0174171 0.752941 0.752941 0.752941
vn -0.8304439 -0.4438825 0.3366470
v -0.0498221 -0.0266304 0.0202134 0.752941 0.752941 0.752941
vn -0.8148879 -0.4355667 0.3824125
v -0.0488873 -0.0261308 0.0229610 0.752941 0.752941 0.752941
vn -0.7973713 -0.4262036 0.4272583
v -0.0478348 -0.0255683 0.0256533 0.752941 0.752941 0.752941
vn -0.7779353 -0.4158147 0.4710786
v -0.0466671 -0.0249441 0.0282838 0.752941 0.752941 0.752941
vn -0.7566274 -0.4044255 0.5137656
v -0.0453869 -0.0242598 0.0308462 0.752941 0.752941 0.752941
vn -0.7335002 -0.3920634 0.5552151
v -0.0439974 -0.0235171 0.0333342 0.752941 0.752941 0.752941
vn -0.7086052 -0.3787576 0.5953330
v -0.0425019 -0.0227178 0.0357420 0.752941 0.752941 0.752941
vn -0.6820063 -0.3645400 0.6340173
v -0.0409041 -0.0218637 0.0380636 0.752941 0.752941 0.752941
vn -0.6537647 -0.3494446 0.6711782
v -0.0392076 -0.0209569 0.0402935 0.752941 0.752941 0.752941
vn -0.6239507 -0.3335083 0.7067233
v -0.0374167 -0.0199997 0.0424264 0.752941 0.752941 0.752941
vn -0.5926338 -0.3167691 0.7405691
v -0.0355357 -0.0189942 0.0444571 0.752941 0.752941 0.752941
vn -0.5598869 -0.2992661 0.7726361
v -0.0335691 -0.0179431 0.0463806 0.752941 0.752941 0.752941
vn -0.5257956 -0.2810441 0.8028407
v -0.0315216 -0.0168486 0.0481924 0.752941 0.752941 0.752941
vn -0.4904371 -0.2621444 0.8311148
v -0.0293982 -0.0157136 0.0498882 0.752941 0.752941 0.752941
vn -0.4538946 -0.2426118 0.8573909
v -0.0272039 -0.0145408 0.0514637 0.752941 0.752941 0.752941
vn -0.4162611 -0.2224965 0.8816020
v -0.0249441 -0.0133329 0.0529153 0.752941 0.752941 0.752941
vn -0.3776234 -0.2018442 0.9036922
v -0.0226242 -0.0120929 0.0542394 0.752941 0.752941 0.752941
vn -0.3380720 -0.1807034 0.9236090
v -0.0202498 -0.0108237 0.0554328 0.752941 0.752941 0.752941
vn -0.2977090 -0.1591289 0.9413009
v -0.0178266 -0.0095285 0.0564926 0.752941 0.752941 0.752941
vn -0.2566273 -0.1371702 0.9567271
v -0.0153605 -0.0082104 0.0574164 0.752941 0.752941 0.752941
vn -0.2149249 -0.1148794 0.9698505
v -0.0128574 -0.0068724 0.0582019 0.752941 0.752941 0.752941
vn -0.1727042 -0.0923126 0.9806384
v -0.0103233 -0.0055179 0.0588471 0.752941 0.752941 0.752941
vn -0.1300680 -0.0695225 0.9890648
v -0.0077643 -0.0041501 0.0593506 0.752941 0.752941 0.752941
vn -0.0871140 -0.0465637 0.9951096
v -0.0051866 -0.0027723 0.0597111 0.752941 0.752941 0.752941
vn -0.0439478 -0.0234908 0.9987576
v -0.0025964 -0.0013878 0.0599277 0.752941 0.752941 0.752941
vn -0.0414335 -0.0276852 -0.9987577
v -0.0024479 -0.0016356 -0.0599277 0.752941 0.752941 0.752941
vn -0.0821303 -0.0548782 -0.9951096
v -0.0048899 -0.0032673 -0.0597111 0.752941 0.752941 0.752941
vn -0.1226270 -0.0819369 -0.9890648
v -0.0073201 -0.0048911 -0.0593506 0.752941 0.752941 0.752941
vn -0.1628241 -0.1087964 -0.9806384
v -0.0097327 -0.0065032 -0.0588471 0.752941 0.752941 0.752941
vn -0.2026294 -0.1353926 -0.9698506
v -0.0121218 -0.0080996 -0.0582019 0.752941 0.752941 0.752941
vn -0.2419466 -0.1616640 -0.9567270
v -0.0144818 -0.0096764 -0.0574164 0.752941 0.752941 0.752941
vn -0.2806779 -0.1875434 -0.9413009
v -0.0168068 -0.0112300 -0.0564926 0.752941 0.752941 0.752941
vn -0.3187322 -0.2129697 -0.9236091
v -0.0190914 -0.0127565 -0.0554328 0.752941 0.752941 0.752941
vn -0.3560211 -0.2378857 -0.9036921
v -0.0213299 -0.0142522 -0.0542394 0.752941 0.752941 0.752941
vn -0.3924484 -0.2622253 -0.8816021
v -0.0235171 -0.0157136 -0.0529153 0.752941 0.752941 0.752941
vn -0.4279290 -0.2859330 -0.8573909
v -0.0256476 -0.0171372 -0.0514637 0.752941 0.752941 0.752941
vn -0.4623811 -0.3089532 -0.8311147
v -0.0277164 -0.0185195 -0.0498882 0.752941 0.752941 0.752941
vn -0.4957169 -0.3312277 -0.8028406
v -0.0297183 -0.0198572 -0.0481924 0.752941 0.752941 0.752941
vn -0.5278578 -0.3527042 -0.7726357
v -0.0316487 -0.0211470 -0.0463806 0.752941 0.752941 0.752941
vn -0.5587302 -0.3733330 -0.7405694
v -0.0335028 -0.0223859 -0.0444571 0.752941 0.752941 0.752941
vn -0.5882561 -0.3930596 -0.7067242
v -0.0352763 -0.0235708 -0.0424264 0.752941 0.752941 0.752941
vn -0.6163653 -0.4118420 -0.6711780
v -0.0369647 -0.0246990 -0.0402935 0.752941 0.752941 0.752941
vn -0.6429911 -0.4296333 -0.6340172
v -0.0385641 -0.0257677 -0.0380636 0.752941 0.752941 0.752941
vn -0.6680683 -0.4463894 -0.5953329
v -0.0400706 -0.0267743 -0.0357420 0.752941 0.752941 0.752941
vn -0.6915385 -0.4620706 -0.5552165
v -0.0414805 -0.0277164 -0.0333342 0.752941 0.752941 0.752941
vn -0.7133436 -0.4766406 -0.5137652
v -0.0427905 -0.0285917 -0.0308462 0.752941 0.752941 0.752941
vn -0.7334325 -0.4900639 -0.4710778
v -0.0439974 -0.0293982 -0.0282838 0.752941 0.752941 0.752941
vn -0.7517564 -0.5023072 -0.4272586
v -0.0450984 -0.0301338 -0.0256533 0.752941 0.752941 0.752941
vn -0.7682713 -0.5133423 -0.3824120
v -0.0460907 -0.0307968 -0.0229610 0.752941 0.752941 0.752941
vn -0.7829378 -0.5231422 -0.3366462
v -0.0469719 -0.0313856 -0.0202134 0.752941 0.752941 0.752941
vn -0.7957202 -0.5316830 -0.2900735
v -0.0477400 -0.0318989 -0.0174171 0.752941 0.752941 0.752941
vn -0.8065892 -0.5389448 -0.2428012
v -0.0483931 -0.0323352 -0.0145788 0.752941 0.752941 0.752941
vn -0.8155175 -0.5449116 -0.1949427
v -0.0489296 -0.0326937 -0.0117054 0.752941 0.752941 0.752941
vn -0.8224840 -0.5495664 -0.1466183
v -0.0493482 -0.0329734 -0.0088038 0.752941 0.752941 0.752941
vn -0.8274721 -0.5528991 -0.0979420
v -0.0496479 -0.0331737 -0.0058810 0.752941 0.752941 0.752941
vn -0.8304698 -0.5549018 -0.0490302
v -0.0498281 -0.0332941 -0.0029441 0.752941 0.752941 0.752941
vn -0.8314696 -0.5555704 0.0000001
v -0.0498882 -0.0333342 0.0000000 0.752941 0.752941 0.752941
vn -0.8304695 -0.5549021 0.0490302
v -0.0498281 -0.0332941 0.0029441 0.752941 0.752941 0.752941
vn -0.8274723 -0.5528987 0.0979419
v -0.0496479 -0.0331737 0.0058810 0.752941 0.752941 0.752941
vn -0.8224844 -0.5495658 0.1466182
v -0.0493482 -0.0329734 0.0088038 0.752941 0.752941 0.752941
vn -0.8155175 -0.5449114 0.1949431
v -0.0489296 -0.0326937 0.0117054 0.752941 0.752941 0.752941
vn -0.8065891 -0.5389452 0.2428006
v -0.0483931 -0.0323352 0.0145788 0.752941 0.752941 0.752941
vn -0.7957199 -0.5316833 0.2900737
v -0.0477400 -0.0318989 0.0174171 0.752941 0.752941 0.752941
vn -0.7829376 -0.5231423 0.3366464
v -0.0469719 -0.0313856 0.0202134 0.752941 0.752941 0.752941
vn -0.7682716 -0.5133421 0.3824118
v -0.0460907 -0.0307968 0.0229610 0.752941 0.752941 0.752941
vn -0.7517563 -0.5023073 0.4272585
v -0.0450984 -0.0301338 0.0256533 0.752941 0.752941 0.752941
vn -0.7334327 -0.4900634 0.4710779
v -0.0439974 -0.0293982 0.0282838 0.752941 0.752941 0.752941
vn -0.7133436 -0.4766406 0.5137652
v -0.0427905 -0.0285917 0.0308462 0.752941 0.752941 0.752941
vn -0.6915384 -0.4620710 0.5552163
v -0.0414805 -0.0277164 0.0333342 0.752941 0.752941 0.752941
vn -0.6680683 -0.4463891 0.5953332
v -0.0400706 -0.0267743 0.0357420 0.752941 0.752941 0.752941
vn -0.6429912 -0.4296332 0.6340171
v -0.0385641 -0.0257677 0.0380636 0.752941 0.752941 0.752941
vn -0.6163650 -0.4118423 0.6711783
v -0.0369647 -0.0246990 0.0402935 0.752941 0.752941 0.752941
vn -0.5882565 -0.3930600 0.7067235
v -0.0352763 -0.0235708 0.0424264 0.752941 0.752941 0.752941
vn -0.5587298 -0.3733325 0.7405700
v -0.0335028 -0.0223859 0.0444571 0.752941 0.752941 0.752941
vn -0.5278577 -0.3527043 0.7726357
v -0.0316487 -0.0211470 0.0463806 0.752941 0.752941 0.752941
vn -0.4957169 -0.3312279 0.8028405
v -0.0297183 -0.0198572 0.0481924 0.752941 0.752941 0.752941
vn -0.4623811 -0.3089532 0.8311147
v -0.0277164 -0.0185195 0.0498882 0.752941 0.752941 0.752941
vn -0.4279288 -0.2859330 0.8573910
v -0.0256476 -0.0171372 0.0514637 0.752941 0.752941 0.752941
vn -0.3924485 -0.2622255 0.8816020
v -0.0235171 -0.0157136 0.0529153 0.752941 0.752941 0.752941
vn -0.3560209 -0.2378856 0.9036922
v -0.0213299 -0.0142522 0.0542394 0.752941 0.752941 0.752941
vn -0.3187325 -0.2129699 0.9236090
v -0.0190914 -0.0127565 0.0554328 0.752941 0.752941 0.752941
vn -0.2806777 -0.1875432 0.9413010
v -0.0168068 -0.0112300 0.0564926 0.752941 0.752941 0.752941
vn -0.2419467 -0.1616638 0.9567270
v -0.0144818 -0.0096764 0.0574164 0.752941 0.752941 0.752941
vn -0.2026294 -0.1353928 0.9698506
v -0.0121218 -0.0080996 0.0582019 0.752941 0.752941 0.752941
vn -0.1628239 -0.1087964 0.9806384
v -0.0097327 -0.0065032 0.0588471 0.752941 0.752941 0.752941
vn -0.1226271 -0.0819369 0.9890648
v -0.0073201 -0.0048911 0.0593506 0.752941 0.752941 0.752941
vn -0.0821303 -0.0548783 0.9951096
v -0.0048899 -0.0032673 0.0597111 0.752941 0.752941 0.752941
vn -0.0414335 -0.0276852 0.9987577
v -0.0024479 -0.0016356 0.0599277 0.752941 0.752941 0.752941
vn -0.0385204 -0.0316135 -0.9987576
v -0.0022758 -0.0018677 -0.0599277 0.752941 0.752941 0.752941
vn -0.0763563 -0.0626635 -0.9951096
v -0.0045461 -0.0037309 -0.0597111 0.752941 0.752941 0.752941
vn -0.1140058 -0.0935613 -0.9890648
v -0.0068055 -0.0055851 -0.0593506 0.752941 0.752941 0.752941
vn -0.1513771 -0.1242307 -0.9806384
v -0.0090484 -0.0074258 -0.0588471 0.752941 0.752941 0.752941
vn -0.1883833 -0.1546016 -0.9698506
v -0.0112696 -0.0092487 -0.0582019 0.752941 0.752941 0.752941
vn -0.2249359 -0.1846003 -0.9567270
v -0.0134636 -0.0110493 -0.0574164 0.752941 0.752941 0.752941
vn -0.2609437 -0.2141514 -0.9413010
v -0.0156252 -0.0128232 -0.0564926 0.752941 0.752941 0.752941
vn -0.2963224 -0.2431859 -0.9236091
v -0.0177491 -0.0145663 -0.0554328 0.752941 0.752941 0.752941
vn -0.3309902 -0.2716354 -0.9036923
v -0.0198303 -0.0162743 -0.0542394 0.752941 0.752941 0.752941
vn -0.3648563 -0.2994297 -0.8816019
v -0.0218637 -0.0179431 -0.0529153 0.752941 0.752941 0.752941
vn -0.3978422 -0.3265004 -0.8573908
v -0.0238444 -0.0195686 -0.0514637 0.752941 0.752941 0.752941
vn -0.4298719 -0.3527870 -0.8311146
v -0.0257677 -0.0211470 -0.0498882 0.752941 0.752941 0.752941
vn -0.4608642 -0.3782215 -0.8028404
v -0.0276289 -0.0226745 -0.0481924 0.752941 0.752941 0.752941
vn -0.4907458 -0.4027449 -0.7726352
v -0.0294236 -0.0241473 -0.0463806 0.752941 0.752941 0.752941
vn -0.5194471 -0.4262978 -0.7405707
v -0.0311473 -0.0255619 -0.0444571 0.752941 0.752941 0.752941
vn -0.5468971 -0.4488260 -0.7067240
v -0.0327961 -0.0269150 -0.0424264 0.752941 0.752941 0.752941
vn -0.5730302 -0.4702740 -0.6711771
v -0.0343658 -0.0282033 -0.0402935 0.752941 0.752941 0.752941
vn -0.5977837 -0.4905882 -0.6340173
v -0.0358527 -0.0294236 -0.0380636 0.752941 0.752941 0.752941
vn -0.6210973 -0.5097214 -0.5953337
v -0.0372533 -0.0305730 -0.0357420 0.752941 0.752941 0.752941
vn -0.6429172 -0.5276292 -0.5552162
v -0.0385641 -0.0316487 -0.0333342 0.752941 0.752941 0.752941
vn -0.6631896 -0.5442652 -0.5137655
v -0.0397820 -0.0326482 -0.0308462 0.752941 0.752941 0.752941
vn -0.6818658 -0.5595933 -0.4710779
v -0.0409041 -0.0335691 -0.0282838 0.752941 0.752941 0.752941
vn -0.6989014 -0.5735738 -0.4272588
v -0.0419276 -0.0344091 -0.0256533 0.752941 0.752941 0.752941
vn -0.7142552 -0.5861747 -0.3824117
v -0.0428501 -0.0351662 -0.0229610 0.752941 0.752941 0.752941
vn -0.7278908 -0.5973644 -0.3366463
v -0.0436694 -0.0358386 -0.0202134 0.752941 0.752941 0.752941
vn -0.7397745 -0.6071171 -0.2900734
v -0.0443835 -0.0364246 -0.0174171 0.752941 0.752941 0.752941
vn -0.7498788 -0.6154105 -0.2427997
v -0.0449907 -0.0369229 -0.0145788 0.752941 0.752941 0.752941
vn -0.7581798 -0.6222222 -0.1949433
v -0.0454894 -0.0373322 -0.0117054 0.752941 0.752941 0.752941
vn -0.7646568 -0.6275370 -0.1466200
v -0.0458786 -0.0376516 -0.0088038 0.752941 0.752941 0.752941
vn -0.7692938 -0.6313433 -0.0979426
v -0.0461573 -0.0378803 -0.0058810 0.752941 0.752941 0.752941
vn -0.7720806 -0.6336306 -0.0490290
v -0.0463248 -0.0380177 -0.0029441 0.752941 0.752941 0.752941
vn -0.7730105 -0.6343933 0.0000001
v -0.0463806 -0.0380636 0.0000000 0.752941 0.752941 0.752941
vn -0.7720811 -0.6336300 0.0490287
v -0.0463248 -0.0380177 0.0029441 0.752941 0.752941 0.752941
vn -0.7692935 -0.6313435 0.0979430
v -0.0461573 -0.0378803 0.0058810 0.752941 0.752941 0.752941
vn -0.7646561 -0.6275378 0.1466199
v -0.0458786 -0.0376516 0.0088038 0.752941 0.752941 0.752941
vn -0.7581800 -0.6222221 0.1949430
v -0.0454894 -0.0373322 0.0117054 0.752941 0.752941 0.752941
vn -0.7498791 -0.6154100 0.2428002
v -0.0449907 -0.0369229 0.0145788 0.752941 0.752941 0.752941
vn -0.7397742 -0.6071175 0.2900734
v -0.0443835 -0.0364246 0.0174171 0.752941 0.752941 0.752941
vn -0.7278912 -0.5973642 0.3366458
v -0.0436694 -0.0358386 0.0202134 0.752941 0.752941 0.752941
vn -0.7142551 -0.5861745 0.3824123
v -0.0428501 -0.0351662 0.0229610 0.752941 0.752941 0.752941
vn -0.6989015 -0.5735739 0.4272583
v -0.0419276 -0.0344091 0.0256533 0.752941 0.752941 0.752941
vn -0.6818652 -0.5595934 0.4710788
v -0.0409041 -0.0335691 0.0282838 0.752941 0.752941 0.752941
vn -0.6631899 -0.5442656 0.5137647
v -0.0397820 -0.0326482 0.0308462 0.752941 0.752941 0.752941
vn -0.6429173 -0.5276285 0.5552166
v -0.0385641 -0.0316487 0.0333342 0.752941 0.752941 0.752941
vn -0.6210969 -0.5097219 0.5953337
v -0.0372533 -0.0305730 0.0357420 0.752941 0.752941 0.752941
vn -0.5977836 -0.4905885 0.6340172
v -0.0358527 -0.0294236 0.0380636 0.752941 0.752941 0.752941
vn -0.5730306 -0.4702735 0.6711772
v -0.0343658 -0.0282033 0.0402935 0.752941 0.752941 0.752941
vn -0.5468968 -0.4488263 0.7067240
v -0.0327961 -0.0269150 0.0424264 0.752941 0.752941 0.752941
vn -0.5194470 -0.4262985 0.7405704
v -0.0311473 -0.0255619 0.0444571 0.752941 0.752941 0.752941
vn -0.4907460 -0.4027442 0.7726355
v -0.0294236 -0.0241473 0.0463806 0.752941 0.752941 0.752941
vn -0.4608647 -0.3782214 0.8028402
v -0.0276289 -0.0226745 0.0481924 0.752941 0.752941 0.752941
vn -0.4298716 -0.3527868 0.8311149
v -0.0257677 -0.0211470 0.0498882 0.752941 0.752941 0.752941
vn -0.3978425 -0.3265006 0.8573907
v -0.0238444 -0.0195686 0.0514637 0.752941 0.752941 0.752941
vn -0.3648560 -0.2994294 0.8816020
v -0.0218637 -0.0179431 0.0529153 0.752941 0.752941 0.752941
vn -0.3309906 -0.2716358 0.9036919
v -0.0198303 -0.0162743 0.0542394 0.752941 0.752941 0.752941
vn -0.2963224 -0.2431855 0.9236092
v -0.0177491 -0.0145663 0.0554328 0.752941 0.752941 0.752941
vn -0.2609435 -0.2141515 0.9413010
v -0.0156252 -0.0128232 0.0564926 0.752941 0.752941 0.752941
vn -0.2249357 -0.1846005 0.9567270
v -0.0134636 -0.0110493 0.0574164 0.752941 0.752941 0.752941
vn -0.1883832 -0.1546017 0.9698506
v -0.0112696 -0.0092487 0.0582019 0.752941 0.752941 0.752941
vn -0.1513772 -0.1242309 0.9806384
v -0.0090484 -0.0074258 0.0588471 0.752941 0.752941 0.752941
vn -0.1140058 -0.0935613 0.9890648
v -0.0068055 -0.0055851 0.0593506 0.752941 0.752941 0.752941
vn -0.0763564 -0.0626635 0.9951096
v -0.0045461 -0.0037309 0.0597111 0.752941 0.752941 0.752941
vn -0.0385204 -0.0316134 0.9987576
v -0.0022758 -0.0018677 0.0599277 0.752941 0.752941 0.752941
vn -0.0352363 -0.0352362 -0.9987577
v -0.0020818 -0.0020818 -0.0599277 0.752941 0.752941 0.752941
vn -0.0698464 -0.0698463 -0.9951096
v -0.0041585 -0.0041585 -0.0597111 0.752941 0.752941 0.752941
vn -0.1042858 -0.1042858 -0.9890648
v -0.0062253 -0.0062253 -0.0593506 0.752941 0.752941 0.752941
vn -0.1384708 -0.1384710 -0.9806384
v -0.0082770 -0.0082770 -0.0588471 0.752941 0.752941 0.752941
vn -0.1723223 -0.1723226 -0.9698505
v -0.0103088 -0.0103088 -0.0582019 0.752941 0.752941 0.752941
vn -0.2057590 -0.2057592 -0.9567270
v -0.0123157 -0.0123157 -0.0574164 0.752941 0.752941 0.752941
vn -0.2386969 -0.2386971 -0.9413010
v -0.0142930 -0.0142930 -0.0564926 0.752941 0.752941 0.752941
vn -0.2710590 -0.2710585 -0.9236094
v -0.0162359 -0.0162359 -0.0554328 0.752941 0.752941 0.752941
vn -0.3027710 -0.3027710 -0.9036922
v -0.0181396 -0.0181396 -0.0542394 0.752941 0.752941 0.752941
vn -0.3337500 -0.3337501 -0.8816019
v -0.0199997 -0.0199997 -0.0529153 0.752941 0.752941 0.752941
vn -0.3639239 -0.3639241 -0.8573906
v -0.0218115 -0.0218115 -0.0514637 0.752941 0.752941 0.752941
vn -0.3932228 -0.3932227 -0.8311148
v -0.0235708 -0.0235708 -0.0498882 0.752941 0.752941 0.752941
vn -0.4215728 -0.4215724 -0.8028407
v -0.0252734 -0.0252734 -0.0481924 0.752941 0.752941 0.752941
vn -0.4489065 -0.4489059 -0.7726361
v -0.0269150 -0.0269150 -0.0463806 0.752941 0.752941 0.752941
vn -0.4751608 -0.4751613 -0.7405701
v -0.0284918 -0.0284918 -0.0444571 0.752941 0.752941 0.752941
vn -0.5002708 -0.5002714 -0.7067232
v -0.0300000 -0.0300000 -0.0424264 0.752941 0.752941 0.752941
vn -0.5241759 -0.5241756 -0.6711777
v -0.0314359 -0.0314359 -0.0402935 0.752941 0.752941 0.752941
vn -0.5468192 -0.5468195 -0.6340168
v -0.0327961 -0.0327961 -0.0380636 0.752941 0.752941 0.752941
vn -0.5681454 -0.5681460 -0.5953326
v -0.0340772 -0.0340772 -0.0357420 0.752941 0.752941 0.752941
vn -0.5881046 -0.5881040 -0.5552179
v -0.0352763 -0.0352763 -0.0333342 0.752941 0.752941 0.752941
vn -0.6066489 -0.6066493 -0.5137644
v -0.0363903 -0.0363903 -0.0308462 0.752941 0.752941 0.752941
vn -0.6237330 -0.6237334 -0.4710773
v -0.0374167 -0.0374167 -0.0282838 0.752941 0.752941 0.752941
vn -0.6393161 -0.6393159 -0.4272588
v -0.0383530 -0.0383530 -0.0256533 0.752941 0.752941 0.752941
vn -0.6533609 -0.6533607 -0.3824124
v -0.0391969 -0.0391969 -0.0229610 0.752941 0.752941 0.752941
vn -0.6658338 -0.6658332 -0.3366476
v -0.0399463 -0.0399463 -0.0202134 0.752941 0.752941 0.752941
vn -0.6767044 -0.6767050 -0.2900716
v -0.0405995 -0.0405995 -0.0174171 0.752941 0.752941 0.752941
vn -0.6859477 -0.6859472 -0.2428011
v -0.0411549 -0.0411549 -0.0145788 0.752941 0.752941 0.752941
vn -0.6935406 -0.6935403 -0.1949441
v -0.0416112 -0.0416112 -0.0117054 0.752941 0.752941 0.752941
vn -0.6994649 -0.6994658 -0.1466172
v -0.0419672 -0.0419672 -0.0088038 0.752941 0.752941 0.752941
vn -0.7037070 -0.7037072 -0.0979424
v -0.0422221 -0.0422221 -0.0058810 0.752941 0.752941 0.752941
vn -0.7062567 -0.7062560 -0.0490309
v -0.0423753 -0.0423753 -0.0029441 0.752941 0.752941 0.752941
vn -0.7071068 -0.7071068 0.0000000
v -0.0424264 -0.0424264 0.0000000 0.752941 0.752941 0.752941
vn -0.7062560 -0.7062567 0.0490309
v -0.0423753 -0.0423753 0.0029441 0.752941 0.752941 0.752941
vn -0.7037072 -0.7037070 0.0979424
v -0.0422221 -0.0422221 0.0058810 0.752941 0.752941 0.752941
vn -0.6994658 -0.6994649 0.1466172
v -0.0419672 -0.0419672 0.0088038 0.752941 0.752941 0.752941
vn -0.6935403 -0.6935407 0.1949441
v -0.0416112 -0.0416112 0.0117054 0.752941 0.752941 0.752941
vn -0.6859472 -0.6859477 0.2428010
v -0.0411549 -0.0411549 0.0145788 0.752941 0.752941 0.752941
vn -0.6767050 -0.6767044 0.2900716
v -0.0405995 -0.0405995 0.0174171 0.752941 0.752941 0.752941
vn -0.6658332 -0.6658337 0.3366477
v -0.0399463 -0.0399463 0.0202134 0.752941 0.752941 0.752941
vn -0.6533607 -0.6533610 0.3824124
v -0.0391969 -0.0391969 0.0229610 0.752941 0.752941 0.752941
vn -0.6393160 -0.6393161 0.4272588
v -0.0383530 -0.0383530 0.0256533 0.752941 0.752941 0.752941
vn -0.6237335 -0.6237330 0.4710773
v -0.0374167 -0.0374167 0.0282838 0.752941 0.752941 0.752941
vn -0.6066493 -0.6066489 0.5137644
v -0.0363903 -0.0363903 0.0308462 0.752941 0.752941 0.752941
vn -0.5881039 -0.5881046 0.5552178
v -0.0352763 -0.0352763 0.0333342 0.752941 0.752941 0.752941
vn -0.5681460 -0.5681455 0.5953326
v -0.0340772 -0.0340772 0.0357420 0.752941 0.752941 0.752941
vn -0.5468195 -0.5468192 0.6340168
v -0.0327961 -0.0327961 0.0380636 0.752941 0.752941 0.752941
vn -0.5241756 -0.5241760 0.6711778
v -0.0314359 -0.0314359 0.0402935 0.752941 0.752941 0.752941
vn -0.5002714 -0.5002708 0.7067233
v -0.0300000 -0.0300000 0.0424264 0.752941 0.752941 0.752941
vn -0.4751613 -0.4751608 0.7405701
v -0.0284918 -0.0284918 0.0444571 0.752941 0.752941 0.752941
vn -0.4489059 -0.4489065 0.7726361
v -0.0269150 -0.0269150 0.0463806 0.752941 0.752941 0.752941
vn -0.4215725 -0.4215728 0.8028407
v -0.0252734 -0.0252734 0.0481924 0.752941 0.752941 0.752941
vn -0.3932227 -0.3932228 0.8311148
v -0.0235708 -0.0235708 0.0498882 0.752941 0.752941 0.752941
vn -0.3639241 -0.3639240 0.8573906
v -0.0218115 -0.0218115 0.0514637 0.752941 0.752941 0.752941
vn -0.3337501 -0.3337500 0.8816019
v -0.0199997 -0.0199997 0.0529153 0.752941 0.752941 0.752941
vn -0.3027710 -0.3027710 0.9036922
v -0.0181396 -0.0181396 0.0542394 0.752941 0.752941 0.752941
vn -0.2710585 -0.2710590 0.9236094
v -0.0162359 -0.0162359 0.0554328 0.752941 0.752941 0.752941
vn -0.2386970 -0.2386969 0.9413010
v -0.0142930 -0.0142930 0.0564926 0.752941 0.752941 0.752941
vn -0.2057592 -0.2057590 0.9567270
v -0.0123157 -0.0123157 0.0574164 0.752941 0.752941 0.752941
vn -0.1723226 -0.1723223 0.9698505
v -0.0103088 -0.0103088 0.0582019 0.752941 0.752941 0.752941
vn -0.1384710 -0.1384708 0.9806384
v -0.0082770 -0.0082770 0.0588471 0.752941 0.752941 0.752941
vn -0.1042858 -0.1042858 0.9890648
v -0.0062253 -0.0062253 0.0593506 0.752941 0.752941 0.752941
vn -0.0698463 -0.0698464 0.9951096
v -0.0041585 -0.0041585 0.0597111 0.752941 0.752941 0.752941
vn -0.0352362 -0.0352363 0.9987577
v -0.0020818 -0.0020818 0.0599277 0.752941 0.752941 0.752941
vn -0.0316134 -0.0385204 -0.9987576
v -0.0018677 -0.0022758 -0.0599277 0.752941 0.752941 0.752941
vn -0.0626635 -0.0763564 -0.9951096
v -0.0037309 -0.0045461 -0.0597111 0.752941 0.752941 0.752941
vn -0.0935613 -0.1140057 -0.9890648
v -0.0055851 -0.0068055 -0.0593506 0.752941 0.752941 0.752941
vn -0.1242309 -0.1513772 -0.9806384
v -0.0074258 -0.0090484 -0.0588471 0.752941 0.752941 0.752941
vn -0.1546017 -0.1883832 -0.9698505
v -0.0092487 -0.0112696 -0.0582019 0.752941 0.752941 0.752941
vn -0.1846005 -0.2249357 -0.9567270
v -0.0110493 -0.0134636 -0.0574164 0.752941 0.752941 0.752941
vn -0.2141515 -0.2609435 -0.9413011
v -0.0128232 -0.0156252 -0.0564926 0.752941 0.752941 0.752941
vn -0.2431855 -0.2963223 -0.9236092
v -0.0145663 -0.0177491 -0.0554328 0.752941 0.752941 0.752941
vn -0.2716358 -0.3309906 -0.9036919
v -0.0162743 -0.0198303 -0.0542394 0.752941 0.752941 0.752941
vn -0.2994294 -0.3648561 -0.8816020
v -0.0179431 -0.0218637 -0.0529153 0.752941 0.752941 0.752941
vn -0.3265006 -0.3978425 -0.8573907
v -0.0195686 -0.0238444 -0.0514637 0.752941 0.752941 0.752941
vn -0.3527868 -0.4298716 -0.8311149
v -0.0211470 -0.0257677 -0.0498882 0.752941 0.752941 0.752941
vn -0.3782214 -0.4608647 -0.8028402
v -0.0226745 -0.0276289 -0.0481924 0.752941 0.752941 0.752941
vn -0.4027442 -0.4907459 -0.7726355
v -0.0241473 -0.0294236 -0.0463806 0.752941 0.752941 0.752941
vn -0.4262986 -0.5194469 -0.7405704
v -0.0255619 -0.0311473 -0.0444571 0.752941 0.752941 0.752941
vn -0.4488263 -0.5468968 -0.7067240
v -0.0269150 -0.0327961 -0.0424264 0.752941 0.752941 0.752941
vn -0.4702735 -0.5730305 -0.6711773
v -0.0282033 -0.0343658 -0.0402935 0.752941 0.752941 0.752941
vn -0.4905885 -0.5977836 -0.6340172
v -0.0294236 -0.0358527 -0.0380636 0.752941 0.752941 0.752941
vn -0.5097219 -0.6210970 -0.5953337
v -0.0305730 -0.0372533 -0.0357420 0.752941 0.752941 0.752941
vn -0.5276287 -0.6429172 -0.5552166
v -0.0316487 -0.0385641 -0.0333342 0.752941 0.752941 0.752941
vn -0.5442657 -0.6631898 -0.5137647
v -0.0326482 -0.0397820 -0.0308462 0.752941 0.752941 0.752941
vn -0.5595933 -0.6818652 -0.4710788
v -0.0335691 -0.0409041 -0.0282838 0.752941 0.752941 0.752941
vn -0.5735738 -0.6989016 -0.4272583
v -0.0344091 -0.0419276 -0.0256533 0.752941 0.752941 0.752941
vn -0.5861744 -0.7142551 -0.3824123
v -0.0351662 -0.0428501 -0.0229610 0.752941 0.752941 0.752941
vn -0.5973642 -0.7278912 -0.3366459
v -0.0358386 -0.0436694 -0.0202134 0.752941 0.752941 0.752941
vn -0.6071175 -0.7397742 -0.2900733
v -0.0364246 -0.0443835 -0.0174171 0.752941 0.752941 0.752941
vn -0.6154100 -0.7498791 -0.2428002
v -0.0369229 -0.0449907 -0.0145788 0.752941 0.752941 0.752941
vn -0.6222222 -0.7581800 -0.1949430
v -0.0373322 -0.0454894 -0.0117054 0.752941 0.752941 0.752941
vn -0.6275378 -0.7646561 -0.1466199
v -0.0376516 -0.0458786 -0.0088038 0.752941 0.752941 0.752941
vn -0.6313435 -0.7692935 -0.0979430
v -0.0378803 -0.0461573 -0.0058810 0.752941 0.752941 0.752941
vn -0.6336300 -0.7720811 -0.0490287
v -0.0380177 -0.0463248 -0.0029441 0.752941 0.752941 0.752941
vn -0.6343932 -0.7730105 -0.0000001
v -0.0380636 -0.0463806 0.0000000 0.752941 0.752941 0.752941
vn -0.6336306 -0.7720807 0.0490290
v -0.0380177 -0.0463248 0.0029441 0.752941 0.752941 0.752941
vn -0.6313433 -0.7692938 0.0979426
v -0.0378803 -0.0461573 0.0058810 0.752941 0.752941 0.752941
vn -0.6275370 -0.7646568 0.1466200
v -0.0376516 -0.0458786 0.0088038 0.752941 0.752941 0.752941
vn -0.6222222 -0.7581798 0.1949433
v -0.0373322 -0.0454894 0.0117054 0.752941 0.752941 0.752941
vn -0.6154106 -0.7498788 0.2427997
v -0.0369229 -0.0449907 0.0145788 0.752941 0.752941 0.752941
vn -0.6071171 -0.7397745 0.2900734
v -0.0364246 -0.0443835 0.0174171 0.752941 0.752941 0.752941
vn -0.5973645 -0.7278908 0.3366463
v -0.0358386 -0.0436694 0.0202134 0.752941 0.752941 0.752941
vn -0.5861747 -0.7142552 0.3824117
v -0.0351662 -0.0428501 0.0229610 0.752941 0.752941 0.752941
vn -0.5735739 -0.6989013 0.4272588
v -0.0344091 -0.0419276 0.0256533 0.752941 0.752941 0.752941
vn -0.5595933 -0.6818658 0.4710779
v -0.0335691 -0.0409041 0.0282838 0.752941 0.752941 0.752941
vn -0.5442652 -0.6631896 0.5137655
v -0.0326482 -0.0397820 0.0308462 0.752941 0.752941 0.752941
vn -0.5276292 -0.6429172 0.5552162
v -0.0316487 -0.0385641 0.0333342 0.752941 0.752941 0.752941
vn -0.5097214 -0.6210974 0.5953336
v -0.0305730 -0.0372533 0.0357420 0.752941 0.752941 0.752941
vn -0.4905882 -0.5977837 0.6340173
v -0.0294236 -0.0358527 0.0380636 0.752941 0.752941 0.752941
vn -0.4702740 -0.5730302 0.6711771
v -0.0282033 -0.0343658 0.0402935 0.752941 0.752941 0.752941
vn -0.4488260 -0.5468971 0.7067240
v -0.0269150 -0.0327961 0.0424264 0.752941 0.752941 0.752941
vn -0.4262978 -0.5194471 0.7405707
v -0.0255619 -0.0311473 0.0444571 0.752941 0.752941 0.752941
vn -0.4027449 -0.4907458 0.7726352
v -0.0241473 -0.0294236 0.0463806 0.752941 0.752941 0.752941
vn -0.3782215 -0.4608642 0.8028404
v -0.0226745 -0.0276289 0.0481924 0.752941 0.752941 0.752941
vn -0.3527870 -0.4298719 0.8311146
v -0.0211470 -0.0257677 0.0498882 0.752941 0.752941 0.752941
vn -0.3265004 -0.3978422 0.8573908
v -0.0195686 -0.0238444 0.0514637 0.752941 0.752941 0.752941
vn -0.2994296 -0.3648563 0.8816019
v -0.0179431 -0.0218637 0.0529153 0.752941 0.752941 0.752941
vn -0.2716354 -0.3309902 0.9036923
v -0.0162743 -0.0198303 0.0542394 0.752941 0.752941 0.752941
vn -0.2431859 -0.2963223 0.9236091
v -0.0145663 -0.0177491 0.0554328 0.752941 0.752941 0.752941
vn -0.2141514 -0.2609437 0.9413010
v -0.0128232 -0.0156252 0.0564926 0.752941 0.752941 0.752941
vn -0.1846003 -0.2249359 0.9567270
v -0.0110493 -0.0134636 0.0574164 0.752941 0.752941 0.752941
vn -0.1546016 -0.1883833 0.9698506
v -0.0092487 -0.0112696 0.0582019 0.752941 0.752941 0.752941
vn -0.1242307 -0.1513771 0.9806384
v -0.0074258 -0.0090484 0.0588471 0.752941 0.752941 0.752941
vn -0.0935614 -0.1140058 0.9890648
v -0.0055851 -0.0068055 0.0593506 0.752941 0.752941 0.752941
vn -0.0626635 -0.0763563 0.9951096
v -0.0037309 -0.0045461 0.0597111 0.752941 0.752941 0.752941
vn -0.0316135 -0.0385204 0.9987576
v -0.0018677 -0.0022758 0.0599277 0.752941 0.752941 0.752941
vn -0.0276852 -0.0414335 -0.9987577
v -0.0016356 -0.0024479 -0.0599277 0.752941 0.752941 0.752941
vn -0.0548782 -0.0821303 -0.9951096
v -0.0032673 -0.0048899 -0.0597111 0.752941 0.752941 0.752941
vn -0.0819370 -0.1226271 -0.9890648
v -0.0048911 -0.0073201 -0.0593506 0.752941 0.752941 0.752941
vn -0.1087964 -0.1628239 -0.9806384
v -0.0065032 -0.0097327 -0.0588471 0.752941 0.752941 0.752941
vn -0.1353928 -0.2026294 -0.9698506
v -0.0080996 -0.0121218 -0.0582019 0.752941 0.752941 0.752941
vn -0.1616638 -0.2419467 -0.9567270
v -0.0096764 -0.0144818 -0.0574164 0.752941 0.752941 0.752941
vn -0.1875432 -0.2806777 -0.9413010
v -0.0112300 -0.0168068 -0.0564926 0.752941 0.752941 0.752941
vn -0.2129699 -0.3187324 -0.9236090
v -0.0127565 -0.0190914 -0.0554328 0.752941 0.752941 0.752941
vn -0.2378856 -0.3560209 -0.9036922
v -0.0142522 -0.0213299 -0.0542394 0.752941 0.752941 0.752941
vn -0.2622255 -0.3924484 -0.8816020
v -0.0157136 -0.0235171 -0.0529153 0.752941 0.752941 0.752941
vn -0.2859330 -0.4279288 -0.8573910
v -0.0171372 -0.0256476 -0.0514637 0.752941 0.752941 0.752941
vn -0.3089532 -0.4623812 -0.8311147
v -0.0185195 -0.0277164 -0.0498882 0.752941 0.752941 0.752941
vn -0.3312278 -0.4957169 -0.8028405
v -0.0198572 -0.0297183 -0.0481924 0.752941 0.752941 0.752941
vn -0.3527042 -0.5278578 -0.7726357
v -0.0211470 -0.0316487 -0.0463806 0.752941 0.752941 0.752941
vn -0.3733325 -0.5587298 -0.7405699
v -0.0223859 -0.0335028 -0.0444571 0.752941 0.752941 0.752941
vn -0.3930600 -0.5882565 -0.7067235
v -0.0235708 -0.0352763 -0.0424264 0.752941 0.752941 0.752941
vn -0.4118423 -0.6163650 -0.6711783
v -0.0246990 -0.0369647 -0.0402935 0.752941 0.752941 0.752941
vn -0.4296332 -0.6429912 -0.6340171
v -0.0257677 -0.0385641 -0.0380636 0.752941 0.752941 0.752941
vn -0.4463891 -0.6680683 -0.5953332
v -0.0267743 -0.0400706 -0.0357420 0.752941 0.752941 0.752941
vn -0.4620710 -0.6915384 -0.5552163
v -0.0277164 -0.0414805 -0.0333342 0.752941 0.752941 0.752941
vn -0.4766405 -0.7133437 -0.5137652
v -0.0285917 -0.0427905 -0.0308462 0.752941 0.752941 0.752941
vn -0.4900634 -0.7334327 -0.4710779
v -0.0293982 -0.0439974 -0.0282838 0.752941 0.752941 0.752941
vn -0.5023073 -0.7517563 -0.4272585
v -0.0301338 -0.0450984 -0.0256533 0.752941 0.752941 0.752941
vn -0.5133421 -0.7682716 -0.3824118
v -0.0307968 -0.0460907 -0.0229610 0.752941 0.752941 0.752941
vn -0.5231423 -0.7829376 -0.3366464
v -0.0313856 -0.0469719 -0.0202134 0.752941 0.752941 0.752941
vn -0.5316833 -0.7957199 -0.2900737
v -0.0318989 -0.0477400 -0.0174171 0.752941 0.752941 0.752941
vn -0.5389452 -0.8065891 -0.2428006
v -0.0323352 -0.0483931 -0.0145788 0.752941 0.752941 0.752941
vn -0.5449114 -0.8155175 -0.1949431
v -0.0326937 -0.0489296 -0.0117054 0.752941 0.752941 0.752941
vn -0.5495658 -0.8224844 -0.1466182
v -0.0329734 -0.0493482 -0.0088038 0.752941 0.752941 0.752941
vn -0.5528988 -0.8274723 -0.0979419
v -0.0331737 -0.0496479 -0.0058810 0.752941 0.752941 0.752941
vn -0.5549021 -0.8304695 -0.0490302
v -0.0332941 -0.0498281 -0.0029441 0.752941 0.752941 0.752941
vn -0.5555704 -0.8314696 -0.0000001
v -0.0333342 -0.0498882 0.0000000 0.752941 0.752941 0.752941
vn -0.5549018 -0.8304698 0.0490302
v -0.0332941 -0.0498281 0.0029441 0.752941 0.752941 0.752941
vn -0.5528991 -0.8274720 0.0979420
v -0.0331737 -0.0496479 0.0058810 0.752941 0.752941 0.752941
vn -0.5495664 -0.8224840 0.1466183
v -0.0329734 -0.0493482 0.0088038 0.752941 0.752941 0.752941
vn -0.5449116 -0.8155175 0.1949427
v -0.0326937 -0.0489296 0.0117054 0.752941 0.752941 0.752941
vn -0.5389448 -0.8065892 0.2428011
v -0.0323352 -0.0483931 0.0145788 0.752941 0.752941 0.752941
vn -0.5316830 -0.7957202 0.2900735
v -0.0318989 -0.0477400 0.0174171 0.752941 0.752941 0.752941
vn -0.5231423 -0.7829378 0.3366462
v -0.0313856 -0.0469719 0.0202134 0.752941 0.752941 0.752941
vn -0.5133423 -0.7682713 0.3824119
v -0.0307968 -0.0460907 0.0229610 0.752941 0.752941 0.752941
vn -0.5023072 -0.7517564 0.4272585
v -0.0301338 -0.0450984 0.0256533 0.752941 0.752941 0.752941
vn -0.4900639 -0.7334325 0.4710778
v -0.0293982 -0.0439974 0.0282838 0.752941 0.752941 0.752941
vn -0.4766406 -0.7133436 0.5137652
v -0.0285917 -0.0427905 0.0308462 0.752941 0.752941 0.752941
vn -0.4620706 -0.6915385 0.5552166
v -0.0277164 -0.0414805 0.0333342 0.752941 0.752941 0.752941
vn -0.4463894 -0.6680683 0.5953329
v -0.0267743 -0.0400706 0.0357420 0.752941 0.752941 0.752941
vn -0.4296333 -0.6429911 0.6340172
v -0.0257677 -0.0385641 0.0380636 0.752941 0.752941 0.752941
vn -0.4118420 -0.6163653 0.6711780
v -0.0246990 -0.0369647 0.0402935 0.752941 0.752941 0.752941
vn -0.3930596 -0.5882561 0.7067242
v -0.0235708 -0.0352763 0.0424264 0.752941 0.752941 0.752941
vn -0.3733330 -0.5587302 0.7405694
v -0.0223859 -0.0335028 0.0444571 0.752941 0.752941 0.752941
vn -0.3527042 -0.5278578 0.7726357
v -0.0211470 -0.0316487 0.0463806 0.752941 0.752941 0.752941
vn -0.3312277 -0.4957169 0.8028406
v -0.0198572 -0.0297183 0.0481924 0.752941 0.752941 0.752941
vn -0.3089532 -0.4623811 0.8311147
v -0.0185195 -0.0277164 0.0498882 0.752941 0.752941 0.752941
vn -0.2859330 -0.4279289 0.8573909
v -0.0171372 -0.0256476 0.0514637 0.752941 0.752941 0.752941
vn -0.2622253 -0.3924484 0.8816020
v -0.0157136 -0.0235171 0.0529153 0.752941 0.752941 0.752941
vn -0.2378857 -0.3560211 0.9036921
v -0.0142522 -0.0213299 0.0542394 0.752941 0.752941 0.752941
vn -0.2129697 -0.3187322 0.9236091
v -0.0127565 -0.0190914 0.0554328 0.752941 0.752941 0.752941
vn -0.1875435 -0.2806779 0.9413009
v -0.0112300 -0.0168068 0.0564926 0.752941 0.752941 0.752941
vn -0.1616639 -0.2419466 0.9567270
v -0.0096764 -0.0144818 0.0574164 0.752941 0.752941 0.752941
vn -0.1353926 -0.2026294 0.9698506
v -0.0080996 -0.0121218 0.0582019 0.752941 0.752941 0.752941
vn -0.1087964 -0.1628241 0.9806384
v -0.0065032 -0.0097327 0.0588471 0.752941 0.752941 0.752941
vn -0.0819369 -0.1226270 0.9890648
v -0.0048911 -0.0073201 0.0593506 0.752941 0.752941 0.752941
vn -0.0548782 -0.0821303 0.9951096
v -0.0032673 -0.0048899 0.0597111 0.752941 0.752941 0.752941
vn -0.0276852 -0.0414335 0.9987577
v -0.0016356 -0.0024479 0.0599277 0.752941 0.752941 0.752941
vn -0.0234908 -0.0439478 -0.9987576
v -0.0013878 -0.0025964 -0.0599277 0.752941 0.752941 0.752941
vn -0.0465637 -0.0871140 -0.9951096
v -0.0027723 -0.0051866 -0.0597111 0.752941 0.752941 0.752941
vn -0.0695225 -0.1300680 -0.9890648
v -0.0041501 -0.0077643 -0.0593506 0.752941 0.752941 0.752941
vn -0.0923126 -0.1727042 -0.9806384
v -0.0055179 -0.0103233 -0.0588471 0.752941 0.752941 0.752941
vn -0.1148793 -0.2149249 -0.9698505
v -0.0068724 -0.0128574 -0.0582019 0.752941 0.752941 0.752941
vn -0.1371702 -0.2566273 -0.9567271
v -0.0082104 -0.0153605 -0.0574164 0.752941 0.752941 0.752941
vn -0.1591289 -0.2977090 -0.9413009
v -0.0095285 -0.0178266 -0.0564926 0.752941 0.752941 0.752941
vn -0.1807034 -0.3380720 -0.9236090
v -0.0108237 -0.0202498 -0.0554328 0.752941 0.752941 0.752941
vn -0.2018442 -0.3776234 -0.9036922
v -0.0120929 -0.0226242 -0.0542394 0.752941 0.752941 0.752941
vn -0.2224965 -0.4162611 -0.8816020
v -0.0133329 -0.0249441 -0.0529153 0.752941 0.752941 0.752941
vn -0.2426118 -0.4538946 -0.8573909
v -0.0145408 -0.0272039 -0.0514637 0.752941 0.752941 0.752941
vn -0.2621444 -0.4904371 -0.8311148
v -0.0157136 -0.0293982 -0.0498882 0.752941 0.752941 0.752941
vn -0.2810441 -0.5257956 -0.8028407
v -0.0168486 -0.0315216 -0.0481924 0.752941 0.752941 0.752941
vn -0.2992661 -0.5598869 -0.7726361
v -0.0179431 -0.0335691 -0.0463806 0.752941 0.752941 0.752941
vn -0.3167691 -0.5926337 -0.7405691
v -0.0189942 -0.0355357 -0.0444571 0.752941 0.752941 0.752941
vn -0.3335082 -0.6239507 -0.7067233
v -0.0199997 -0.0374167 -0.0424264 0.752941 0.752941 0.752941
vn -0.3494446 -0.6537647 -0.6711783
v -0.0209569 -0.0392076 -0.0402935 0.752941 0.752941 0.752941
vn -0.3645401 -0.6820063 -0.6340173
v -0.0218637 -0.0409041 -0.0380636 0.752941 0.752941 0.752941
vn -0.3787576 -0.7086052 -0.5953330
v -0.0227178 -0.0425019 -0.0357420 0.752941 0.752941 0.752941
vn -0.3920633 -0.7335002 -0.5552151
v -0.0235171 -0.0439974 -0.0333342 0.752941 0.752941 0.752941
vn -0.4044255 -0.7566274 -0.5137656
v -0.0242598 -0.0453869 -0.0308462 0.752941 0.752941 0.752941
vn -0.4158147 -0.7779352 -0.4710786
v -0.0249441 -0.0466671 -0.0282838 0.752941 0.752941 0.752941
vn -0.4262036 -0.7973712 -0.4272583
v -0.0255683 -0.0478348 -0.0256533 0.752941 0.752941 0.752941
vn -0.4355668 -0.8148879 -0.3824125
v -0.0261308 -0.0488873 -0.0229610 0.752941 0.752941 0.752941
vn -0.4438824 -0.8304440 -0.3366470
v -0.0266304 -0.0498221 -0.0202134 0.752941 0.752941 0.752941
vn -0.4511291 -0.8440029 -0.2900719
v -0.0270659 -0.0506368 -0.0174171 0.752941 0.752941 0.752941
vn -0.4572903 -0.8555313 -0.2428001
v -0.0274362 -0.0513295 -0.0145788 0.752941 0.752941 0.752941
vn -0.4623521 -0.8650015 -0.1949435
v -0.0277403 -0.0518985 -0.0117054 0.752941 0.752941 0.752941
vn -0.4663024 -0.8723903 -0.1466195
v -0.0279777 -0.0523425 -0.0088038 0.752941 0.752941 0.752941
vn -0.4691307 -0.8776807 -0.0979432
v -0.0281476 -0.0526605 -0.0058810 0.752941 0.752941 0.752941
vn -0.4708298 -0.8808606 -0.0490297
v -0.0282497 -0.0528515 -0.0029441 0.752941 0.752941 0.752941
vn -0.4713969 -0.8819212 -0.0000001
v -0.0282838 -0.0529153 0.0000000 0.752941 0.752941 0.752941
vn -0.4708300 -0.8808605 0.0490300
v -0.0282497 -0.0528515 0.0029441 0.752941 0.752941 0.752941
vn -0.4691302 -0.8776811 0.0979429
v -0.0281476 -0.0526605 0.0058810 0.752941 0.752941 0.752941
vn -0.4663024 -0.8723904 0.1466192
v -0.0279777 -0.0523425 0.0088038 0.752941 0.752941 0.752941
vn -0.4623520 -0.8650015 0.1949439
v -0.0277403 -0.0518985 0.0117054 0.752941 0.752941 0.752941
vn -0.4572902 -0.8555313 0.2428002
v -0.0274362 -0.0513295 0.0145788 0.752941 0.752941 0.752941
vn -0.4511290 -0.8440029 0.2900721
v -0.0270659 -0.0506368 0.0174171 0.752941 0.752941 0.752941
vn -0.4438826 -0.8304443 0.3366462
v -0.0266304 -0.0498221 0.0202134 0.752941 0.752941 0.752941
vn -0.4355666 -0.8148877 0.3824131
v -0.0261308 -0.0488873 0.0229610 0.752941 0.752941 0.752941
vn -0.4262039 -0.7973712 0.4272580
v -0.0255683 -0.0478348 0.0256533 0.752941 0.752941 0.752941
vn -0.4158144 -0.7779352 0.4710788
v -0.0249441 -0.0466671 0.0282838 0.752941 0.752941 0.752941
vn -0.4044252 -0.7566276 0.5137656
v -0.0242598 -0.0453869 0.0308462 0.752941 0.752941 0.752941
vn -0.3920638 -0.7334999 0.5552153
v -0.0235171 -0.0439974 0.0333342 0.752941 0.752941 0.752941
vn -0.3787576 -0.7086054 0.5953327
v -0.0227178 -0.0425019 0.0357420 0.752941 0.752941 0.752941
vn -0.3645399 -0.6820063 0.6340175
v -0.0218637 -0.0409041 0.0380636 0.752941 0.752941 0.752941
vn -0.3494447 -0.6537648 0.6711782
v -0.0209569 -0.0392076 0.0402935 0.752941 0.752941 0.752941
vn -0.3335086 -0.6239504 0.7067234
v -0.0199997 -0.0374167 0.0424264 0.752941 0.752941 0.752941
vn -0.3167695 -0.5926335 0.7405691
v -0.0189942 -0.0355357 0.0444571 0.752941 0.752941 0.752941
vn -0.2992657 -0.5598870 0.7726361
v -0.0179431 -0.0335691 0.0463806 0.752941 0.752941 0.752941
vn -0.2810439 -0.5257958 0.8028407
v -0.0168486 -0.0315216 0.0481924 0.752941 0.752941 0.752941
vn -0.2621444 -0.4904372 0.8311148
v -0.0157136 -0.0293982 0.0498882 0.752941 0.752941 0.752941
vn -0.2426118 -0.4538944 0.8573910
v -0.0145408 -0.0272039 0.0514637 0.752941 0.752941 0.752941
vn -0.2224966 -0.4162612 0.8816019
v -0.0133329 -0.0249441 0.0529153 0.752941 0.752941 0.752941
vn -0.2018443 -0.3776234 0.9036922
v -0.0120929 -0.0226242 0.0542394 0.752941 0.752941 0.752941
vn -0.1807033 -0.3380719 0.9236091
v -0.0108237 -0.0202498 0.0554328 0.752941 0.752941 0.752941
vn -0.1591290 -0.2977090 0.9413009
v -0.0095285 -0.0178266 0.0564926 0.752941 0.752941 0.752941
vn -0.1371700 -0.2566274 0.9567271
v -0.0082104 -0.0153605 0.0574164 0.752941 0.752941 0.752941
vn -0.1148795 -0.2149247 0.9698506
v -0.0068724 -0.0128574 0.0582019 0.752941 0.752941 0.752941
vn -0.0923128 -0.1727043 0.9806384
v -0.0055179 -0.0103233 0.0588471 0.752941 0.752941 0.752941
vn -0.0695224 -0.1300679 0.9890648
v -0.0041501 -0.0077643 0.0593506 0.752941 0.752941 0.752941
vn -0.0465638 -0.0871140 0.9951096
v -0.0027723 -0.0051866 0.0597111 0.752941 0.752941 0.752941
vn -0.0234908 -0.0439478 0.9987576
v -0.0013878 -0.0025964 0.0599277 0.752941 0.752941 0.752941
vn -0.0190697 -0.0460387 -0.9987577
v -0.0011266 -0.0027200 -0.0599277 0.752941 0.752941 0.752941
vn -0.0378006 -0.0912587 -0.9951096
v -0.0022506 -0.0054334 -0.0597111 0.752941 0.752941 0.752941
vn -0.0564385 -0.1362562 -0.9890648
v -0.0033691 -0.0081337 -0.0593506 0.752941 0.752941 0.752941
vn -0.0749394 -0.1809210 -0.9806384
v -0.0044795 -0.0108144 -0.0588471 0.752941 0.752941 0.752941
vn -0.0932603 -0.2251496 -0.9698506
v -0.0055791 -0.0134691 -0.0582019 0.752941 0.752941 0.752941
vn -0.1113564 -0.2688363 -0.9567271
v -0.0066652 -0.0160913 -0.0574164 0.752941 0.752941 0.752941
vn -0.1291817 -0.3118732 -0.9413009
v -0.0077353 -0.0186747 -0.0564926 0.752941 0.752941 0.752941
vn -0.1466962 -0.3541560 -0.9236091
v -0.0087868 -0.0212132 -0.0554328 0.752941 0.752941 0.752941
vn -0.1638585 -0.3955892 -0.9036922
v -0.0098171 -0.0237006 -0.0542394 0.752941 0.752941 0.752941
vn -0.1806244 -0.4360653 -0.8816019
v -0.0108237 -0.0261308 -0.0529153 0.752941 0.752941 0.752941
vn -0.1969537 -0.4754893 -0.8573909
v -0.0118043 -0.0284981 -0.0514637 0.752941 0.752941 0.752941
vn -0.2128106 -0.5137700 -0.8311149
v -0.0127565 -0.0307968 -0.0498882 0.752941 0.752941 0.752941
vn -0.2281539 -0.5508113 -0.8028405
v -0.0136779 -0.0330213 -0.0481924 0.752941 0.752941 0.752941
vn -0.2429463 -0.5865248 -0.7726355
v -0.0145663 -0.0351662 -0.0463806 0.752941 0.752941 0.752941
vn -0.2571549 -0.6208290 -0.7405692
v -0.0154197 -0.0372264 -0.0444571 0.752941 0.752941 0.752941
vn -0.2707447 -0.6536347 -0.7067242
v -0.0162359 -0.0391969 -0.0424264 0.752941 0.752941 0.752941
vn -0.2836817 -0.6848683 -0.6711782
v -0.0170130 -0.0410730 -0.0402935 0.752941 0.752941 0.752941
vn -0.2959356 -0.7144538 -0.6340173
v -0.0177491 -0.0428501 -0.0380636 0.752941 0.752941 0.752941
vn -0.3074775 -0.7423185 -0.5953327
v -0.0184425 -0.0445240 -0.0357420 0.752941 0.752941 0.752941
vn -0.3182799 -0.7683969 -0.5552154
v -0.0190914 -0.0460907 -0.0333342 0.752941 0.752941 0.752941
vn -0.3283157 -0.7926248 -0.5137652
v -0.0196943 -0.0475463 -0.0308462 0.752941 0.752941 0.752941
vn -0.3375611 -0.8149463 -0.4710786
v -0.0202498 -0.0488873 -0.0282838 0.752941 0.752941 0.752941
vn -0.3459951 -0.8353068 -0.4272588
v -0.0207565 -0.0501106 -0.0256533 0.752941 0.752941 0.752941
vn -0.3535961 -0.8536566 -0.3824137
v -0.0212132 -0.0512132 -0.0229610 0.752941 0.752941 0.752941
vn -0.3603461 -0.8699540 -0.3366464
v -0.0216188 -0.0521924 -0.0202134 0.752941 0.752941 0.752941
vn -0.3662296 -0.8841578 -0.2900706
v -0.0219723 -0.0530459 -0.0174171 0.752941 0.752941 0.752941
vn -0.3712321 -0.8962339 -0.2427993
v -0.0222729 -0.0537715 -0.0145788 0.752941 0.752941 0.752941
vn -0.3753418 -0.9061541 -0.1949445
v -0.0225198 -0.0543676 -0.0117054 0.752941 0.752941 0.752941
vn -0.3785478 -0.9138950 -0.1466204
v -0.0227125 -0.0548328 -0.0088038 0.752941 0.752941 0.752941
vn -0.3808431 -0.9194378 -0.0979417
v -0.0228504 -0.0551658 -0.0058810 0.752941 0.752941 0.752941
vn -0.3822227 -0.9227687 -0.0490298
v -0.0229333 -0.0553660 -0.0029441 0.752941 0.752941 0.752941
vn -0.3826832 -0.9238796 -0.0000003
v -0.0229610 -0.0554328 0.0000000 0.752941 0.752941 0.752941
vn -0.3822226 -0.9227687 0.0490304
v -0.0229333 -0.0553660 0.0029441 0.752941 0.752941 0.752941
vn -0.3808437 -0.9194376 0.0979413
v -0.0228504 -0.0551658 0.0058810 0.752941 0.752941 0.752941
vn -0.3785471 -0.9138952 0.1466208
v -0.0227125 -0.0548328 0.0088038 0.752941 0.752941 0.752941
vn -0.3753414 -0.9061543 0.1949441
v -0.0225198 -0.0543676 0.0117054 0.752941 0.752941 0.752941
vn -0.3712325 -0.8962337 0.2427995
v -0.0222729 -0.0537715 0.0145788 0.752941 0.752941 0.752941
vn -0.3662305 -0.8841575 0.2900703
v -0.0219723 -0.0530459 0.0174171 0.752941 0.752941 0.752941
vn -0.3603462 -0.8699538 0.3366468
v -0.0216188 -0.0521924 0.0202134 0.752941 0.752941 0.752941
vn -0.3535956 -0.8536569 0.3824135
v -0.0212132 -0.0512132 0.0229610 0.752941 0.752941 0.752941
vn -0.3459949 -0.8353068 0.4272588
v -0.0207565 -0.0501106 0.0256533 0.752941 0.752941 0.752941
vn -0.3375610 -0.8149462 0.4710788
v -0.0202498 -0.0488873 0.0282838 0.752941 0.752941 0.752941
vn -0.3283159 -0.7926250 0.5137649
v -0.0196943 -0.0475463 0.0308462 0.752941 0.752941 0.752941
vn -0.3182798 -0.7683969 0.5552155
v -0.0190914 -0.0460907 0.0333342 0.752941 0.752941 0.752941
vn -0.3074778 -0.7423183 0.5953326
v -0.0184425 -0.0445240 0.0357420 0.752941 0.752941 0.752941
vn -0.2959357 -0.7144537 0.6340173
v -0.0177491 -0.0428501 0.0380636 0.752941 0.752941 0.752941
vn -0.2836812 -0.6848685 0.6711782
v -0.0170130 -0.0410730 0.0402935 0.752941 0.752941 0.752941
vn -0.2707445 -0.6536353 0.7067236
v -0.0162359 -0.0391969 0.0424264 0.752941 0.752941 0.752941
vn -0.2571547 -0.6208285 0.7405697
v -0.0154197 -0.0372264 0.0444571 0.752941 0.752941 0.752941
vn -0.2429462 -0.5865249 0.7726356
v -0.0145663 -0.0351662 0.0463806 0.752941 0.752941 0.752941
vn -0.2281541 -0.5508114 0.8028402
v -0.0136779 -0.0330213 0.0481924 0.752941 0.752941 0.752941
vn -0.2128109 -0.5137700 0.8311149
v -0.0127565 -0.0307968 0.0498882 0.752941 0.752941 0.752941
vn -0.1969536 -0.4754890 0.8573911
v -0.0118043 -0.0284981 0.0514637 0.752941 0.752941 0.752941
vn -0.1806244 -0.4360656 0.8816018
v -0.0108237 -0.0261308 0.0529153 0.752941 0.752941 0.752941
vn -0.1638583 -0.3955891 0.9036923
v -0.0098171 -0.0237006 0.0542394 0.752941 0.752941 0.752941
vn -0.1466963 -0.3541561 0.9236090
v -0.0087868 -0.0212132 0.0554328 0.752941 0.752941 0.752941
vn -0.1291814 -0.3118728 0.9413010
v -0.0077353 -0.0186747 0.0564926 0.752941 0.752941 0.752941
vn -0.1113564 -0.2688367 0.9567270
v -0.0066652 -0.0160913 0.0574164 0.752941 0.752941 0.752941
vn -0.0932603 -0.2251497 0.9698506
v -0.0055791 -0.0134691 0.0582019 0.752941 0.752941 0.752941
vn -0.0749395 -0.1809210 0.9806384
v -0.0044795 -0.0108144 0.0588471 0.752941 0.752941 0.752941
vn -0.0564385 -0.1362561 0.9890648
v -0.0033691 -0.0081337 0.0593506 0.752941 0.752941 0.752941
vn -0.0378006 -0.0912587 0.9951096
v -0.0022506 -0.0054334 0.0597111 0.752941 0.752941 0.752941
vn -0.0190697 -0.0460387 0.9987577
v -0.0011266 -0.0027200 0.0599277 0.752941 0.752941 0.752941
vn -0.0144652 -0.0476862 -0.9987577
v -0.0008546 -0.0028173 -0.0599277 0.752941 0.752941 0.752941
vn -0.0286737 -0.0945244 -0.9951096
v -0.0017072 -0.0056278 -0.0597111 0.752941 0.752941 0.752941
vn -0.0428116 -0.1411319 -0.9890648
v -0.0025556 -0.0084247 -0.0593506 0.752941 0.752941 0.752941
vn -0.0568459 -0.1873947 -0.9806384
v -0.0033979 -0.0112014 -0.0588471 0.752941 0.752941 0.752941
vn -0.0707427 -0.2332065 -0.9698507
v -0.0042320 -0.0139511 -0.0582019 0.752941 0.752941 0.752941
vn -0.0844694 -0.2784572 -0.9567270
v -0.0050559 -0.0166671 -0.0574164 0.752941 0.752941 0.752941
vn -0.0979913 -0.3230333 -0.9413009
v -0.0058676 -0.0193430 -0.0564926 0.752941 0.752941 0.752941
vn -0.1112763 -0.3668293 -0.9236092
v -0.0066652 -0.0219723 -0.0554328 0.752941 0.752941 0.752941
vn -0.1242949 -0.4097451 -0.9036923
v -0.0074468 -0.0245487 -0.0542394 0.752941 0.752941 0.752941
vn -0.1370128 -0.4516703 -0.8816016
v -0.0082104 -0.0270659 -0.0529153 0.752941 0.752941 0.752941
vn -0.1493995 -0.4925043 -0.8573910
v -0.0089542 -0.0295179 -0.0514637 0.752941 0.752941 0.752941
vn -0.1614278 -0.5321544 -0.8311154
v -0.0096764 -0.0318989 -0.0498882 0.752941 0.752941 0.752941
vn -0.1730665 -0.5705219 -0.8028405
v -0.0103753 -0.0342029 -0.0481924 0.752941 0.752941 0.752941
vn -0.1842872 -0.6075144 -0.7726349
v -0.0110493 -0.0364246 -0.0463806 0.752941 0.752941 0.752941
vn -0.1950657 -0.6430441 -0.7405699
v -0.0116966 -0.0385585 -0.0444571 0.752941 0.752941 0.752941
vn -0.2053741 -0.6770250 -0.7067239
v -0.0123157 -0.0405995 -0.0424264 0.752941 0.752941 0.752941
vn -0.2151871 -0.7093774 -0.6711767
v -0.0129052 -0.0425428 -0.0402935 0.752941 0.752941 0.752941
vn -0.2244820 -0.7400203 -0.6340172
v -0.0134636 -0.0443835 -0.0380636 0.752941 0.752941 0.752941
vn -0.2332377 -0.7688810 -0.5953336
v -0.0139895 -0.0461173 -0.0357420 0.752941 0.752941 0.752941
vn -0.2414317 -0.7958934 -0.5552157
v -0.0144818 -0.0477400 -0.0333342 0.752941 0.752941 0.752941
vn -0.2490444 -0.8209886 -0.5137652
v -0.0149391 -0.0492477 -0.0308462 0.752941 0.752941 0.752941
vn -0.2560576 -0.8441088 -0.4710783
v -0.0153605 -0.0506368 -0.0282838 0.752941 0.752941 0.752941
vn -0.2624547 -0.8651979 -0.4272588
v -0.0157449 -0.0519038 -0.0256533 0.752941 0.752941 0.752941
vn -0.2682199 -0.8842052 -0.3824124
v -0.0160913 -0.0530459 -0.0229610 0.752941 0.752941 0.752941
vn -0.2733406 -0.9010848 -0.3366470
v -0.0163989 -0.0540601 -0.0202134 0.752941 0.752941 0.752941
vn -0.2778045 -0.9157960 -0.2900732
v -0.0166671 -0.0549441 -0.0174171 0.752941 0.752941 0.752941
vn -0.2815989 -0.9283049 -0.2428006
v -0.0168951 -0.0556957 -0.0145788 0.752941 0.752941 0.752941
vn -0.2847159 -0.9385809 -0.1949431
v -0.0170824 -0.0563132 -0.0117054 0.752941 0.752941 0.752941
vn -0.2871477 -0.9465988 -0.1466186
v -0.0172286 -0.0567950 -0.0088038 0.752941 0.752941 0.752941
vn -0.2888888 -0.9523396 -0.0979419
v -0.0173332 -0.0571399 -0.0058810 0.752941 0.752941 0.752941
vn -0.2899354 -0.9557894 -0.0490307
v -0.0173961 -0.0573473 -0.0029441 0.752941 0.752941 0.752941
vn -0.2902841 -0.9569405 0.0000003
v -0.0174171 -0.0574164 0.0000000 0.752941 0.752941 0.752941
vn -0.2899354 -0.9557895 0.0490301
v -0.0173961 -0.0573473 0.0029441 0.752941 0.752941 0.752941
vn -0.2888882 -0.9523396 0.0979426
v -0.0173332 -0.0571399 0.0058810 0.752941 0.752941 0.752941
vn -0.2871480 -0.9465987 0.1466184
v -0.0172286 -0.0567950 0.0088038 0.752941 0.752941 0.752941
vn -0.2847165 -0.9385808 0.1949427
v -0.0170824 -0.0563132 0.0117054 0.752941 0.752941 0.752941
vn -0.2815985 -0.9283050 0.2428007
v -0.0168951 -0.0556957 0.0145788 0.752941 0.752941 0.752941
vn -0.2778036 -0.9157963 0.2900729
v -0.0166671 -0.0549441 0.0174171 0.752941 0.752941 0.752941
vn -0.2733406 -0.9010847 0.3366473
v -0.0163989 -0.0540601 0.0202134 0.752941 0.752941 0.752941
vn -0.2682204 -0.8842050 0.3824124
v -0.0160913 -0.0530459 0.0229610 0.752941 0.752941 0.752941
vn -0.2624546 -0.8651979 0.4272589
v -0.0157449 -0.0519038 0.0256533 0.752941 0.752941 0.752941
vn -0.2560576 -0.8441088 0.4710783
v -0.0153605 -0.0506368 0.0282838 0.752941 0.752941 0.752941
vn -0.2490443 -0.8209887 0.5137650
v -0.0149391 -0.0492477 0.0308462 0.752941 0.752941 0.752941
vn -0.2414316 -0.7958934 0.5552158
v -0.0144818 -0.0477400 0.0333342 0.752941 0.752941 0.752941
vn -0.2332376 -0.7688813 0.5953334
v -0.0139895 -0.0461173 0.0357420 0.752941 0.752941 0.752941
vn -0.2244820 -0.7400200 0.6340176
v -0.0134636 -0.0443835 0.0380636 0.752941 0.752941 0.752941
vn -0.2151874 -0.7093773 0.6711769
v -0.0129052 -0.0425428 0.0402935 0.752941 0.752941 0.752941
vn -0.2053742 -0.6770254 0.7067235
v -0.0123157 -0.0405995 0.0424264 0.752941 0.752941 0.752941
vn -0.1950658 -0.6430441 0.7405699
v -0.0116966 -0.0385585 0.0444571 0.752941 0.752941 0.752941
vn -0.1842876 -0.6075139 0.7726351
v -0.0110493 -0.0364246 0.0463806 0.752941 0.752941 0.752941
vn -0.1730664 -0.5705222 0.8028402
v -0.0103753 -0.0342029 0.0481924 0.752941 0.752941 0.752941
vn -0.1614274 -0.5321544 0.8311154
v -0.0096764 -0.0318989 0.0498882 0.752941 0.752941 0.752941
vn -0.1493995 -0.4925042 0.8573910
v -0.0089542 -0.0295179 0.0514637 0.752941 0.752941 0.752941
vn -0.1370129 -0.4516703 0.8816016
v -0.0082104 -0.0270659 0.0529153 0.752941 0.752941 0.752941
vn -0.1242951 -0.4097452 0.9036922
v -0.0074468 -0.0245487 0.0542394 0.752941 0.752941 0.752941
vn -0.1112761 -0.3668291 0.9236093
v -0.0066652 -0.0219723 0.0554328 0.752941 0.752941 0.752941
vn -0.0979912 -0.3230333 0.9413009
v -0.0058676 -0.0193430 0.0564926 0.752941 0.752941 0.752941
vn -0.0844698 -0.2784572 0.9567270
v -0.0050559 -0.0166671 0.0574164 0.752941 0.752941 0.752941
vn -0.0707426 -0.2332065 0.9698507
v -0.0042320 -0.0139511 0.0582019 0.752941 0.752941 0.752941
vn -0.0568458 -0.1873948 0.9806384
v -0.0033979 -0.0112014 0.0588471 0.752941 0.752941 0.752941
vn -0.0428116 -0.1411318 0.9890648
v -0.0025556 -0.0084247 0.0593506 0.752941 0.752941 0.752941
vn -0.0286738 -0.0945244 0.9951096
v -0.0017072 -0.0056278 0.0597111 0.752941 0.752941 0.752941
vn -0.0144652 -0.0476861 0.9987577
v -0.0008546 -0.0028173 0.0599277 0.752941 0.752941 0.752941
vn -0.0097218 -0.0488742 -0.9987577
v -0.0005744 -0.0028875 -0.0599277 0.752941 0.752941 0.752941
vn -0.0192707 -0.0968798 -0.9951096
v -0.0011473 -0.0057680 -0.0597111 0.752941 0.752941 0.752941
vn -0.0287733 -0.1446481 -0.9890648
v -0.0017175 -0.0086347 -0.0593506 0.752941 0.752941 0.752941
vn -0.0382043 -0.1920643 -0.9806384
v -0.0022836 -0.0114805 -0.0588471 0.752941 0.752941 0.752941
vn -0.0475434 -0.2390177 -0.9698506
v -0.0028442 -0.0142987 -0.0582019 0.752941 0.752941 0.752941
vn -0.0567682 -0.2853960 -0.9567270
v -0.0033979 -0.0170824 -0.0574164 0.752941 0.752941 0.752941
vn -0.0658564 -0.3310827 -0.9413008
v -0.0039434 -0.0198250 -0.0564926 0.752941 0.752941 0.752941
vn -0.0747855 -0.3759696 -0.9236093
v -0.0044795 -0.0225198 -0.0554328 0.752941 0.752941 0.752941
vn -0.0835339 -0.4199553 -0.9036922
v -0.0050047 -0.0251604 -0.0542394 0.752941 0.752941 0.752941
vn -0.0920812 -0.4629250 -0.8816017
v -0.0055179 -0.0277403 -0.0529153 0.752941 0.752941 0.752941
vn -0.1004064 -0.5047763 -0.8573911
v -0.0060178 -0.0302535 -0.0514637 0.752941 0.752941 0.752941
vn -0.1084896 -0.5454149 -0.8311153
v -0.0065032 -0.0326937 -0.0498882 0.752941 0.752941 0.752941
vn -0.1163110 -0.5847391 -0.8028399
v -0.0069729 -0.0350552 -0.0481924 0.752941 0.752941 0.752941
vn -0.1238532 -0.6226513 -0.7726355
v -0.0074258 -0.0373322 -0.0463806 0.752941 0.752941 0.752941
vn -0.1310969 -0.6590669 -0.7405704
v -0.0078609 -0.0395193 -0.0444571 0.752941 0.752941 0.752941
vn -0.1380242 -0.6938960 -0.7067232
v -0.0082770 -0.0416112 -0.0424264 0.752941 0.752941 0.752941
vn -0.1446198 -0.7270539 -0.6711764
v -0.0086731 -0.0436028 -0.0402935 0.752941 0.752941 0.752941
vn -0.1508675 -0.7584591 -0.6340180
v -0.0090484 -0.0454894 -0.0380636 0.752941 0.752941 0.752941
vn -0.1567512 -0.7880400 -0.5953335
v -0.0094019 -0.0472664 -0.0357420 0.752941 0.752941 0.752941
vn -0.1622578 -0.8157256 -0.5552154
v -0.0097327 -0.0489296 -0.0333342 0.752941 0.752941 0.752941
vn -0.1673745 -0.8414459 -0.5137652
v -0.0100401 -0.0504749 -0.0308462 0.752941 0.752941 0.752941
vn -0.1720880 -0.8651425 -0.4710778
v -0.0103233 -0.0518985 -0.0282838 0.752941 0.752941 0.752941
vn -0.1763872 -0.8867570 -0.4272583
v -0.0105816 -0.0531972 -0.0256533 0.752941 0.752941 0.752941
vn -0.1802623 -0.9062372 -0.3824129
v -0.0108144 -0.0543676 -0.0229610 0.752941 0.752941 0.752941
vn -0.1837035 -0.9235374 -0.3366478
v -0.0110212 -0.0554072 -0.0202134 0.752941 0.752941 0.752941
vn -0.1867022 -0.9386163 -0.2900722
v -0.0112014 -0.0563132 -0.0174171 0.752941 0.752941 0.752941
vn -0.1892522 -0.9514367 -0.2428001
v -0.0113546 -0.0570835 -0.0145788 0.752941 0.752941 0.752941
vn -0.1913469 -0.9619684 -0.1949439
v -0.0114805 -0.0577164 -0.0117054 0.752941 0.752941 0.752941
vn -0.1929820 -0.9701861 -0.1466181
v -0.0115787 -0.0582102 -0.0088038 0.752941 0.752941 0.752941
vn -0.1941524 -0.9760699 -0.0979408
v -0.0116491 -0.0585637 -0.0058810 0.752941 0.752941 0.752941
vn -0.1948562 -0.9796056 -0.0490307
v -0.0116913 -0.0587762 -0.0029441 0.752941 0.752941 0.752941
vn -0.1950908 -0.9807852 0.0000001
v -0.0117054 -0.0588471 0.0000000 0.752941 0.752941 0.752941
vn -0.1948563 -0.9796056 0.0490303
v -0.0116913 -0.0587762 0.0029441 0.752941 0.752941 0.752941
vn -0.1941529 -0.9760697 0.0979413
v -0.0116491 -0.0585637 0.0058810 0.752941 0.752941 0.752941
vn -0.1929827 -0.9701861 0.1466173
v -0.0115787 -0.0582102 0.0088038 0.752941 0.752941 0.752941
vn -0.1913468 -0.9619684 0.1949446
v -0.0114805 -0.0577164 0.0117054 0.752941 0.752941 0.752941
vn -0.1892520 -0.9514367 0.2428001
v -0.0113546 -0.0570835 0.0145788 0.752941 0.752941 0.752941
vn -0.1867024 -0.9386163 0.2900721
v -0.0112014 -0.0563132 0.0174171 0.752941 0.752941 0.752941
vn -0.1837031 -0.9235375 0.3366478
v -0.0110212 -0.0554072 0.0202134 0.752941 0.752941 0.752941
vn -0.1802619 -0.9062373 0.3824130
v -0.0108144 -0.0543676 0.0229610 0.752941 0.752941 0.752941
vn -0.1763875 -0.8867569 0.4272583
v -0.0105816 -0.0531972 0.0256533 0.752941 0.752941 0.752941
vn -0.1720881 -0.8651424 0.4710779
v -0.0103233 -0.0518985 0.0282838 0.752941 0.752941 0.752941
vn -0.1673748 -0.8414460 0.5137648
v -0.0100401 -0.0504749 0.0308462 0.752941 0.752941 0.752941
vn -0.1622581 -0.8157253 0.5552158
v -0.0097327 -0.0489296 0.0333342 0.752941 0.752941 0.752941
vn -0.1567510 -0.7880400 0.5953335
v -0.0094019 -0.0472664 0.0357420 0.752941 0.752941 0.752941
vn -0.1508672 -0.7584593 0.6340178
v -0.0090484 -0.0454894 0.0380636 0.752941 0.752941 0.752941
vn -0.1446204 -0.7270538 0.6711764
v -0.0086731 -0.0436028 0.0402935 0.752941 0.752941 0.752941
vn -0.1380244 -0.6938958 0.7067234
v -0.0082770 -0.0416112 0.0424264 0.752941 0.752941 0.752941
vn -0.1310963 -0.6590670 0.7405704
v -0.0078609 -0.0395193 0.0444571 0.752941 0.752941 0.752941
vn -0.1238530 -0.6226516 0.7726353
v -0.0074258 -0.0373322 0.0463806 0.752941 0.752941 0.752941
vn -0.1163114 -0.5847386 0.8028402
v -0.0069729 -0.0350552 0.0481924 0.752941 0.752941 0.752941
vn -0.1084895 -0.5454149 0.8311153
v -0.0065032 -0.0326937 0.0498882 0.752941 0.752941 0.752941
vn -0.1004063 -0.5047764 0.8573911
v -0.0060178 -0.0302535 0.0514637 0.752941 0.752941 0.752941
vn -0.0920814 -0.4629250 0.8816016
v -0.0055179 -0.0277403 0.0529153 0.752941 0.752941 0.752941
vn -0.0835335 -0.4199550 0.9036924
v -0.0050047 -0.0251604 0.0542394 0.752941 0.752941 0.752941
vn -0.0747854 -0.3759699 0.9236091
v -0.0044795 -0.0225198 0.0554328 0.752941 0.752941 0.752941
vn -0.0658568 -0.3310827 0.9413008
v -0.0039434 -0.0198250 0.0564926 0.752941 0.752941 0.752941
vn -0.0567680 -0.2853958 0.9567271
v -0.0033979 -0.0170824 0.0574164 0.752941 0.752941 0.752941
vn -0.0475433 -0.2390177 0.9698506
v -0.0028442 -0.0142987 0.0582019 0.752941 0.752941 0.752941
vn -0.0382043 -0.1920644 0.9806384
v -0.0022836 -0.0114805 0.0588471 0.752941 0.752941 0.752941
vn -0.0287732 -0.1446483 0.9890648
v -0.0017175 -0.0086347 0.0593506 0.752941 0.752941 0.752941
vn -0.0192708 -0.0968797 0.9951096
v -0.0011473 -0.0057680 0.0597111 0.752941 0.752941 0.752941
vn -0.0097218 -0.0488742 0.9987577
v -0.0005744 -0.0028875 0.0599277 0.752941 0.752941 0.752941
vn -0.0048842 -0.0495920 -0.9987576
v -0.0002886 -0.0029299 -0.0599277 0.752941 0.752941 0.752941
vn -0.0096821 -0.0983020 -0.9951096
v -0.0005764 -0.0058527 -0.0597111 0.752941 0.752941 0.752941
vn -0.0144559 -0.1467722 -0.9890648
v -0.0008629 -0.0087614 -0.0593506 0.752941 0.752941 0.752941
vn -0.0191943 -0.1948844 -0.9806384
v -0.0011473 -0.0116491 -0.0588471 0.752941 0.752941 0.752941
vn -0.0238867 -0.2425271 -0.9698505
v -0.0014290 -0.0145086 -0.0582019 0.752941 0.752941 0.752941
vn -0.0285211 -0.2895860 -0.9567270
v -0.0017072 -0.0173332 -0.0574164 0.752941 0.752941 0.752941
vn -0.0330874 -0.3359429 -0.9413010
v -0.0019813 -0.0201161 -0.0564926 0.752941 0.752941 0.752941
vn -0.0375734 -0.3814899 -0.9236091
v -0.0022506 -0.0228504 -0.0554328 0.752941 0.752941 0.752941
vn -0.0419685 -0.4261213 -0.9036920
v -0.0025145 -0.0255298 -0.0542394 0.752941 0.752941 0.752941
vn -0.0462635 -0.4697208 -0.8816020
v -0.0027723 -0.0281476 -0.0529153 0.752941 0.752941 0.752941
vn -0.0504462 -0.5121873 -0.8573910
v -0.0030234 -0.0306976 -0.0514637 0.752941 0.752941 0.752941
vn -0.0545068 -0.5534232 -0.8311148
v -0.0032673 -0.0331737 -0.0498882 0.752941 0.752941 0.752941
vn -0.0584374 -0.5933229 -0.8028407
v -0.0035033 -0.0355698 -0.0481924 0.752941 0.752941 0.752941
vn -0.0622259 -0.6317930 -0.7726355
v -0.0037309 -0.0378803 -0.0463806 0.752941 0.752941 0.752941
vn -0.0658649 -0.6687440 -0.7405696
v -0.0039495 -0.0400995 -0.0444571 0.752941 0.752941 0.752941
vn -0.0693458 -0.7040832 -0.7067234
v -0.0041585 -0.0422221 -0.0424264 0.752941 0.752941 0.752941
vn -0.0726603 -0.7377269 -0.6711777
v -0.0043576 -0.0442430 -0.0402935 0.752941 0.752941 0.752941
vn -0.0757984 -0.7695950 -0.6340175
v -0.0045461 -0.0461573 -0.0380636 0.752941 0.752941 0.752941
vn -0.0787538 -0.7996104 -0.5953327
v -0.0047237 -0.0479604 -0.0357420 0.752941 0.752941 0.752941
vn -0.0815213 -0.8277010 -0.5552165
v -0.0048899 -0.0496479 -0.0333342 0.752941 0.752941 0.752941
vn -0.0840922 -0.8537995 -0.5137655
v -0.0050443 -0.0512159 -0.0308462 0.752941 0.752941 0.752941
vn -0.0864599 -0.8778442 -0.4710777
v -0.0051866 -0.0526605 -0.0282838 0.752941 0.752941 0.752941
vn -0.0886206 -0.8997756 -0.4272590
v -0.0053164 -0.0539782 -0.0256533 0.752941 0.752941 0.752941
vn -0.0905676 -0.9195426 -0.3824121
v -0.0054334 -0.0551658 -0.0229610 0.752941 0.752941 0.752941
vn -0.0922956 -0.9370970 -0.3366465
v -0.0055372 -0.0562206 -0.0202134 0.752941 0.752941 0.752941
vn -0.0938026 -0.9523966 -0.2900720
v -0.0056278 -0.0571399 -0.0174171 0.752941 0.752941 0.752941
vn -0.0950837 -0.9654055 -0.2427989
v -0.0057048 -0.0579216 -0.0145788 0.752941 0.752941 0.752941
vn -0.0961362 -0.9760913 -0.1949452
v -0.0057680 -0.0585637 -0.0117054 0.752941 0.752941 0.752941
vn -0.0969573 -0.9844298 -0.1466196
v -0.0058174 -0.0590648 -0.0088038 0.752941 0.752941 0.752941
vn -0.0975465 -0.9904000 -0.0979427
v -0.0058527 -0.0594236 -0.0058810 0.752941 0.752941 0.752941
vn -0.0978999 -0.9939877 -0.0490310
v -0.0058739 -0.0596392 -0.0029441 0.752941 0.752941 0.752941
vn -0.0980176 -0.9951847 -0.0000001
v -0.0058810 -0.0597111 0.0000000 0.752941 0.752941 0.752941
vn -0.0978993 -0.9939877 0.0490313
v -0.0058739 -0.0596392 0.0029441 0.752941 0.752941 0.752941
vn -0.0975465 -0.9904000 0.0979418
v -0.0058527 -0.0594236 0.0058810 0.752941 0.752941 0.752941
vn -0.0969569 -0.9844297 0.1466203
v -0.0058174 -0.0590648 0.0088038 0.752941 0.752941 0.752941
vn -0.0961355 -0.9760914 0.1949453
v -0.0057680 -0.0585637 0.0117054 0.752941 0.752941 0.752941
vn -0.0950839 -0.9654055 0.2427989
v -0.0057048 -0.0579216 0.0145788 0.752941 0.752941 0.752941
vn -0.0938027 -0.9523967 0.2900718
v -0.0056278 -0.0571399 0.0174171 0.752941 0.752941 0.752941
vn -0.0922958 -0.9370968 0.3366469
v -0.0055372 -0.0562206 0.0202134 0.752941 0.752941 0.752941
vn -0.0905676 -0.9195427 0.3824117
v -0.0054334 -0.0551658 0.0229610 0.752941 0.752941 0.752941
vn -0.0886207 -0.8997757 0.4272588
v -0.0053164 -0.0539782 0.0256533 0.752941 0.752941 0.752941
vn -0.0864602 -0.8778440 0.4710780
v -0.0051866 -0.0526605 0.0282838 0.752941 0.752941 0.752941
vn -0.0840918 -0.8537996 0.5137654
v -0.0050443 -0.0512159 0.0308462 0.752941 0.752941 0.752941
vn -0.0815211 -0.8277011 0.5552164
v -0.0048899 -0.0496479 0.0333342 0.752941 0.752941 0.752941
vn -0.0787542 -0.7996101 0.5953331
v -0.0047237 -0.0479604 0.0357420 0.752941 0.752941 0.752941
vn -0.0757983 -0.7695951 0.6340173
v -0.0045461 -0.0461573 0.0380636 0.752941 0.752941 0.752941
vn -0.0726596 -0.7377272 0.6711774
v -0.0043576 -0.0442430 0.0402935 0.752941 0.752941 0.752941
vn -0.0693457 -0.7040830 0.7067236
v -0.0041585 -0.0422221 0.0424264 0.752941 0.752941 0.752941
vn -0.0658656 -0.6687441 0.7405695
v -0.0039495 -0.0400995 0.0444571 0.752941 0.752941 0.752941
vn -0.0622259 -0.6317929 0.7726356
v -0.0037309 -0.0378803 0.0463806 0.752941 0.752941 0.752941
vn -0.0584368 -0.5933231 0.8028405
v -0.0035033 -0.0355698 0.0481924 0.752941 0.752941 0.752941
vn -0.0545071 -0.5534227 0.8311151
v -0.0032673 -0.0331737 0.0498882 0.752941 0.752941 0.752941
vn -0.0504461 -0.5121875 0.8573909
v -0.0030234 -0.0306976 0.0514637 0.752941 0.752941 0.752941
vn -0.0462634 -0.4697209 0.8816020
v -0.0027723 -0.0281476 0.0529153 0.752941 0.752941 0.752941
vn -0.0419689 -0.4261209 0.9036922
v -0.0025145 -0.0255298 0.0542394 0.752941 0.752941 0.752941
vn -0.0375737 -0.3814902 0.9236090
v -0.0022506 -0.0228504 0.0554328 0.752941 0.752941 0.752941
vn -0.0330870 -0.3359429 0.9413011
v -0.0019813 -0.0201161 0.0564926 0.752941 0.752941 0.752941
vn -0.0285211 -0.2895858 0.9567270
v -0.0017072 -0.0173332 0.0574164 0.752941 0.752941 0.752941
vn -0.0238869 -0.2425272 0.9698505
v -0.0014290 -0.0145086 0.0582019 0.752941 0.752941 0.752941
vn -0.0191945 -0.1948843 0.9806384
v -0.0011473 -0.0116491 0.0588471 0.752941 0.752941 0.752941
vn -0.0144561 -0.1467722 0.9890648
v -0.0008629 -0.0087614 0.0593506 0.752941 0.752941 0.752941
vn -0.0096820 -0.0983020 0.9951096
v -0.0005764 -0.0058527 0.0597111 0.752941 0.752941 0.752941
vn -0.0048843 -0.0495920 0.9987576
v -0.0002886 -0.0029299 0.0599277 0.752941 0.752941 0.752941
vn -0.0000000 -0.0498316 -0.9987577
v 0.0000000 -0.0029441 -0.0599277 0.752941 0.752941 0.752941
vn 0.0000001 -0.0987777 -0.9951096
v 0.0000000 -0.0058810 -0.0597111 0.752941 0.752941 0.752941
vn -0.0000001 -0.1474822 -0.9890648
v 0.0000000 -0.0088038 -0.0593506 0.752941 0.752941 0.752941
vn -0.0000001 -0.1958273 -0.9806384
v 0.0000000 -0.0117054 -0.0588471 0.752941 0.752941 0.752941
vn -0.0000000 -0.2437007 -0.9698505
v 0.0000000 -0.0145788 -0.0582019 0.752941 0.752941 0.752941
vn 0.0000000 -0.2909870 -0.9567270
v 0.0000000 -0.0174171 -0.0574164 0.752941 0.752941 0.752941
vn 0.0000001 -0.3375685 -0.9413010
v 0.0000000 -0.0202134 -0.0564926 0.752941 0.752941 0.752941
vn -0.0000001 -0.3833359 -0.9236090
v 0.0000000 -0.0229610 -0.0554328 0.752941 0.752941 0.752941
vn -0.0000002 -0.4281825 -0.9036923
v 0.0000000 -0.0256533 -0.0542394 0.752941 0.752941 0.752941
vn -0.0000000 -0.4719934 -0.8816021
v 0.0000000 -0.0282838 -0.0529153 0.752941 0.752941 0.752941
vn 0.0000001 -0.5146660 -0.8573908
v 0.0000000 -0.0308462 -0.0514637 0.752941 0.752941 0.752941
vn -0.0000002 -0.5561005 -0.8311151
v 0.0000000 -0.0333342 -0.0498882 0.752941 0.752941 0.752941
vn 0.0000003 -0.5961943 -0.8028402
v 0.0000000 -0.0357420 -0.0481924 0.752941 0.752941 0.752941
vn 0.0000000 -0.6348499 -0.7726355
v 0.0000000 -0.0380636 -0.0463806 0.752941 0.752941 0.752941
vn -0.0000003 -0.6719791 -0.7405701
v 0.0000000 -0.0402935 -0.0444571 0.752941 0.752941 0.752941
vn -0.0000000 -0.7074898 -0.7067236
v 0.0000000 -0.0424264 -0.0424264 0.752941 0.752941 0.752941
vn 0.0000003 -0.7412970 -0.6711771
v 0.0000000 -0.0444571 -0.0402935 0.752941 0.752941 0.752941
vn 0.0000003 -0.7733194 -0.6340167
v 0.0000000 -0.0463806 -0.0380636 0.752941 0.752941 0.752941
vn -0.0000002 -0.8034788 -0.5953335
v 0.0000000 -0.0481924 -0.0357420 0.752941 0.752941 0.752941
vn -0.0000001 -0.8317058 -0.5552167
v 0.0000000 -0.0498882 -0.0333342 0.752941 0.752941 0.752941
vn 0.0000002 -0.8579311 -0.5137648
v 0.0000000 -0.0514637 -0.0308462 0.752941 0.752941 0.752941
vn -0.0000002 -0.8820912 -0.4710788
v 0.0000000 -0.0529153 -0.0282838 0.752941 0.752941 0.752941
vn -0.0000002 -0.9041289 -0.4272598
v 0.0000000 -0.0542394 -0.0256533 0.752941 0.752941 0.752941
vn 0.0000002 -0.9239923 -0.3824110
v 0.0000000 -0.0554328 -0.0229610 0.752941 0.752941 0.752941
vn 0.0000000 -0.9416312 -0.3366463
v 0.0000000 -0.0564926 -0.0202134 0.752941 0.752941 0.752941
vn -0.0000001 -0.9570048 -0.2900723
v 0.0000000 -0.0574164 -0.0174171 0.752941 0.752941 0.752941
vn -0.0000000 -0.9700767 -0.2427988
v 0.0000000 -0.0582019 -0.0145788 0.752941 0.752941 0.752941
vn 0.0000004 -0.9808145 -0.1949435
v 0.0000000 -0.0588471 -0.0117054 0.752941 0.752941 0.752941
vn -0.0000002 -0.9891928 -0.1466209
v 0.0000000 -0.0593506 -0.0088038 0.752941 0.752941 0.752941
vn -0.0000002 -0.9951920 -0.0979433
v 0.0000000 -0.0597111 -0.0058810 0.752941 0.752941 0.752941
vn 0.0000004 -0.9987974 -0.0490296
v 0.0000000 -0.0599277 -0.0029441 0.752941 0.752941 0.752941
vn -0.0000000 -1.0000000 0.0000000
v 0.0000000 -0.0600000 0.0000000 0.752941 0.752941 0.752941
vn -0.0000004 -0.9987974 0.0490296
v 0.0000000 -0.0599277 0.0029441 0.752941 0.752941 0.752941
vn 0.0000002 -0.9951920 0.0979433
v 0.0000000 -0.0597111 0.0058810 0.752941 0.752941 0.752941
vn 0.0000002 -0.9891928 0.1466209
v 0.0000000 -0.0593506 0.0088038 0.752941 0.752941 0.752941
vn -0.0000005 -0.9808145 0.1949435
v 0.0000000 -0.0588471 0.0117054 0.752941 0.752941 0.752941
vn 0.0000000 -0.9700767 0.2427988
v 0.0000000 -0.0582019 0.0145788 0.752941 0.752941 0.752941
vn 0.0000001 -0.9570048 0.2900722
v 0.0000000 -0.0574164 0.0174171 0.752941 0.752941 0.752941
vn -0.0000000 -0.9416311 0.3366463
v 0.0000000 -0.0564926 0.0202134 0.752941 0.752941 0.752941
vn -0.0000002 -0.9239923 0.3824110
v 0.0000000 -0.0554328 0.0229610 0.752941 0.752941 0.752941
vn 0.0000002 -0.9041289 0.4272598
v 0.0000000 -0.0542394 0.0256533 0.752941 0.752941 0.752941
vn 0.0000002 -0.8820912 0.4710787
v 0.0000000 -0.0529153 0.0282838 0.752941 0.752941 0.752941
vn -0.0000002 -0.8579311 0.5137648
v 0.0000000 -0.0514637 0.0308462 0.752941 0.752941 0.752941
vn 0.0000001 -0.8317057 0.5552167
v 0.0000000 -0.0498882 0.0333342 0.752941 0.752941 0.752941
vn 0.0000002 -0.8034788 0.5953335
v 0.0000000 -0.0481924 0.0357420 0.752941 0.752941 0.752941
vn -0.0000003 -0.7733194 0.6340167
v 0.0000000 -0.0463806 0.0380636 0.752941 0.752941 0.752941
vn -0.0000003 -0.7412971 0.6711771
v 0.0000000 -0.0444571 0.0402935 0.752941 0.752941 0.752941
vn 0.0000000 -0.7074898 0.7067236
v 0.0000000 -0.0424264 0.0424264 0.752941 0.752941 0.752941
vn 0.0000003 -0.6719791 0.7405701
v 0.0000000 -0.0402935 0.0444571 0.752941 0.752941 0.752941
vn -0.0000000 -0.6348498 0.7726355
v 0.0000000 -0.0380636 0.0463806 0.752941 0.752941 0.752941
vn -0.0000003 -0.5961943 0.8028402
v 0.0000000 -0.0357420 0.0481924 0.752941 0.752941 0.752941
vn 0.0000002 -0.5561005 0.8311151
v 0.0000000 -0.0333342 0.0498882 0.752941 0.752941 0.752941
vn -0.0000001 -0.5146660 0.8573908
v 0.0000000 -0.0308462 0.0514637 0.752941 0.752941 0.752941
vn 0.0000000 -0.4719934 0.8816022
v 0.0000000 -0.0282838 0.0529153 0.752941 0.752941 0.752941
vn 0.0000002 -0.4281825 0.9036923
v 0.0000000 -0.0256533 0.0542394 0.752941 0.752941 0.752941
vn 0.0000001 -0.3833359 0.9236090
v 0.0000000 -0.0229610 0.0554328 0.752941 0.752941 0.752941
vn -0.0000001 -0.3375685 0.9413010
v 0.0000000 -0.0202134 0.0564926 0.752941 0.752941 0.752941
vn -0.0000000 -0.2909870 0.9567270
v 0.0000000 -0.0174171 0.0574164 0.752941 0.752941 0.752941
vn 0.0000000 -0.2437006 0.9698505
v 0.0000000 -0.0145788 0.0582019 0.752941 0.752941 0.752941
vn 0.0000001 -0.1958273 0.9806384
v 0.0000000 -0.0117054 0.0588471 0.752941 0.752941 0.752941
vn 0.0000001 -0.1474822 0.9890648
v 0.0000000 -0.0088038 0.0593506 0.752941 0.752941 0.752941
vn -0.0000001 -0.0987777 0.9951096
v 0.0000000 -0.0058810 0.0597111 0.752941 0.752941 0.752941
vn 0.0000000 -0.0498316 0.9987577
v 0.0000000 -0.0029441 0.0599277 0.752941 0.752941 0.752941
vn 0.0048843 -0.0495920 -0.9987576
v 0.0002886 -0.0029299 -0.0599277 0.752941 0.752941 0.752941
vn 0.0096820 -0.0983020 -0.9951096
v 0.0005764 -0.0058527 -0.0597111 0.752941 0.752941 0.752941
vn 0.0144560 -0.1467723 -0.9890648
v 0.0008629 -0.0087614 -0.0593506 0.752941 0.752941 0.752941
vn 0.0191945 -0.1948843 -0.9806384
v 0.0011473 -0.0116491 -0.0588471 0.752941 0.752941 0.752941
vn 0.0238869 -0.2425272 -0.9698505
v 0.0014290 -0.0145086 -0.0582019 0.752941 0.752941 0.752941
vn 0.0285211 -0.2895858 -0.9567270
v 0.0017072 -0.0173332 -0.0574164 0.752941 0.752941 0.752941
vn 0.0330870 -0.3359429 -0.9413011
v 0.0019813 -0.0201161 -0.0564926 0.752941 0.752941 0.752941
vn 0.0375737 -0.3814902 -0.9236090
v 0.0022506 -0.0228504 -0.0554328 0.752941 0.752941 0.752941
vn 0.0419689 -0.4261209 -0.9036922
v 0.0025145 -0.0255298 -0.0542394 0.752941 0.752941 0.752941
vn 0.0462634 -0.4697209 -0.8816019
v 0.0027723 -0.0281476 -0.0529153 0.752941 0.752941 0.752941
vn 0.0504461 -0.5121875 -0.8573909
v 0.0030234 -0.0306976 -0.0514637 0.752941 0.752941 0.752941
vn 0.0545071 -0.5534228 -0.8311151
v 0.0032673 -0.0331737 -0.0498882 0.752941 0.752941 0.752941
vn 0.0584368 -0.5933231 -0.8028405
v 0.0035033 -0.0355698 -0.0481924 0.752941 0.752941 0.752941
vn 0.0622259 -0.6317928 -0.7726356
v 0.0037309 -0.0378803 -0.0463806 0.752941 0.752941 0.752941
vn 0.0658656 -0.6687440 -0.7405695
v 0.0039495 -0.0400995 -0.0444571 0.752941 0.752941 0.752941
vn 0.0693457 -0.7040830 -0.7067236
v 0.0041585 -0.0422221 -0.0424264 0.752941 0.752941 0.752941
vn 0.0726596 -0.7377272 -0.6711774
v 0.0043576 -0.0442430 -0.0402935 0.752941 0.752941 0.752941
vn 0.0757983 -0.7695951 -0.6340173
v 0.0045461 -0.0461573 -0.0380636 0.752941 0.752941 0.752941
vn 0.0787542 -0.7996101 -0.5953331
v 0.0047237 -0.0479604 -0.0357420 0.752941 0.752941 0.752941
vn 0.0815211 -0.8277011 -0.5552164
v 0.0048899 -0.0496479 -0.0333342 0.752941 0.752941 0.752941
vn 0.0840917 -0.8537996 -0.5137654
v 0.0050443 -0.0512159 -0.0308462 0.752941 0.752941 0.752941
vn 0.0864601 -0.8778440 -0.4710780
v 0.0051866 -0.0526605 -0.0282838 0.752941 0.752941 0.752941
vn 0.0886207 -0.8997757 -0.4272588
v 0.0053164 -0.0539782 -0.0256533 0.752941 0.752941 0.752941
vn 0.0905676 -0.9195427 -0.3824116
v 0.0054334 -0.0551658 -0.0229610 0.752941 0.752941 0.752941
vn 0.0922958 -0.9370968 -0.3366470
v 0.0055372 -0.0562206 -0.0202134 0.752941 0.752941 0.752941
vn 0.0938027 -0.9523967 -0.2900718
v 0.0056278 -0.0571399 -0.0174171 0.752941 0.752941 0.752941
vn 0.0950839 -0.9654055 -0.2427989
v 0.0057048 -0.0579216 -0.0145788 0.752941 0.752941 0.752941
vn 0.0961355 -0.9760914 -0.1949453
v 0.0057680 -0.0585637 -0.0117054 0.752941 0.752941 0.752941
vn 0.0969569 -0.9844297 -0.1466203
v 0.0058174 -0.0590648 -0.0088038 0.752941 0.752941 0.752941
vn 0.0975465 -0.9904000 -0.0979418
v 0.0058527 -0.0594236 -0.0058810 0.752941 0.752941 0.752941
vn 0.0978993 -0.9939877 -0.0490313
v 0.0058739 -0.0596392 -0.0029441 0.752941 0.752941 0.752941
vn 0.0980176 -0.9951847 0.0000001
v 0.0058810 -0.0597111 0.0000000 0.752941 0.752941 0.752941
vn 0.0978999 -0.9939877 0.0490310
v 0.0058739 -0.0596392 0.0029441 0.752941 0.752941 0.752941
vn 0.0975465 -0.9904000 0.0979426
v 0.0058527 -0.0594236 0.0058810 0.752941 0.752941 0.752941
vn 0.0969573 -0.9844298 0.1466196
v 0.0058174 -0.0590648 0.0088038 0.752941 0.752941 0.752941
vn 0.0961362 -0.9760913 0.1949453
v 0.0057680 -0.0585637 0.0117054 0.752941 0.752941 0.752941
vn 0.0950837 -0.9654055 0.2427989
v 0.0057048 -0.0579216 0.0145788 0.752941 0.752941 0.752941
vn 0.0938026 -0.9523966 0.2900720
v 0.0056278 -0.0571399 0.0174171 0.752941 0.752941 0.752941
vn 0.0922956 -0.9370970 0.3366464
v 0.0055372 -0.0562206 0.0202134 0.752941 0.752941 0.752941
vn 0.0905676 -0.9195426 0.3824121
v 0.0054334 -0.0551658 0.0229610 0.752941 0.752941 0.752941
vn 0.0886206 -0.8997756 0.4272590
v 0.0053164 -0.0539782 0.0256533 0.752941 0.752941 0.752941
vn 0.0864599 -0.8778442 0.4710778
v 0.0051866 -0.0526605 0.0282838 0.752941 0.752941 0.752941
vn 0.0840921 -0.8537995 0.5137655
v 0.0050443 -0.0512159 0.0308462 0.752941 0.752941 0.752941
vn 0.0815213 -0.8277010 0.5552165
v 0.0048899 -0.0496479 0.0333342 0.752941 0.752941 0.752941
vn 0.0787538 -0.7996104 0.5953327
v 0.0047237 -0.0479604 0.0357420 0.752941 0.752941 0.752941
vn 0.0757984 -0.7695950 0.6340176
v 0.0045461 -0.0461573 0.0380636 0.752941 0.752941 0.752941
vn 0.0726603 -0.7377269 0.6711777
v 0.0043576 -0.0442430 0.0402935 0.752941 0.752941 0.752941
vn 0.0693458 -0.7040831 0.7067235
v 0.0041585 -0.0422221 0.0424264 0.752941 0.752941 0.752941
vn 0.0658649 -0.6687440 0.7405695
v 0.0039495 -0.0400995 0.0444571 0.752941 0.752941 0.752941
vn 0.0622259 -0.6317930 0.7726355
v 0.0037309 -0.0378803 0.0463806 0.752941 0.752941 0.752941
vn 0.0584374 -0.5933229 0.8028407
v 0.0035033 -0.0355698 0.0481924 0.752941 0.752941 0.752941
vn 0.0545068 -0.5534232 0.8311148
v 0.0032673 -0.0331737 0.0498882 0.752941 0.752941 0.752941
vn 0.0504462 -0.5121872 0.8573911
v 0.0030234 -0.0306976 0.0514637 0.752941 0.752941 0.752941
vn 0.0462635 -0.4697208 0.8816020
v 0.0027723 -0.0281476 0.0529153 0.752941 0.752941 0.752941
vn 0.0419685 -0.4261213 0.9036920
v 0.0025145 -0.0255298 0.0542394 0.752941 0.752941 0.752941
vn 0.0375734 -0.3814899 0.9236090
v 0.0022506 -0.0228504 0.0554328 0.752941 0.752941 0.752941
vn 0.0330874 -0.3359429 0.9413010
v 0.0019813 -0.0201161 0.0564926 0.752941 0.752941 0.752941
vn 0.0285211 -0.2895860 0.9567270
v 0.0017072 -0.0173332 0.0574164 0.752941 0.752941 0.752941
vn 0.0238867 -0.2425271 0.9698505
v 0.0014290 -0.0145086 0.0582019 0.752941 0.752941 0.752941
vn 0.0191943 -0.1948844 0.9806384
v 0.0011473 -0.0116491 0.0588471 0.752941 0.752941 0.752941
vn 0.0144559 -0.1467722 0.9890648
v 0.0008629 -0.0087614 0.0593506 0.752941 0.752941 0.752941
vn 0.0096821 -0.0983020 0.9951096
v 0.0005764 -0.0058527 0.0597111 0.752941 0.752941 0.752941
vn 0.0048842 -0.0495920 0.9987576
v 0.0002886 -0.0029299 0.0599277 0.752941 0.752941 0.752941
vn 0.0097218 -0.0488742 -0.9987577
v 0.0005744 -0.0028875 -0.0599277 0.752941 0.752941 0.752941
vn 0.0192707 -0.0968797 -0.9951096
v 0.0011473 -0.0057680 -0.0597111 0.752941 0.752941 0.752941
vn 0.0287732 -0.1446483 -0.9890648
v 0.0017175 -0.0086347 -0.0593506 0.752941 0.752941 0.752941
vn 0.0382043 -0.1920644 -0.9806384
v 0.0022836 -0.0114805 -0.0588471 0.752941 0.752941 0.752941
vn 0.0475433 -0.2390177 -0.9698506
v 0.0028442 -0.0142987 -0.0582019 0.752941 0.752941 0.752941
vn 0.0567680 -0.2853958 -0.9567271
v 0.0033979 -0.0170824 -0.0574164 0.752941 0.752941 0.752941
vn 0.0658568 -0.3310827 -0.9413008
v 0.0039434 -0.0198250 -0.0564926 0.752941 0.752941 0.752941
vn 0.0747854 -0.3759699 -0.9236091
v 0.0044795 -0.0225198 -0.0554328 0.752941 0.752941 0.752941
vn 0.0835335 -0.4199550 -0.9036924
v 0.0050047 -0.0251604 -0.0542394 0.752941 0.752941 0.752941
vn 0.0920814 -0.4629250 -0.8816017
v 0.0055179 -0.0277403 -0.0529153 0.752941 0.752941 0.752941
vn 0.1004063 -0.5047764 -0.8573911
v 0.0060178 -0.0302535 -0.0514637 0.752941 0.752941 0.752941
vn 0.1084895 -0.5454149 -0.8311152
v 0.0065032 -0.0326937 -0.0498882 0.752941 0.752941 0.752941
vn 0.1163115 -0.5847387 -0.8028402
v 0.0069729 -0.0350552 -0.0481924 0.752941 0.752941 0.752941
vn 0.1238530 -0.6226516 -0.7726353
v 0.0074258 -0.0373322 -0.0463806 0.752941 0.752941 0.752941
vn 0.1310963 -0.6590670 -0.7405703
v 0.0078609 -0.0395193 -0.0444571 0.752941 0.752941 0.752941
vn 0.1380244 -0.6938958 -0.7067234
v 0.0082770 -0.0416112 -0.0424264 0.752941 0.752941 0.752941
vn 0.1446204 -0.7270538 -0.6711764
v 0.0086731 -0.0436028 -0.0402935 0.752941 0.752941 0.752941
vn 0.1508672 -0.7584593 -0.6340178
v 0.0090484 -0.0454894 -0.0380636 0.752941 0.752941 0.752941
vn 0.1567510 -0.7880400 -0.5953336
v 0.0094019 -0.0472664 -0.0357420 0.752941 0.752941 0.752941
vn 0.1622581 -0.8157253 -0.5552158
v 0.0097327 -0.0489296 -0.0333342 0.752941 0.752941 0.752941
vn 0.1673748 -0.8414460 -0.5137648
v 0.0100401 -0.0504749 -0.0308462 0.752941 0.752941 0.752941
vn 0.1720881 -0.8651424 -0.4710779
v 0.0103233 -0.0518985 -0.0282838 0.752941 0.752941 0.752941
vn 0.1763875 -0.8867570 -0.4272583
v 0.0105816 -0.0531972 -0.0256533 0.752941 0.752941 0.752941
vn 0.1802619 -0.9062373 -0.3824129
v 0.0108144 -0.0543676 -0.0229610 0.752941 0.752941 0.752941
vn 0.1837031 -0.9235375 -0.3366478
v 0.0110212 -0.0554072 -0.0202134 0.752941 0.752941 0.752941
vn 0.1867024 -0.9386163 -0.2900721
v 0.0112014 -0.0563132 -0.0174171 0.752941 0.752941 0.752941
vn 0.1892520 -0.9514367 -0.2428001
v 0.0113546 -0.0570835 -0.0145788 0.752941 0.752941 0.752941
vn 0.1913468 -0.9619684 -0.1949446
v 0.0114805 -0.0577164 -0.0117054 0.752941 0.752941 0.752941
vn 0.1929827 -0.9701861 -0.1466173
v 0.0115787 -0.0582102 -0.0088038 0.752941 0.752941 0.752941
vn 0.1941529 -0.9760697 -0.0979413
v 0.0116491 -0.0585637 -0.0058810 0.752941 0.752941 0.752941
vn 0.1948563 -0.9796056 -0.0490303
v 0.0116913 -0.0587762 -0.0029441 0.752941 0.752941 0.752941
vn 0.1950908 -0.9807852 -0.0000001
v 0.0117054 -0.0588471 0.0000000 0.752941 0.752941 0.752941
vn 0.1948562 -0.9796056 0.0490307
v 0.0116913 -0.0587762 0.0029441 0.752941 0.752941 0.752941
vn 0.1941524 -0.9760699 0.0979408
v 0.0116491 -0.0585637 0.0058810 0.752941 0.752941 0.752941
vn 0.1929820 -0.9701861 0.1466181
v 0.0115787 -0.0582102 0.0088038 0.752941 0.752941 0.752941
vn 0.1913469 -0.9619684 0.1949439
v 0.0114805 -0.0577164 0.0117054 0.752941 0.752941 0.752941
vn 0.1892521 -0.9514367 0.2428001
v 0.0113546 -0.0570835 0.0145788 0.752941 0.752941 0.752941
vn 0.1867022 -0.9386163 0.2900722
v 0.0112014 -0.0563132 0.0174171 0.752941 0.752941 0.752941
vn 0.1837035 -0.9235374 0.3366478
v 0.0110212 -0.0554072 0.0202134 0.752941 0.752941 0.752941
vn 0.1802624 -0.9062372 0.3824129
v 0.0108144 -0.0543676 0.0229610 0.752941 0.752941 0.752941
vn 0.1763872 -0.8867570 0.4272583
v 0.0105816 -0.0531972 0.0256533 0.752941 0.752941 0.752941
vn 0.1720880 -0.8651425 0.4710778
v 0.0103233 -0.0518985 0.0282838 0.752941 0.752941 0.752941
vn 0.1673745 -0.8414459 0.5137651
v 0.0100401 -0.0504749 0.0308462 0.752941 0.752941 0.752941
vn 0.1622578 -0.8157256 0.5552155
v 0.0097327 -0.0489296 0.0333342 0.752941 0.752941 0.752941
vn 0.1567512 -0.7880400 0.5953336
v 0.0094019 -0.0472664 0.0357420 0.752941 0.752941 0.752941
vn 0.1508675 -0.7584591 0.6340180
v 0.0090484 -0.0454894 0.0380636 0.752941 0.752941 0.752941
vn 0.1446198 -0.7270539 0.6711764
v 0.0086731 -0.0436028 0.0402935 0.752941 0.752941 0.752941
vn 0.1380242 -0.6938960 0.7067232
v 0.0082770 -0.0416112 0.0424264 0.752941 0.752941 0.752941
vn 0.1310969 -0.6590669 0.7405704
v 0.0078609 -0.0395193 0.0444571 0.752941 0.752941 0.752941
vn 0.1238532 -0.6226515 0.7726355
v 0.0074258 -0.0373322 0.0463806 0.752941 0.752941 0.752941
vn 0.1163110 -0.5847391 0.8028399
v 0.0069729 -0.0350552 0.0481924 0.752941 0.752941 0.752941
vn 0.1084896 -0.5454149 0.8311153
v 0.0065032 -0.0326937 0.0498882 0.752941 0.752941 0.752941
vn 0.1004064 -0.5047762 0.8573911
v 0.0060178 -0.0302535 0.0514637 0.752941 0.752941 0.752941
vn 0.0920812 -0.4629250 0.8816017
v 0.0055179 -0.0277403 0.0529153 0.752941 0.752941 0.752941
vn 0.0835339 -0.4199553 0.9036922
v 0.0050047 -0.0251604 0.0542394 0.752941 0.752941 0.752941
vn 0.0747855 -0.3759696 0.9236093
v 0.0044795 -0.0225198 0.0554328 0.752941 0.752941 0.752941
vn 0.0658564 -0.3310827 0.9413008
v 0.0039434 -0.0198250 0.0564926 0.752941 0.752941 0.752941
vn 0.0567682 -0.2853960 0.9567270
v 0.0033979 -0.0170824 0.0574164 0.752941 0.752941 0.752941
vn 0.0475434 -0.2390177 0.9698506
v 0.0028442 -0.0142987 0.0582019 0.752941 0.752941 0.752941
vn 0.0382043 -0.1920644 0.9806384
v 0.0022836 -0.0114805 0.0588471 0.752941 0.752941 0.752941
vn 0.0287733 -0.1446481 0.9890648
v 0.0017175 -0.0086347 0.0593506 0.752941 0.752941 0.752941
vn 0.0192707 -0.0968798 0.9951096
v 0.0011473 -0.0057680 0.0597111 0.752941 0.752941 0.752941
vn 0.0097218 -0.0488742 0.9987577
v 0.0005744 -0.0028875 0.0599277 0.752941 0.752941 0.752941
vn 0.0144652 -0.0476861 -0.9987577
v 0.0008546 -0.0028173 -0.0599277 0.752941 0.752941 0.752941
vn 0.0286738 -0.0945245 -0.9951096
v 0.0017072 -0.0056278 -0.0597111 0.752941 0.752941 0.752941
vn 0.0428116 -0.1411318 -0.9890648
v 0.0025556 -0.0084247 -0.0593506 0.752941 0.752941 0.752941
vn 0.0568458 -0.1873948 -0.9806384
v 0.0033979 -0.0112014 -0.0588471 0.752941 0.752941 0.752941
vn 0.0707426 -0.2332065 -0.9698507
v 0.0042320 -0.0139511 -0.0582019 0.752941 0.752941 0.752941
vn 0.0844698 -0.2784572 -0.9567270
v 0.0050559 -0.0166671 -0.0574164 0.752941 0.752941 0.752941
vn 0.0979912 -0.3230333 -0.9413009
v 0.0058676 -0.0193430 -0.0564926 0.752941 0.752941 0.752941
vn 0.1112761 -0.3668291 -0.9236093
v 0.0066652 -0.0219723 -0.0554328 0.752941 0.752941 0.752941
vn 0.1242951 -0.4097452 -0.9036922
v 0.0074468 -0.0245487 -0.0542394 0.752941 0.752941 0.752941
vn 0.1370129 -0.4516703 -0.8816016
v 0.0082104 -0.0270659 -0.0529153 0.752941 0.752941 0.752941
vn 0.1493995 -0.4925042 -0.8573910
v 0.0089542 -0.0295179 -0.0514637 0.752941 0.752941 0.752941
vn 0.1614274 -0.5321544 -0.8311154
v 0.0096764 -0.0318989 -0.0498882 0.752941 0.752941 0.752941
vn 0.1730664 -0.5705222 -0.8028402
v 0.0103753 -0.0342029 -0.0481924 0.752941 0.752941 0.752941
vn 0.1842876 -0.6075140 -0.7726350
v 0.0110493 -0.0364246 -0.0463806 0.752941 0.752941 0.752941
vn 0.1950658 -0.6430440 -0.7405699
v 0.0116966 -0.0385585 -0.0444571 0.752941 0.752941 0.752941
vn 0.2053742 -0.6770254 -0.7067235
v 0.0123157 -0.0405995 -0.0424264 0.752941 0.752941 0.752941
vn 0.2151874 -0.7093773 -0.6711769
v 0.0129052 -0.0425428 -0.0402935 0.752941 0.752941 0.752941
vn 0.2244820 -0.7400200 -0.6340176
v 0.0134636 -0.0443835 -0.0380636 0.752941 0.752941 0.752941
vn 0.2332375 -0.7688813 -0.5953333
v 0.0139895 -0.0461173 -0.0357420 0.752941 0.752941 0.752941
vn 0.2414316 -0.7958934 -0.5552158
v 0.0144818 -0.0477400 -0.0333342 0.752941 0.752941 0.752941
vn 0.2490443 -0.8209887 -0.5137651
v 0.0149391 -0.0492477 -0.0308462 0.752941 0.752941 0.752941
vn 0.2560576 -0.8441089 -0.4710783
v 0.0153605 -0.0506368 -0.0282838 0.752941 0.752941 0.752941
vn 0.2624546 -0.8651979 -0.4272589
v 0.0157449 -0.0519038 -0.0256533 0.752941 0.752941 0.752941
vn 0.2682204 -0.8842050 -0.3824124
v 0.0160913 -0.0530459 -0.0229610 0.752941 0.752941 0.752941
vn 0.2733406 -0.9010846 -0.3366473
v 0.0163989 -0.0540601 -0.0202134 0.752941 0.752941 0.752941
vn 0.2778036 -0.9157963 -0.2900729
v 0.0166671 -0.0549441 -0.0174171 0.752941 0.752941 0.752941
vn 0.2815985 -0.9283050 -0.2428007
v 0.0168951 -0.0556957 -0.0145788 0.752941 0.752941 0.752941
vn 0.2847165 -0.9385808 -0.1949428
v 0.0170824 -0.0563132 -0.0117054 0.752941 0.752941 0.752941
vn 0.2871480 -0.9465987 -0.1466184
v 0.0172286 -0.0567950 -0.0088038 0.752941 0.752941 0.752941
vn 0.2888882 -0.9523396 -0.0979426
v 0.0173332 -0.0571399 -0.0058810 0.752941 0.752941 0.752941
vn 0.2899354 -0.9557895 -0.0490301
v 0.0173961 -0.0573473 -0.0029441 0.752941 0.752941 0.752941
vn 0.2902842 -0.9569405 -0.0000003
v 0.0174171 -0.0574164 0.0000000 0.752941 0.752941 0.752941
vn 0.2899354 -0.9557894 0.0490307
v 0.0173961 -0.0573473 0.0029441 0.752941 0.752941 0.752941
vn 0.2888888 -0.9523396 0.0979419
v 0.0173332 -0.0571399 0.0058810 0.752941 0.752941 0.752941
vn 0.2871477 -0.9465987 0.1466186
v 0.0172286 -0.0567950 0.0088038 0.752941 0.752941 0.752941
vn 0.2847158 -0.9385809 0.1949430
v 0.0170824 -0.0563132 0.0117054 0.752941 0.752941 0.752941
vn 0.2815989 -0.9283049 0.2428006
v 0.0168951 -0.0556957 0.0145788 0.752941 0.752941 0.752941
vn 0.2778045 -0.9157960 0.2900732
v 0.0166671 -0.0549441 0.0174171 0.752941 0.752941 0.752941
vn 0.2733406 -0.9010848 0.3366469
v 0.0163989 -0.0540601 0.0202134 0.752941 0.752941 0.752941
vn 0.2682199 -0.8842052 0.3824124
v 0.0160913 -0.0530459 0.0229610 0.752941 0.752941 0.752941
vn 0.2624547 -0.8651979 0.4272588
v 0.0157449 -0.0519038 0.0256533 0.752941 0.752941 0.752941
vn 0.2560576 -0.8441088 0.4710783
v 0.0153605 -0.0506368 0.0282838 0.752941 0.752941 0.752941
vn 0.2490444 -0.8209886 0.5137652
v 0.0149391 -0.0492477 0.0308462 0.752941 0.752941 0.752941
vn 0.2414317 -0.7958934 0.5552156
v 0.0144818 -0.0477400 0.0333342 0.752941 0.752941 0.752941
vn 0.2332377 -0.7688810 0.5953336
v 0.0139895 -0.0461173 0.0357420 0.752941 0.752941 0.752941
vn 0.2244820 -0.7400203 0.6340172
v 0.0134636 -0.0443835 0.0380636 0.752941 0.752941 0.752941
vn 0.2151871 -0.7093774 0.6711767
v 0.0129052 -0.0425428 0.0402935 0.752941 0.752941 0.752941
vn 0.2053741 -0.6770250 0.7067239
v 0.0123157 -0.0405995 0.0424264 0.752941 0.752941 0.752941
vn 0.1950657 -0.6430441 0.7405699
v 0.0116966 -0.0385585 0.0444571 0.752941 0.752941 0.752941
vn 0.1842872 -0.6075144 0.7726348
v 0.0110493 -0.0364246 0.0463806 0.752941 0.752941 0.752941
vn 0.1730666 -0.5705219 0.8028405
v 0.0103753 -0.0342029 0.0481924 0.752941 0.752941 0.752941
vn 0.1614278 -0.5321544 0.8311154
v 0.0096764 -0.0318989 0.0498882 0.752941 0.752941 0.752941
vn 0.1493996 -0.4925044 0.8573909
v 0.0089542 -0.0295179 0.0514637 0.752941 0.752941 0.752941
vn 0.1370127 -0.4516703 0.8816016
v 0.0082104 -0.0270659 0.0529153 0.752941 0.752941 0.752941
vn 0.1242949 -0.4097451 0.9036923
v 0.0074468 -0.0245487 0.0542394 0.752941 0.752941 0.752941
vn 0.1112763 -0.3668293 0.9236092
v 0.0066652 -0.0219723 0.0554328 0.752941 0.752941 0.752941
vn 0.0979913 -0.3230332 0.9413009
v 0.0058676 -0.0193430 0.0564926 0.752941 0.752941 0.752941
vn 0.0844694 -0.2784572 0.9567270
v 0.0050559 -0.0166671 0.0574164 0.752941 0.752941 0.752941
vn 0.0707427 -0.2332065 0.9698506
v 0.0042320 -0.0139511 0.0582019 0.752941 0.752941 0.752941
vn 0.0568459 -0.1873947 0.9806385
v 0.0033979 -0.0112014 0.0588471 0.752941 0.752941 0.752941
vn 0.0428116 -0.1411319 0.9890648
v 0.0025556 -0.0084247 0.0593506 0.752941 0.752941 0.752941
vn 0.0286737 -0.0945244 0.9951096
v 0.0017072 -0.0056278 0.0597111 0.752941 0.752941 0.752941
vn 0.0144652 -0.0476862 0.9987577
v 0.0008546 -0.0028173 0.0599277 0.752941 0.752941 0.752941
vn 0.0190697 -0.0460387 -0.9987577
v 0.0011266 -0.0027200 -0.0599277 0.752941 0.752941 0.752941
vn 0.0378006 -0.0912587 -0.9951096
v 0.0022506 -0.0054334 -0.0597111 0.752941 0.752941 0.752941
vn 0.0564385 -0.1362561 -0.9890648
v 0.0033691 -0.0081337 -0.0593506 0.752941 0.752941 0.752941
vn 0.0749395 -0.1809210 -0.9806384
v 0.0044795 -0.0108144 -0.0588471 0.752941 0.752941 0.752941
vn 0.0932603 -0.2251497 -0.9698506
v 0.0055791 -0.0134691 -0.0582019 0.752941 0.752941 0.752941
vn 0.1113564 -0.2688367 -0.9567270
v 0.0066652 -0.0160913 -0.0574164 0.752941 0.752941 0.752941
vn 0.1291814 -0.3118728 -0.9413010
v 0.0077353 -0.0186747 -0.0564926 0.752941 0.752941 0.752941
vn 0.1466964 -0.3541561 -0.9236090
v 0.0087868 -0.0212132 -0.0554328 0.752941 0.752941 0.752941
vn 0.1638583 -0.3955891 -0.9036922
v 0.0098171 -0.0237006 -0.0542394 0.752941 0.752941 0.752941
vn 0.1806244 -0.4360656 -0.8816018
v 0.0108237 -0.0261308 -0.0529153 0.752941 0.752941 0.752941
vn 0.1969536 -0.4754890 -0.8573911
v 0.0118043 -0.0284981 -0.0514637 0.752941 0.752941 0.752941
vn 0.2128109 -0.5137700 -0.8311149
v 0.0127565 -0.0307968 -0.0498882 0.752941 0.752941 0.752941
vn 0.2281542 -0.5508114 -0.8028402
v 0.0136779 -0.0330213 -0.0481924 0.752941 0.752941 0.752941
vn 0.2429463 -0.5865249 -0.7726355
v 0.0145663 -0.0351662 -0.0463806 0.752941 0.752941 0.752941
vn 0.2571547 -0.6208285 -0.7405697
v 0.0154197 -0.0372264 -0.0444571 0.752941 0.752941 0.752941
vn 0.2707445 -0.6536354 -0.7067236
v 0.0162359 -0.0391969 -0.0424264 0.752941 0.752941 0.752941
vn 0.2836812 -0.6848685 -0.6711782
v 0.0170130 -0.0410730 -0.0402935 0.752941 0.752941 0.752941
vn 0.2959357 -0.7144537 -0.6340174
v 0.0177491 -0.0428501 -0.0380636 0.752941 0.752941 0.752941
vn 0.3074778 -0.7423183 -0.5953326
v 0.0184425 -0.0445240 -0.0357420 0.752941 0.752941 0.752941
vn 0.3182798 -0.7683969 -0.5552155
v 0.0190914 -0.0460907 -0.0333342 0.752941 0.752941 0.752941
vn 0.3283160 -0.7926250 -0.5137649
v 0.0196943 -0.0475463 -0.0308462 0.752941 0.752941 0.752941
vn 0.3375610 -0.8149462 -0.4710788
v 0.0202498 -0.0488873 -0.0282838 0.752941 0.752941 0.752941
vn 0.3459949 -0.8353068 -0.4272588
v 0.0207565 -0.0501106 -0.0256533 0.752941 0.752941 0.752941
vn 0.3535956 -0.8536569 -0.3824134
v 0.0212132 -0.0512132 -0.0229610 0.752941 0.752941 0.752941
vn 0.3603462 -0.8699538 -0.3366468
v 0.0216188 -0.0521924 -0.0202134 0.752941 0.752941 0.752941
vn 0.3662305 -0.8841575 -0.2900703
v 0.0219723 -0.0530459 -0.0174171 0.752941 0.752941 0.752941
vn 0.3712325 -0.8962337 -0.2427995
v 0.0222729 -0.0537715 -0.0145788 0.752941 0.752941 0.752941
vn 0.3753414 -0.9061543 -0.1949441
v 0.0225198 -0.0543676 -0.0117054 0.752941 0.752941 0.752941
vn 0.3785471 -0.9138952 -0.1466208
v 0.0227125 -0.0548328 -0.0088038 0.752941 0.752941 0.752941
vn 0.3808437 -0.9194377 -0.0979413
v 0.0228504 -0.0551658 -0.0058810 0.752941 0.752941 0.752941
vn 0.3822227 -0.9227687 -0.0490304
v 0.0229333 -0.0553660 -0.0029441 0.752941 0.752941 0.752941
vn 0.3826833 -0.9238796 0.0000003
v 0.0229610 -0.0554328 0.0000000 0.752941 0.752941 0.752941
vn 0.3822227 -0.9227687 0.0490298
v 0.0229333 -0.0553660 0.0029441 0.752941 0.752941 0.752941
vn 0.3808431 -0.9194378 0.0979417
v 0.0228504 -0.0551658 0.0058810 0.752941 0.752941 0.752941
vn 0.3785478 -0.9138950 0.1466204
v 0.0227125 -0.0548328 0.0088038 0.752941 0.752941 0.752941
vn 0.3753418 -0.9061541 0.1949445
v 0.0225198 -0.0543676 0.0117054 0.752941 0.752941 0.752941
vn 0.3712321 -0.8962339 0.2427993
v 0.0222729 -0.0537715 0.0145788 0.752941 0.752941 0.752941
vn 0.3662296 -0.8841578 0.2900706
v 0.0219723 -0.0530459 0.0174171 0.752941 0.752941 0.752941
vn 0.3603461 -0.8699540 0.3366464
v 0.0216188 -0.0521924 0.0202134 0.752941 0.752941 0.752941
vn 0.3535960 -0.8536567 0.3824137
v 0.0212132 -0.0512132 0.0229610 0.752941 0.752941 0.752941
vn 0.3459950 -0.8353068 0.4272588
v 0.0207565 -0.0501106 0.0256533 0.752941 0.752941 0.752941
vn 0.3375611 -0.8149463 0.4710786
v 0.0202498 -0.0488873 0.0282838 0.752941 0.752941 0.752941
vn 0.3283157 -0.7926249 0.5137652
v 0.0196943 -0.0475463 0.0308462 0.752941 0.752941 0.752941
vn 0.3182799 -0.7683969 0.5552155
v 0.0190914 -0.0460907 0.0333342 0.752941 0.752941 0.752941
vn 0.3074775 -0.7423185 0.5953327
v 0.0184425 -0.0445240 0.0357420 0.752941 0.752941 0.752941
vn 0.2959356 -0.7144538 0.6340173
v 0.0177491 -0.0428501 0.0380636 0.752941 0.752941 0.752941
vn 0.2836817 -0.6848683 0.6711782
v 0.0170130 -0.0410730 0.0402935 0.752941 0.752941 0.752941
vn 0.2707447 -0.6536347 0.7067242
v 0.0162359 -0.0391969 0.0424264 0.752941 0.752941 0.752941
vn 0.2571549 -0.6208290 0.7405692
v 0.0154197 -0.0372264 0.0444571 0.752941 0.752941 0.752941
vn 0.2429463 -0.5865249 0.7726356
v 0.0145663 -0.0351662 0.0463806 0.752941 0.752941 0.752941
vn 0.2281538 -0.5508112 0.8028405
v 0.0136779 -0.0330213 0.0481924 0.752941 0.752941 0.752941
vn 0.2128106 -0.5137700 0.8311149
v 0.0127565 -0.0307968 0.0498882 0.752941 0.752941 0.752941
vn 0.1969537 -0.4754893 0.8573909
v 0.0118043 -0.0284981 0.0514637 0.752941 0.752941 0.752941
vn 0.1806244 -0.4360653 0.8816019
v 0.0108237 -0.0261308 0.0529153 0.752941 0.752941 0.752941
vn 0.1638585 -0.3955892 0.9036922
v 0.0098171 -0.0237006 0.0542394 0.752941 0.752941 0.752941
vn 0.1466962 -0.3541560 0.9236091
v 0.0087868 -0.0212132 0.0554328 0.752941 0.752941 0.752941
vn 0.1291817 -0.3118732 0.9413009
v 0.0077353 -0.0186747 0.0564926 0.752941 0.752941 0.752941
vn 0.1113564 -0.2688363 0.9567271
v 0.0066652 -0.0160913 0.0574164 0.752941 0.752941 0.752941
vn 0.0932603 -0.2251497 0.9698506
v 0.0055791 -0.0134691 0.0582019 0.752941 0.752941 0.752941
vn 0.0749394 -0.1809211 0.9806384
v 0.0044795 -0.0108144 0.0588471 0.752941 0.752941 0.752941
vn 0.0564385 -0.1362562 0.9890648
v 0.0033691 -0.0081337 0.0593506 0.752941 0.752941 0.752941
vn 0.0378006 -0.0912586 0.9951096
v 0.0022506 -0.0054334 0.0597111 0.752941 0.752941 0.752941
vn 0.0190697 -0.0460387 0.9987577
v 0.0011266 -0.0027200 0.0599277 0.752941 0.752941 0.752941
vn 0.0234908 -0.0439478 -0.9987576
v 0.0013878 -0.0025964 -0.0599277 0.752941 0.752941 0.752941
vn 0.0465638 -0.0871140 -0.9951096
v 0.0027723 -0.0051866 -0.0597111 0.752941 0.752941 0.752941
vn 0.0695224 -0.1300679 -0.9890648
v 0.0041501 -0.0077643 -0.0593506 0.752941 0.752941 0.752941
vn 0.0923128 -0.1727043 -0.9806384
v 0.0055179 -0.0103233 -0.0588471 0.752941 0.752941 0.752941
vn 0.1148794 -0.2149246 -0.9698506
v 0.0068724 -0.0128574 -0.0582019 0.752941 0.752941 0.752941
vn 0.1371700 -0.2566274 -0.9567271
v 0.0082104 -0.0153605 -0.0574164 0.752941 0.752941 0.752941
vn 0.1591290 -0.2977090 -0.9413009
v 0.0095285 -0.0178266 -0.0564926 0.752941 0.752941 0.752941
vn 0.1807033 -0.3380719 -0.9236091
v 0.0108237 -0.0202498 -0.0554328 0.752941 0.752941 0.752941
vn 0.2018442 -0.3776234 -0.9036922
v 0.0120929 -0.0226242 -0.0542394 0.752941 0.752941 0.752941
vn 0.2224966 -0.4162612 -0.8816019
v 0.0133329 -0.0249441 -0.0529153 0.752941 0.752941 0.752941
vn 0.2426118 -0.4538944 -0.8573911
v 0.0145408 -0.0272039 -0.0514637 0.752941 0.752941 0.752941
vn 0.2621445 -0.4904372 -0.8311148
v 0.0157136 -0.0293982 -0.0498882 0.752941 0.752941 0.752941
vn 0.2810439 -0.5257958 -0.8028407
v 0.0168486 -0.0315216 -0.0481924 0.752941 0.752941 0.752941
vn 0.2992657 -0.5598871 -0.7726361
v 0.0179431 -0.0335691 -0.0463806 0.752941 0.752941 0.752941
vn 0.3167695 -0.5926335 -0.7405691
v 0.0189942 -0.0355357 -0.0444571 0.752941 0.752941 0.752941
vn 0.3335086 -0.6239505 -0.7067233
v 0.0199997 -0.0374167 -0.0424264 0.752941 0.752941 0.752941
vn 0.3494447 -0.6537648 -0.6711782
v 0.0209569 -0.0392076 -0.0402935 0.752941 0.752941 0.752941
vn 0.3645399 -0.6820063 -0.6340175
v 0.0218637 -0.0409041 -0.0380636 0.752941 0.752941 0.752941
vn 0.3787576 -0.7086054 -0.5953328
v 0.0227178 -0.0425019 -0.0357420 0.752941 0.752941 0.752941
vn 0.3920638 -0.7334998 -0.5552153
v 0.0235171 -0.0439974 -0.0333342 0.752941 0.752941 0.752941
vn 0.4044253 -0.7566275 -0.5137656
v 0.0242598 -0.0453869 -0.0308462 0.752941 0.752941 0.752941
vn 0.4158145 -0.7779351 -0.4710788
v 0.0249441 -0.0466671 -0.0282838 0.752941 0.752941 0.752941
vn 0.4262039 -0.7973712 -0.4272580
v 0.0255683 -0.0478348 -0.0256533 0.752941 0.752941 0.752941
vn 0.4355666 -0.8148877 -0.3824131
v 0.0261308 -0.0488873 -0.0229610 0.752941 0.752941 0.752941
vn 0.4438826 -0.8304443 -0.3366462
v 0.0266304 -0.0498221 -0.0202134 0.752941 0.752941 0.752941
vn 0.4511290 -0.8440029 -0.2900721
v 0.0270659 -0.0506368 -0.0174171 0.752941 0.752941 0.752941
vn 0.4572902 -0.8555313 -0.2428002
v 0.0274362 -0.0513295 -0.0145788 0.752941 0.752941 0.752941
vn 0.4623520 -0.8650014 -0.1949439
v 0.0277403 -0.0518985 -0.0117054 0.752941 0.752941 0.752941
vn 0.4663024 -0.8723903 -0.1466192
v 0.0279777 -0.0523425 -0.0088038 0.752941 0.752941 0.752941
vn 0.4691302 -0.8776810 -0.0979429
v 0.0281476 -0.0526605 -0.0058810 0.752941 0.752941 0.752941
vn 0.4708300 -0.8808606 -0.0490300
v 0.0282497 -0.0528515 -0.0029441 0.752941 0.752941 0.752941
vn 0.4713969 -0.8819212 0.0000001
v 0.0282838 -0.0529153 0.0000000 0.752941 0.752941 0.752941
vn 0.4708298 -0.8808606 0.0490297
v 0.0282497 -0.0528515 0.0029441 0.752941 0.752941 0.752941
vn 0.4691308 -0.8776807 0.0979432
v 0.0281476 -0.0526605 0.0058810 0.752941 0.752941 0.752941
vn 0.4663024 -0.8723903 0.1466195
v 0.0279777 -0.0523425 0.0088038 0.752941 0.752941 0.752941
vn 0.4623521 -0.8650015 0.1949435
v 0.0277403 -0.0518985 0.0117054 0.752941 0.752941 0.752941
vn 0.4572903 -0.8555313 0.2428001
v 0.0274362 -0.0513295 0.0145788 0.752941 0.752941 0.752941
vn 0.4511291 -0.8440029 0.2900719
v 0.0270659 -0.0506368 0.0174171 0.752941 0.752941 0.752941
vn 0.4438825 -0.8304439 0.3366470
v 0.0266304 -0.0498221 0.0202134 0.752941 0.752941 0.752941
vn 0.4355667 -0.8148879 0.3824125
v 0.0261308 -0.0488873 0.0229610 0.752941 0.752941 0.752941
vn 0.4262036 -0.7973713 0.4272583
v 0.0255683 -0.0478348 0.0256533 0.752941 0.752941 0.752941
vn 0.4158147 -0.7779353 0.4710786
v 0.0249441 -0.0466671 0.0282838 0.752941 0.752941 0.752941
vn 0.4044255 -0.7566274 0.5137656
v 0.0242598 -0.0453869 0.0308462 0.752941 0.752941 0.752941
vn 0.3920634 -0.7335002 0.5552151
v 0.0235171 -0.0439974 0.0333342 0.752941 0.752941 0.752941
vn 0.3787576 -0.7086052 0.5953330
v 0.0227178 -0.0425019 0.0357420 0.752941 0.752941 0.752941
vn 0.3645400 -0.6820063 0.6340173
v 0.0218637 -0.0409041 0.0380636 0.752941 0.752941 0.752941
vn 0.3494446 -0.6537647 0.6711782
v 0.0209569 -0.0392076 0.0402935 0.752941 0.752941 0.752941
vn 0.3335083 -0.6239507 0.7067233
v 0.0199997 -0.0374167 0.0424264 0.752941 0.752941 0.752941
vn 0.3167691 -0.5926338 0.7405691
v 0.0189942 -0.0355357 0.0444571 0.752941 0.752941 0.752941
vn 0.2992661 -0.5598869 0.7726361
v 0.0179431 -0.0335691 0.0463806 0.752941 0.752941 0.752941
vn 0.2810441 -0.5257956 0.8028407
v 0.0168486 -0.0315216 0.0481924 0.752941 0.752941 0.752941
vn 0.2621444 -0.4904371 0.8311148
v 0.0157136 -0.0293982 0.0498882 0.752941 0.752941 0.752941
vn 0.2426118 -0.4538946 0.8573909
v 0.0145408 -0.0272039 0.0514637 0.752941 0.752941 0.752941
vn 0.2224965 -0.4162611 0.8816020
v 0.0133329 -0.0249441 0.0529153 0.752941 0.752941 0.752941
vn 0.2018442 -0.3776234 0.9036922
v 0.0120929 -0.0226242 0.0542394 0.752941 0.752941 0.752941
vn 0.1807034 -0.3380720 0.9236090
v 0.0108237 -0.0202498 0.0554328 0.752941 0.752941 0.752941
vn 0.1591289 -0.2977090 0.9413009
v 0.0095285 -0.0178266 0.0564926 0.752941 0.752941 0.752941
vn 0.1371702 -0.2566273 0.9567271
v 0.0082104 -0.0153605 0.0574164 0.752941 0.752941 0.752941
vn 0.1148794 -0.2149249 0.9698505
v 0.0068724 -0.0128574 0.0582019 0.752941 0.752941 0.752941
vn 0.0923126 -0.1727042 0.9806384
v 0.0055179 -0.0103233 0.0588471 0.752941 0.752941 0.752941
vn 0.0695225 -0.1300680 0.9890648
v 0.0041501 -0.0077643 0.0593506 0.752941 0.752941 0.752941
vn 0.0465637 -0.0871140 0.9951096
v 0.0027723 -0.0051866 0.0597111 0.752941 0.752941 0.752941
vn 0.0234908 -0.0439478 0.9987576
v 0.0013878 -0.0025964 0.0599277 0.752941 0.752941 0.752941
vn 0.0276852 -0.0414335 -0.9987577
v 0.0016356 -0.0024479 -0.0599277 0.752941 0.752941 0.752941
vn 0.0548782 -0.0821303 -0.9951096
v 0.0032673 -0.0048899 -0.0597111 0.752941 0.752941 0.752941
vn 0.0819369 -0.1226270 -0.9890648
v 0.0048911 -0.0073201 -0.0593506 0.752941 0.752941 0.752941
vn 0.1087964 -0.1628241 -0.9806384
v 0.0065032 -0.0097327 -0.0588471 0.752941 0.752941 0.752941
vn 0.1353926 -0.2026294 -0.9698506
v 0.0080996 -0.0121218 -0.0582019 0.752941 0.752941 0.752941
vn 0.1616640 -0.2419466 -0.9567270
v 0.0096764 -0.0144818 -0.0574164 0.752941 0.752941 0.752941
vn 0.1875434 -0.2806779 -0.9413009
v 0.0112300 -0.0168068 -0.0564926 0.752941 0.752941 0.752941
vn 0.2129697 -0.3187322 -0.9236091
v 0.0127565 -0.0190914 -0.0554328 0.752941 0.752941 0.752941
vn 0.2378857 -0.3560211 -0.9036921
v 0.0142522 -0.0213299 -0.0542394 0.752941 0.752941 0.752941
vn 0.2622253 -0.3924484 -0.8816021
v 0.0157136 -0.0235171 -0.0529153 0.752941 0.752941 0.752941
vn 0.2859330 -0.4279290 -0.8573909
v 0.0171372 -0.0256476 -0.0514637 0.752941 0.752941 0.752941
vn 0.3089532 -0.4623811 -0.8311147
v 0.0185195 -0.0277164 -0.0498882 0.752941 0.752941 0.752941
vn 0.3312277 -0.4957169 -0.8028406
v 0.0198572 -0.0297183 -0.0481924 0.752941 0.752941 0.752941
vn 0.3527042 -0.5278578 -0.7726357
v 0.0211470 -0.0316487 -0.0463806 0.752941 0.752941 0.752941
vn 0.3733330 -0.5587302 -0.7405694
v 0.0223859 -0.0335028 -0.0444571 0.752941 0.752941 0.752941
vn 0.3930596 -0.5882561 -0.7067242
v 0.0235708 -0.0352763 -0.0424264 0.752941 0.752941 0.752941
vn 0.4118420 -0.6163653 -0.6711780
v 0.0246990 -0.0369647 -0.0402935 0.752941 0.752941 0.752941
vn 0.4296333 -0.6429911 -0.6340172
v 0.0257677 -0.0385641 -0.0380636 0.752941 0.752941 0.752941
vn 0.4463894 -0.6680683 -0.5953329
v 0.0267743 -0.0400706 -0.0357420 0.752941 0.752941 0.752941
vn 0.4620706 -0.6915385 -0.5552165
v 0.0277164 -0.0414805 -0.0333342 0.752941 0.752941 0.752941
vn 0.4766406 -0.7133436 -0.5137652
v 0.0285917 -0.0427905 -0.0308462 0.752941 0.752941 0.752941
vn 0.4900639 -0.7334325 -0.4710778
v 0.0293982 -0.0439974 -0.0282838 0.752941 0.752941 0.752941
vn 0.5023072 -0.7517564 -0.4272586
v 0.0301338 -0.0450984 -0.0256533 0.752941 0.752941 0.752941
vn 0.5133423 -0.7682713 -0.3824120
v 0.0307968 -0.0460907 -0.0229610 0.752941 0.752941 0.752941
vn 0.5231422 -0.7829378 -0.3366462
v 0.0313856 -0.0469719 -0.0202134 0.752941 0.752941 0.752941
vn 0.5316830 -0.7957202 -0.2900735
v 0.0318989 -0.0477400 -0.0174171 0.752941 0.752941 0.752941
vn 0.5389448 -0.8065892 -0.2428012
v 0.0323352 -0.0483931 -0.0145788 0.752941 0.752941 0.752941
vn 0.5449116 -0.8155175 -0.1949427
v 0.0326937 -0.0489296 -0.0117054 0.752941 0.752941 0.752941
vn 0.5495664 -0.8224840 -0.1466183
v 0.0329734 -0.0493482 -0.0088038 0.752941 0.752941 0.752941
vn 0.5528991 -0.8274721 -0.0979420
v 0.0331737 -0.0496479 -0.0058810 0.752941 0.752941 0.752941
vn 0.5549018 -0.8304698 -0.0490302
v 0.0332941 -0.0498281 -0.0029441 0.752941 0.752941 0.752941
vn 0.5555704 -0.8314696 0.0000001
v 0.0333342 -0.0498882 0.0000000 0.752941 0.752941 0.752941
vn 0.5549021 -0.8304695 0.0490302
v 0.0332941 -0.0498281 0.0029441 0.752941 0.752941 0.752941
vn 0.5528987 -0.8274723 0.0979419
v 0.0331737 -0.0496479 0.0058810 0.752941 0.752941 0.752941
vn 0.5495658 -0.8224844 0.1466182
v 0.0329734 -0.0493482 0.0088038 0.752941 0.752941 0.752941
vn 0.5449114 -0.8155175 0.1949431
v 0.0326937 -0.0489296 0.0117054 0.752941 0.752941 0.752941
vn 0.5389452 -0.8065891 0.2428006
v 0.0323352 -0.0483931 0.0145788 0.752941 0.752941 0.752941
vn 0.5316833 -0.7957199 0.2900737
v 0.0318989 -0.0477400 0.0174171 0.752941 0.752941 0.752941
vn 0.5231423 -0.7829376 0.3366464
v 0.0313856 -0.0469719 0.0202134 0.752941 0.752941 0.752941
vn 0.5133421 -0.7682716 0.3824118
v 0.0307968 -0.0460907 0.0229610 0.752941 0.752941 0.752941
vn 0.5023073 -0.7517563 0.4272585
v 0.0301338 -0.0450984 0.0256533 0.752941 0.752941 0.752941
vn 0.4900634 -0.7334327 0.4710779
v 0.0293982 -0.0439974 0.0282838 0.752941 0.752941 0.752941
vn 0.4766406 -0.7133436 0.5137652
v 0.0285917 -0.0427905 0.0308462 0.752941 0.752941 0.752941
vn 0.4620710 -0.6915384 0.5552163
v 0.0277164 -0.0414805 0.0333342 0.752941 0.752941 0.752941
vn 0.4463891 -0.6680683 0.5953332
v 0.0267743 -0.0400706 0.0357420 0.752941 0.752941 0.752941
vn 0.4296332 -0.6429912 0.6340171
v 0.0257677 -0.0385641 0.0380636 0.752941 0.752941 0.752941
vn 0.4118423 -0.6163650 0.6711783
v 0.0246990 -0.0369647 0.0402935 0.752941 0.752941 0.752941
vn 0.3930600 -0.5882565 0.7067235
v 0.0235708 -0.0352763 0.0424264 0.752941 0.752941 0.752941
vn 0.3733325 -0.5587298 0.7405700
v 0.0223859 -0.0335028 0.0444571 0.752941 0.752941 0.752941
vn 0.3527043 -0.5278577 0.7726357
v 0.0211470 -0.0316487 0.0463806 0.752941 0.752941 0.752941
vn 0.3312279 -0.4957169 0.8028405
v 0.0198572 -0.0297183 0.0481924 0.752941 0.752941 0.752941
vn 0.3089532 -0.4623811 0.8311147
v 0.0185195 -0.0277164 0.0498882 0.752941 0.752941 0.752941
vn 0.2859330 -0.4279288 0.8573910
v 0.0171372 -0.0256476 0.0514637 0.752941 0.752941 0.752941
vn 0.2622255 -0.3924485 0.8816020
v 0.0157136 -0.0235171 0.0529153 0.752941 0.752941 0.752941
vn 0.2378856 -0.3560209 0.9036922
v 0.0142522 -0.0213299 0.0542394 0.752941 0.752941 0.752941
vn 0.2129699 -0.3187325 0.9236090
v 0.0127565 -0.0190914 0.0554328 0.752941 0.752941 0.752941
vn 0.1875432 -0.2806777 0.9413010
v 0.0112300 -0.0168068 0.0564926 0.752941 0.752941 0.752941
vn 0.1616638 -0.2419467 0.9567270
v 0.0096764 -0.0144818 0.0574164 0.752941 0.752941 0.752941
vn 0.1353928 -0.2026294 0.9698506
v 0.0080996 -0.0121218 0.0582019 0.752941 0.752941 0.752941
vn 0.1087964 -0.1628239 0.9806384
v 0.0065032 -0.0097327 0.0588471 0.752941 0.752941 0.752941
vn 0.0819369 -0.1226271 0.9890648
v 0.0048911 -0.0073201 0.0593506 0.752941 0.752941 0.752941
vn 0.0548783 -0.0821303 0.9951096
v 0.0032673 -0.0048899 0.0597111 0.752941 0.752941 0.752941
vn 0.0276852 -0.0414335 0.9987577
v 0.0016356 -0.0024479 0.0599277 0.752941 0.752941 0.752941
vn 0.0316135 -0.0385204 -0.9987576
v 0.0018677 -0.0022758 -0.0599277 0.752941 0.752941 0.752941
vn 0.0626635 -0.0763563 -0.9951096
v 0.0037309 -0.0045461 -0.0597111 0.752941 0.752941 0.752941
vn 0.0935613 -0.1140058 -0.9890648
v 0.0055851 -0.0068055 -0.0593506 0.752941 0.752941 0.752941
vn 0.1242307 -0.1513771 -0.9806384
v 0.0074258 -0.0090484 -0.0588471 0.752941 0.752941 0.752941
vn 0.1546016 -0.1883833 -0.9698506
v 0.0092487 -0.0112696 -0.0582019 0.752941 0.752941 0.752941
vn 0.1846003 -0.2249359 -0.9567270
v 0.0110493 -0.0134636 -0.0574164 0.752941 0.752941 0.752941
vn 0.2141514 -0.2609437 -0.9413010
v 0.0128232 -0.0156252 -0.0564926 0.752941 0.752941 0.752941
vn 0.2431859 -0.2963224 -0.9236091
v 0.0145663 -0.0177491 -0.0554328 0.752941 0.752941 0.752941
vn 0.2716354 -0.3309902 -0.9036923
v 0.0162743 -0.0198303 -0.0542394 0.752941 0.752941 0.752941
vn 0.2994297 -0.3648563 -0.8816019
v 0.0179431 -0.0218637 -0.0529153 0.752941 0.752941 0.752941
vn 0.3265004 -0.3978422 -0.8573908
v 0.0195686 -0.0238444 -0.0514637 0.752941 0.752941 0.752941
vn 0.3527870 -0.4298719 -0.8311146
v 0.0211470 -0.0257677 -0.0498882 0.752941 0.752941 0.752941
vn 0.3782215 -0.4608642 -0.8028404
v 0.0226745 -0.0276289 -0.0481924 0.752941 0.752941 0.752941
vn 0.4027449 -0.4907458 -0.7726352
v 0.0241473 -0.0294236 -0.0463806 0.752941 0.752941 0.752941
vn 0.4262978 -0.5194471 -0.7405707
v 0.0255619 -0.0311473 -0.0444571 0.752941 0.752941 0.752941
vn 0.4488260 -0.5468971 -0.7067240
v 0.0269150 -0.0327961 -0.0424264 0.752941 0.752941 0.752941
vn 0.4702740 -0.5730302 -0.6711771
v 0.0282033 -0.0343658 -0.0402935 0.752941 0.752941 0.752941
vn 0.4905882 -0.5977837 -0.6340173
v 0.0294236 -0.0358527 -0.0380636 0.752941 0.752941 0.752941
vn 0.5097214 -0.6210973 -0.5953337
v 0.0305730 -0.0372533 -0.0357420 0.752941 0.752941 0.752941
vn 0.5276292 -0.6429172 -0.5552162
v 0.0316487 -0.0385641 -0.0333342 0.752941 0.752941 0.752941
vn 0.5442652 -0.6631896 -0.5137655
v 0.0326482 -0.0397820 -0.0308462 0.752941 0.752941 0.752941
vn 0.5595933 -0.6818658 -0.4710779
v 0.0335691 -0.0409041 -0.0282838 0.752941 0.752941 0.752941
vn 0.5735738 -0.6989014 -0.4272588
v 0.0344091 -0.0419276 -0.0256533 0.752941 0.752941 0.752941
vn 0.5861747 -0.7142552 -0.3824117
v 0.0351662 -0.0428501 -0.0229610 0.752941 0.752941 0.752941
vn 0.5973644 -0.7278908 -0.3366463
v 0.0358386 -0.0436694 -0.0202134 0.752941 0.752941 0.752941
vn 0.6071171 -0.7397745 -0.2900734
v 0.0364246 -0.0443835 -0.0174171 0.752941 0.752941 0.752941
vn 0.6154105 -0.7498788 -0.2427997
v 0.0369229 -0.0449907 -0.0145788 0.752941 0.752941 0.752941
vn 0.6222222 -0.7581798 -0.1949433
v 0.0373322 -0.0454894 -0.0117054 0.752941 0.752941 0.752941
vn 0.6275370 -0.7646568 -0.1466200
v 0.0376516 -0.0458786 -0.0088038 0.752941 0.752941 0.752941
vn 0.6313433 -0.7692938 -0.0979426
v 0.0378803 -0.0461573 -0.0058810 0.752941 0.752941 0.752941
vn 0.6336306 -0.7720806 -0.0490290
v 0.0380177 -0.0463248 -0.0029441 0.752941 0.752941 0.752941
vn 0.6343933 -0.7730105 0.0000001
v 0.0380636 -0.0463806 0.0000000 0.752941 0.752941 0.752941
vn 0.6336300 -0.7720811 0.0490287
v 0.0380177 -0.0463248 0.0029441 0.752941 0.752941 0.752941
vn 0.6313435 -0.7692935 0.0979430
v 0.0378803 -0.0461573 0.0058810 0.752941 0.752941 0.752941
vn 0.6275378 -0.7646561 0.1466199
v 0.0376516 -0.0458786 0.0088038 0.752941 0.752941 0.752941
vn 0.6222221 -0.7581800 0.1949430
v 0.0373322 -0.0454894 0.0117054 0.752941 0.752941 0.752941
vn 0.6154100 -0.7498791 0.2428002
v 0.0369229 -0.0449907 0.0145788 0.752941 0.752941 0.752941
vn 0.6071175 -0.7397742 0.2900734
v 0.0364246 -0.0443835 0.0174171 0.752941 0.752941 0.752941
vn 0.5973642 -0.7278912 0.3366458
v 0.0358386 -0.0436694 0.0202134 0.752941 0.752941 0.752941
vn 0.5861745 -0.7142551 0.3824123
v 0.0351662 -0.0428501 0.0229610 0.752941 0.752941 0.752941
vn 0.5735739 -0.6989015 0.4272583
v 0.0344091 -0.0419276 0.0256533 0.752941 0.752941 0.752941
vn 0.5595934 -0.6818652 0.4710788
v 0.0335691 -0.0409041 0.0282838 0.752941 0.752941 0.752941
vn 0.5442656 -0.6631899 0.5137647
v 0.0326482 -0.0397820 0.0308462 0.752941 0.752941 0.752941
vn 0.5276285 -0.6429173 0.5552166
v 0.0316487 -0.0385641 0.0333342 0.752941 0.752941 0.752941
vn 0.5097219 -0.6210969 0.5953337
v 0.0305730 -0.0372533 0.0357420 0.752941 0.752941 0.752941
vn 0.4905885 -0.5977836 0.6340172
v 0.0294236 -0.0358527 0.0380636 0.752941 0.752941 0.752941
vn 0.4702735 -0.5730306 0.6711772
v 0.0282033 -0.0343658 0.0402935 0.752941 0.752941 0.752941
vn 0.4488263 -0.5468968 0.7067240
v 0.0269150 -0.0327961 0.0424264 0.752941 0.752941 0.752941
vn 0.4262985 -0.5194470 0.7405704
v 0.0255619 -0.0311473 0.0444571 0.752941 0.752941 0.752941
vn 0.4027442 -0.4907460 0.7726355
v 0.0241473 -0.0294236 0.0463806 0.752941 0.752941 0.752941
vn 0.3782214 -0.4608647 0.8028402
v 0.0226745 -0.0276289 0.0481924 0.752941 0.752941 0.752941
vn 0.3527868 -0.4298716 0.8311149
v 0.0211470 -0.0257677 0.0498882 0.752941 0.752941 0.752941
vn 0.3265006 -0.3978425 0.8573907
v 0.0195686 -0.0238444 0.0514637 0.752941 0.752941 0.752941
vn 0.2994294 -0.3648560 0.8816020
v 0.0179431 -0.0218637 0.0529153 0.752941 0.752941 0.752941
vn 0.2716358 -0.3309906 0.9036919
v 0.0162743 -0.0198303 0.0542394 0.752941 0.752941 0.752941
vn 0.2431855 -0.2963224 0.9236092
v 0.0145663 -0.0177491 0.0554328 0.752941 0.752941 0.752941
vn 0.2141515 -0.2609435 0.9413010
v 0.0128232 -0.0156252 0.0564926 0.752941 0.752941 0.752941
vn 0.1846005 -0.2249357 0.9567270
v 0.0110493 -0.0134636 0.0574164 0.752941 0.752941 0.752941
vn 0.1546017 -0.1883832 0.9698506
v 0.0092487 -0.0112696 0.0582019 0.752941 0.752941 0.752941
vn 0.1242309 -0.1513772 0.9806384
v 0.0074258 -0.0090484 0.0588471 0.752941 0.752941 0.752941
vn 0.0935613 -0.1140058 0.9890648
v 0.0055851 -0.0068055 0.0593506 0.752941 0.752941 0.752941
vn 0.0626635 -0.0763564 0.9951096
v 0.0037309 -0.0045461 0.0597111 0.752941 0.752941 0.752941
vn 0.0316134 -0.0385204 0.9987576
v 0.0018677 -0.0022758 0.0599277 0.752941 0.752941 0.752941
vn 0.0352362 -0.0352363 -0.9987577
v 0.0020818 -0.0020818 -0.0599277 0.752941 0.752941 0.752941
vn 0.0698463 -0.0698464 -0.9951096
v 0.0041585 -0.0041585 -0.0597111 0.752941 0.752941 0.752941
vn 0.1042858 -0.1042858 -0.9890648
v 0.0062253 -0.0062253 -0.0593506 0.752941 0.752941 0.752941
vn 0.1384710 -0.1384708 -0.9806384
v 0.0082770 -0.0082770 -0.0588471 0.752941 0.752941 0.752941
vn 0.1723226 -0.1723223 -0.9698505
v 0.0103088 -0.0103088 -0.0582019 0.752941 0.752941 0.752941
vn 0.2057592 -0.2057590 -0.9567270
v 0.0123157 -0.0123157 -0.0574164 0.752941 0.752941 0.752941
vn 0.2386971 -0.2386969 -0.9413010
v 0.0142930 -0.0142930 -0.0564926 0.752941 0.752941 0.752941
vn 0.2710585 -0.2710590 -0.9236094
v 0.0162359 -0.0162359 -0.0554328 0.752941 0.752941 0.752941
vn 0.3027710 -0.3027710 -0.9036922
v 0.0181396 -0.0181396 -0.0542394 0.752941 0.752941 0.752941
vn 0.3337501 -0.3337500 -0.8816019
v 0.0199997 -0.0199997 -0.0529153 0.752941 0.752941 0.752941
vn 0.3639241 -0.3639239 -0.8573906
v 0.0218115 -0.0218115 -0.0514637 0.752941 0.752941 0.752941
vn 0.3932227 -0.3932228 -0.8311148
v 0.0235708 -0.0235708 -0.0498882 0.752941 0.752941 0.752941
vn 0.4215724 -0.4215728 -0.8028407
v 0.0252734 -0.0252734 -0.0481924 0.752941 0.752941 0.752941
vn 0.4489059 -0.4489065 -0.7726361
v 0.0269150 -0.0269150 -0.0463806 0.752941 0.752941 0.752941
vn 0.4751613 -0.4751608 -0.7405701
v 0.0284918 -0.0284918 -0.0444571 0.752941 0.752941 0.752941
vn 0.5002714 -0.5002708 -0.7067232
v 0.0300000 -0.0300000 -0.0424264 0.752941 0.752941 0.752941
vn 0.5241756 -0.5241759 -0.6711777
v 0.0314359 -0.0314359 -0.0402935 0.752941 0.752941 0.752941
vn 0.5468195 -0.5468192 -0.6340168
v 0.0327961 -0.0327961 -0.0380636 0.752941 0.752941 0.752941
vn 0.5681460 -0.5681454 -0.5953326
v 0.0340772 -0.0340772 -0.0357420 0.752941 0.752941 0.752941
vn 0.5881040 -0.5881046 -0.5552179
v 0.0352763 -0.0352763 -0.0333342 0.752941 0.752941 0.752941
vn 0.6066493 -0.6066489 -0.5137644
v 0.0363903 -0.0363903 -0.0308462 0.752941 0.752941 0.752941
vn 0.6237334 -0.6237330 -0.4710773
v 0.0374167 -0.0374167 -0.0282838 0.752941 0.752941 0.752941
vn 0.6393159 -0.6393161 -0.4272588
v 0.0383530 -0.0383530 -0.0256533 0.752941 0.752941 0.752941
vn 0.6533607 -0.6533609 -0.3824124
v 0.0391969 -0.0391969 -0.0229610 0.752941 0.752941 0.752941
vn 0.6658332 -0.6658338 -0.3366476
v 0.0399463 -0.0399463 -0.0202134 0.752941 0.752941 0.752941
vn 0.6767050 -0.6767044 -0.2900716
v 0.0405995 -0.0405995 -0.0174171 0.752941 0.752941 0.752941
vn 0.6859472 -0.6859477 -0.2428011
v 0.0411549 -0.0411549 -0.0145788 0.752941 0.752941 0.752941
vn 0.6935403 -0.6935406 -0.1949441
v 0.0416112 -0.0416112 -0.0117054 0.752941 0.752941 0.752941
vn 0.6994658 -0.6994649 -0.1466172
v 0.0419672 -0.0419672 -0.0088038 0.752941 0.752941 0.752941
vn 0.7037072 -0.7037070 -0.0979424
v 0.0422221 -0.0422221 -0.0058810 0.752941 0.752941 0.752941
vn 0.7062560 -0.7062567 -0.0490309
v 0.0423753 -0.0423753 -0.0029441 0.752941 0.752941 0.752941
vn 0.7071068 -0.7071068 0.0000000
v 0.0424264 -0.0424264 0.0000000 0.752941 0.752941 0.752941
vn 0.7062567 -0.7062560 0.0490309
v 0.0423753 -0.0423753 0.0029441 0.752941 0.752941 0.752941
vn 0.7037070 -0.7037072 0.0979424
v 0.0422221 -0.0422221 0.0058810 0.752941 0.752941 0.752941
vn 0.6994649 -0.6994658 0.1466172
v 0.0419672 -0.0419672 0.0088038 0.752941 0.752941 0.752941
vn 0.6935407 -0.6935403 0.1949441
v 0.0416112 -0.0416112 0.0117054 0.752941 0.752941 0.752941
vn 0.6859477 -0.6859472 0.2428010
v 0.0411549 -0.0411549 0.0145788 0.752941 0.752941 0.752941
vn 0.6767044 -0.6767050 0.2900716
v 0.0405995 -0.0405995 0.0174171 0.752941 0.752941 0.752941
vn 0.6658337 -0.6658332 0.3366477
v 0.0399463 -0.0399463 0.0202134 0.752941 0.752941 0.752941
vn 0.6533610 -0.6533607 0.3824124
v 0.0391969 -0.0391969 0.0229610 0.752941 0.752941 0.752941
vn 0.6393161 -0.6393160 0.4272588
v 0.0383530 -0.0383530 0.0256533 0.752941 0.752941 0.752941
vn 0.6237330 -0.6237335 0.4710773
v 0.0374167 -0.0374167 0.0282838 0.752941 0.752941 0.752941
vn 0.6066489 -0.6066493 0.5137644
v 0.0363903 -0.0363903 0.0308462 0.752941 0.752941 0.752941
vn 0.5881046 -0.5881039 0.5552178
v 0.0352763 -0.0352763 0.0333342 0.752941 0.752941 0.752941
vn 0.5681455 -0.5681460 0.5953326
v 0.0340772 -0.0340772 0.0357420 0.752941 0.752941 0.752941
vn 0.5468192 -0.5468195 0.6340168
v 0.0327961 -0.0327961 0.0380636 0.752941 0.752941 0.752941
vn 0.5241760 -0.5241756 0.6711778
v 0.0314359 -0.0314359 0.0402935 0.752941 0.752941 0.752941
vn 0.5002708 -0.5002714 0.7067233
v 0.0300000 -0.0300000 0.0424264 0.752941 0.752941 0.752941
vn 0.4751608 -0.4751613 0.7405701
v 0.0284918 -0.0284918 0.0444571 0.752941 0.752941 0.752941
vn 0.4489065 -0.4489059 0.7726361
v 0.0269150 -0.0269150 0.0463806 0.752941 0.752941 0.752941
vn 0.4215728 -0.4215725 0.8028407
v 0.0252734 -0.0252734 0.0481924 0.752941 0.752941 0.752941
vn 0.3932228 -0.3932227 0.8311148
v 0.0235708 -0.0235708 0.0498882 0.752941 0.752941 0.752941
vn 0.3639240 -0.3639241 0.8573906
v 0.0218115 -0.0218115 0.0514637 0.752941 0.752941 0.752941
vn 0.3337500 -0.3337501 0.8816019
v 0.0199997 -0.0199997 0.0529153 0.752941 0.752941 0.752941
vn 0.3027710 -0.3027710 0.9036922
v 0.0181396 -0.0181396 0.0542394 0.752941 0.752941 0.752941
vn 0.2710590 -0.2710585 0.9236094
v 0.0162359 -0.0162359 0.0554328 0.752941 0.752941 0.752941
vn 0.2386969 -0.2386970 0.9413010
v 0.0142930 -0.0142930 0.0564926 0.752941 0.752941 0.752941
vn 0.2057590 -0.2057592 0.9567270
v 0.0123157 -0.0123157 0.0574164 0.752941 0.752941 0.752941
vn 0.1723223 -0.1723226 0.9698505
v 0.0103088 -0.0103088 0.0582019 0.752941 0.752941 0.752941
vn 0.1384708 -0.1384710 0.9806384
v 0.0082770 -0.0082770 0.0588471 0.752941 0.752941 0.752941
vn 0.1042858 -0.1042858 0.9890648
v 0.0062253 -0.0062253 0.0593506 0.752941 0.752941 0.752941
vn 0.0698464 -0.0698463 0.9951096
v 0.0041585 -0.0041585 0.0597111 0.752941 0.752941 0.752941
vn 0.0352363 -0.0352362 0.9987577
v 0.0020818 -0.0020818 0.0599277 0.752941 0.752941 0.752941
vn 0.0385204 -0.0316134 -0.9987576
v 0.0022758 -0.0018677 -0.0599277 0.752941 0.752941 0.752941
vn 0.0763564 -0.0626635 -0.9951096
v 0.0045461 -0.0037309 -0.0597111 0.752941 0.752941 0.752941
vn 0.1140057 -0.0935613 -0.9890648
v 0.0068055 -0.0055851 -0.0593506 0.752941 0.752941 0.752941
vn 0.1513772 -0.1242309 -0.9806384
v 0.0090484 -0.0074258 -0.0588471 0.752941 0.752941 0.752941
vn 0.1883832 -0.1546017 -0.9698505
v 0.0112696 -0.0092487 -0.0582019 0.752941 0.752941 0.752941
vn 0.2249357 -0.1846005 -0.9567270
v 0.0134636 -0.0110493 -0.0574164 0.752941 0.752941 0.752941
vn 0.2609435 -0.2141515 -0.9413011
v 0.0156252 -0.0128232 -0.0564926 0.752941 0.752941 0.752941
vn 0.2963223 -0.2431855 -0.9236092
v 0.0177491 -0.0145663 -0.0554328 0.752941 0.752941 0.752941
vn 0.3309906 -0.2716358 -0.9036919
v 0.0198303 -0.0162743 -0.0542394 0.752941 0.752941 0.752941
vn 0.3648561 -0.2994294 -0.8816020
v 0.0218637 -0.0179431 -0.0529153 0.752941 0.752941 0.752941
vn 0.3978425 -0.3265006 -0.8573907
v 0.0238444 -0.0195686 -0.0514637 0.752941 0.752941 0.752941
vn 0.4298716 -0.3527868 -0.8311149
v 0.0257677 -0.0211470 -0.0498882 0.752941 0.752941 0.752941
vn 0.4608647 -0.3782214 -0.8028402
v 0.0276289 -0.0226745 -0.0481924 0.752941 0.752941 0.752941
vn 0.4907459 -0.4027442 -0.7726355
v 0.0294236 -0.0241473 -0.0463806 0.752941 0.752941 0.752941
vn 0.5194469 -0.4262986 -0.7405704
v 0.0311473 -0.0255619 -0.0444571 0.752941 0.752941 0.752941
vn 0.5468968 -0.4488263 -0.7067240
v 0.0327961 -0.0269150 -0.0424264 0.752941 0.752941 0.752941
vn 0.5730305 -0.4702735 -0.6711773
v 0.0343658 -0.0282033 -0.0402935 0.752941 0.752941 0.752941
vn 0.5977836 -0.4905885 -0.6340172
v 0.0358527 -0.0294236 -0.0380636 0.752941 0.752941 0.752941
vn 0.6210970 -0.5097219 -0.5953337
v 0.0372533 -0.0305730 -0.0357420 0.752941 0.752941 0.752941
vn 0.6429172 -0.5276287 -0.5552166
v 0.0385641 -0.0316487 -0.0333342 0.752941 0.752941 0.752941
vn 0.6631898 -0.5442657 -0.5137647
v 0.0397820 -0.0326482 -0.0308462 0.752941 0.752941 0.752941
vn 0.6818652 -0.5595933 -0.4710788
v 0.0409041 -0.0335691 -0.0282838 0.752941 0.752941 0.752941
vn 0.6989016 -0.5735738 -0.4272583
v 0.0419276 -0.0344091 -0.0256533 0.752941 0.752941 0.752941
vn 0.7142551 -0.5861744 -0.3824123
v 0.0428501 -0.0351662 -0.0229610 0.752941 0.752941 0.752941
vn 0.7278912 -0.5973642 -0.3366459
v 0.0436694 -0.0358386 -0.0202134 0.752941 0.752941 0.752941
vn 0.7397742 -0.6071175 -0.2900733
v 0.0443835 -0.0364246 -0.0174171 0.752941 0.752941 0.752941
vn 0.7498791 -0.6154100 -0.2428002
v 0.0449907 -0.0369229 -0.0145788 0.752941 0.752941 0.752941
vn 0.7581800 -0.6222222 -0.1949430
v 0.0454894 -0.0373322 -0.0117054 0.752941 0.752941 0.752941
vn 0.7646561 -0.6275378 -0.1466199
v 0.0458786 -0.0376516 -0.0088038 0.752941 0.752941 0.752941
vn 0.7692935 -0.6313435 -0.0979430
v 0.0461573 -0.0378803 -0.0058810 0.752941 0.752941 0.752941
vn 0.7720811 -0.6336300 -0.0490287
v 0.0463248 -0.0380177 -0.0029441 0.752941 0.752941 0.752941
vn 0.7730105 -0.6343932 -0.0000001
v 0.0463806 -0.0380636 0.0000000 0.752941 0.752941 0.752941
vn 0.7720807 -0.6336306 0.0490290
v 0.0463248 -0.0380177 0.0029441 0.752941 0.752941 0.752941
vn 0.7692938 -0.6313433 0.0979426
v 0.0461573 -0.0378803 0.0058810 0.752941 0.752941 0.752941
vn 0.7646568 -0.6275370 0.1466200
v 0.0458786 -0.0376516 0.0088038 0.752941 0.752941 0.752941
vn 0.7581798 -0.6222222 0.1949433
v 0.0454894 -0.0373322 0.0117054 0.752941 0.752941 0.752941
vn 0.7498788 -0.6154106 0.2427997
v 0.0449907 -0.0369229 0.0145788 0.752941 0.752941 0.752941
vn 0.7397745 -0.6071171 0.2900734
v 0.0443835 -0.0364246 0.0174171 0.752941 0.752941 0.752941
vn 0.7278908 -0.5973645 0.3366463
v 0.0436694 -0.0358386 0.0202134 0.752941 0.752941 0.752941
vn 0.7142552 -0.5861747 0.3824117
v 0.0428501 -0.0351662 0.0229610 0.752941 0.752941 0.752941
vn 0.6989013 -0.5735739 0.4272588
v 0.0419276 -0.0344091 0.0256533 0.752941 0.752941 0.752941
vn 0.6818658 -0.5595933 0.4710779
v 0.0409041 -0.0335691 0.0282838 0.752941 0.752941 0.752941
vn 0.6631896 -0.5442652 0.5137655
v 0.0397820 -0.0326482 0.0308462 0.752941 0.752941 0.752941
vn 0.6429172 -0.5276292 0.5552162
v 0.0385641 -0.0316487 0.0333342 0.752941 0.752941 0.752941
vn 0.6210974 -0.5097214 0.5953336
v 0.0372533 -0.0305730 0.0357420 0.752941 0.752941 0.752941
vn 0.5977837 -0.4905882 0.6340173
v 0.0358527 -0.0294236 0.0380636 0.752941 0.752941 0.752941
vn 0.5730302 -0.4702740 0.6711771
v 0.0343658 -0.0282033 0.0402935 0.752941 0.752941 0.752941
vn 0.5468971 -0.4488260 0.7067240
v 0.0327961 -0.0269150 0.0424264 0.752941 0.752941 0.752941
vn 0.5194471 -0.4262978 0.7405707
v 0.0311473 -0.0255619 0.0444571 0.752941 0.752941 0.752941
vn 0.4907458 -0.4027449 0.7726352
v 0.0294236 -0.0241473 0.0463806 0.752941 0.752941 0.752941
vn 0.4608642 -0.3782215 0.8028404
v 0.0276289 -0.0226745 0.0481924 0.752941 0.752941 0.752941
vn 0.4298719 -0.3527870 0.8311146
v 0.0257677 -0.0211470 0.0498882 0.752941 0.752941 0.752941
vn 0.3978422 -0.3265004 0.8573908
v 0.0238444 -0.0195686 0.0514637 0.752941 0.752941 0.752941
vn 0.3648563 -0.2994296 0.8816019
v 0.0218637 -0.0179431 0.0529153 0.752941 0.752941 0.752941
vn 0.3309902 -0.2716354 0.9036923
v 0.0198303 -0.0162743 0.0542394 0.752941 0.752941 0.752941
vn 0.2963223 -0.2431859 0.9236091
v 0.0177491 -0.0145663 0.0554328 0.752941 0.752941 0.752941
vn 0.2609437 -0.2141514 0.9413010
v 0.0156252 -0.0128232 0.0564926 0.752941 0.752941 0.752941
vn 0.2249359 -0.1846003 0.9567270
v 0.0134636 -0.0110493 0.0574164 0.752941 0.752941 0.752941
vn 0.1883833 -0.1546016 0.9698506
v 0.0112696 -0.0092487 0.0582019 0.752941 0.752941 0.752941
vn 0.1513771 -0.1242307 0.9806384
v 0.0090484 -0.0074258 0.0588471 0.752941 0.752941 0.752941
vn 0.1140058 -0.0935614 0.9890648
v 0.0068055 -0.0055851 0.0593506 0.752941 0.752941 0.752941
vn 0.0763563 -0.0626635 0.9951096
v 0.0045461 -0.0037309 0.0597111 0.752941 0.752941 0.752941
vn 0.0385204 -0.0316135 0.9987576
v 0.0022758 -0.0018677 0.0599277 0.752941 0.752941 0.752941
vn 0.0414335 -0.0276852 -0.9987577
v 0.0024479 -0.0016356 -0.0599277 0.752941 0.752941 0.752941
vn 0.0821303 -0.0548782 -0.9951096
v 0.0048899 -0.0032673 -0.0597111 0.752941 0.752941 0.752941
vn 0.1226271 -0.0819370 -0.9890648
v 0.0073201 -0.0048911 -0.0593506 0.752941 0.752941 0.752941
vn 0.1628239 -0.1087964 -0.9806384
v 0.0097327 -0.0065032 -0.0588471 0.752941 0.752941 0.752941
vn 0.2026294 -0.1353928 -0.9698506
v 0.0121218 -0.0080996 -0.0582019 0.752941 0.752941 0.752941
vn 0.2419467 -0.1616638 -0.9567270
v 0.0144818 -0.0096764 -0.0574164 0.752941 0.752941 0.752941
vn 0.2806777 -0.1875432 -0.9413010
v 0.0168068 -0.0112300 -0.0564926 0.752941 0.752941 0.752941
vn 0.3187324 -0.2129699 -0.9236090
v 0.0190914 -0.0127565 -0.0554328 0.752941 0.752941 0.752941
vn 0.3560209 -0.2378856 -0.9036922
v 0.0213299 -0.0142522 -0.0542394 0.752941 0.752941 0.752941
vn 0.3924484 -0.2622255 -0.8816020
v 0.0235171 -0.0157136 -0.0529153 0.752941 0.752941 0.752941
vn 0.4279288 -0.2859330 -0.8573910
v 0.0256476 -0.0171372 -0.0514637 0.752941 0.752941 0.752941
vn 0.4623812 -0.3089532 -0.8311147
v 0.0277164 -0.0185195 -0.0498882 0.752941 0.752941 0.752941
vn 0.4957169 -0.3312278 -0.8028405
v 0.0297183 -0.0198572 -0.0481924 0.752941 0.752941 0.752941
vn 0.5278578 -0.3527042 -0.7726357
v 0.0316487 -0.0211470 -0.0463806 0.752941 0.752941 0.752941
vn 0.5587298 -0.3733325 -0.7405699
v 0.0335028 -0.0223859 -0.0444571 0.752941 0.752941 0.752941
vn 0.5882565 -0.3930600 -0.7067235
v 0.0352763 -0.0235708 -0.0424264 0.752941 0.752941 0.752941
vn 0.6163650 -0.4118423 -0.6711783
v 0.0369647 -0.0246990 -0.0402935 0.752941 0.752941 0.752941
vn 0.6429912 -0.4296332 -0.6340171
v 0.0385641 -0.0257677 -0.0380636 0.752941 0.752941 0.752941
vn 0.6680683 -0.4463891 -0.5953332
v 0.0400706 -0.0267743 -0.0357420 0.752941 0.752941 0.752941
vn 0.6915384 -0.4620710 -0.5552163
v 0.0414805 -0.0277164 -0.0333342 0.752941 0.752941 0.752941
vn 0.7133437 -0.4766405 -0.5137652
v 0.0427905 -0.0285917 -0.0308462 0.752941 0.752941 0.752941
vn 0.7334327 -0.4900634 -0.4710779
v 0.0439974 -0.0293982 -0.0282838 0.752941 0.752941 0.752941
vn 0.7517563 -0.5023073 -0.4272585
v 0.0450984 -0.0301338 -0.0256533 0.752941 0.752941 0.752941
vn 0.7682716 -0.5133421 -0.3824118
v 0.0460907 -0.0307968 -0.0229610 0.752941 0.752941 0.752941
vn 0.7829376 -0.5231423 -0.3366464
v 0.0469719 -0.0313856 -0.0202134 0.752941 0.752941 0.752941
vn 0.7957199 -0.5316833 -0.2900737
v 0.0477400 -0.0318989 -0.0174171 0.752941 0.752941 0.752941
vn 0.8065891 -0.5389452 -0.2428006
v 0.0483931 -0.0323352 -0.0145788 0.752941 0.752941 0.752941
vn 0.8155175 -0.5449114 -0.1949431
v 0.0489296 -0.0326937 -0.0117054 0.752941 0.752941 0.752941
vn 0.8224844 -0.5495658 -0.1466182
v 0.0493482 -0.0329734 -0.0088038 0.752941 0.752941 0.752941
vn 0.8274723 -0.5528988 -0.0979419
v 0.0496479 -0.0331737 -0.0058810 0.752941 0.752941 0.752941
vn 0.8304695 -0.5549021 -0.0490302
v 0.0498281 -0.0332941 -0.0029441 0.752941 0.752941 0.752941
vn 0.8314696 -0.5555704 -0.0000001
v 0.0498882 -0.0333342 0.0000000 0.752941 0.752941 0.752941
vn 0.8304698 -0.5549018 0.0490302
v 0.0498281 -0.0332941 0.0029441 0.752941 0.752941 0.752941
vn 0.8274720 -0.5528991 0.0979420
v 0.0496479 -0.0331737 0.0058810 0.752941 0.752941 0.752941
vn 0.8224840 -0.5495664 0.1466183
v 0.0493482 -0.0329734 0.0088038 0.752941 0.752941 0.752941
vn 0.8155175 -0.5449116 0.1949427
v 0.0489296 -0.0326937 0.0117054 0.752941 0.752941 0.752941
vn 0.8065892 -0.5389448 0.2428011
v 0.0483931 -0.0323352 0.0145788 0.752941 0.752941 0.752941
vn 0.7957202 -0.5316830 0.2900735
v 0.0477400 -0.0318989 0.0174171 0.752941 0.752941 0.752941
vn 0.7829378 -0.5231423 0.3366462
v 0.0469719 -0.0313856 0.0202134 0.752941 0.752941 0.752941
vn 0.7682713 -0.5133423 0.3824119
v 0.0460907 -0.0307968 0.0229610 0.752941 0.752941 0.752941
vn 0.7517564 -0.5023072 0.4272585
v 0.0450984 -0.0301338 0.0256533 0.752941 0.752941 0.752941
vn 0.7334325 -0.4900639 0.4710778
v 0.0439974 -0.0293982 0.0282838 0.752941 0.752941 0.752941
vn 0.7133436 -0.4766406 0.5137652
v 0.0427905 -0.0285917 0.0308462 0.752941 0.752941 0.752941
vn 0.6915385 -0.4620706 0.5552166
v 0.0414805 -0.0277164 0.0333342 0.752941 0.752941 0.752941
vn 0.6680683 -0.4463894 0.5953329
v 0.0400706 -0.0267743 0.0357420 0.752941 0.752941 0.752941
vn 0.6429911 -0.4296333 0.6340172
v 0.0385641 -0.0257677 0.0380636 0.752941 0.752941 0.752941
vn 0.6163653 -0.4118420 0.6711780
v 0.0369647 -0.0246990 0.0402935 0.752941 0.752941 0.752941
vn 0.5882561 -0.3930596 0.7067242
v 0.0352763 -0.0235708 0.0424264 0.752941 0.752941 0.752941
vn 0.5587302 -0.3733330 0.7405694
v 0.0335028 -0.0223859 0.0444571 0.752941 0.752941 0.752941
vn 0.5278578 -0.3527042 0.7726357
v 0.0316487 -0.0211470 0.0463806 0.752941 0.752941 0.752941
vn 0.4957169 -0.3312277 0.8028406
v 0.0297183 -0.0198572 0.0481924 0.752941 0.752941 0.752941
vn 0.4623811 -0.3089532 0.8311147
v 0.0277164 -0.0185195 0.0498882 0.752941 0.752941 0.752941
vn 0.4279289 -0.2859330 0.8573909
v 0.0256476 -0.0171372 0.0514637 0.752941 0.752941 0.752941
vn 0.3924484 -0.2622253 0.8816020
v 0.0235171 -0.0157136 0.0529153 0.752941 0.752941 0.752941
vn 0.3560211 -0.2378857 0.9036921
v 0.0213299 -0.0142522 0.0542394 0.752941 0.752941 0.752941
vn 0.3187322 -0.2129697 0.9236091
v 0.0190914 -0.0127565 0.0554328 0.752941 0.752941 0.752941
vn 0.2806779 -0.1875435 0.9413009
v 0.0168068 -0.0112300 0.0564926 0.752941 0.752941 0.752941
vn 0.2419466 -0.1616639 0.9567270
v 0.0144818 -0.0096764 0.0574164 0.752941 0.752941 0.752941
vn 0.2026294 -0.1353926 0.9698506
v 0.0121218 -0.0080996 0.0582019 0.752941 0.752941 0.752941
vn 0.1628241 -0.1087964 0.9806384
v 0.0097327 -0.0065032 0.0588471 0.752941 0.752941 0.752941
vn 0.1226270 -0.0819369 0.9890648
v 0.0073201 -0.0048911 0.0593506 0.752941 0.752941 0.752941
vn 0.0821303 -0.0548782 0.9951096
v 0.0048899 -0.0032673 0.0597111 0.752941 0.752941 0.752941
vn 0.0414335 -0.0276852 0.9987577
v 0.0024479 -0.0016356 0.0599277 0.752941 0.752941 0.752941
vn 0.0439478 -0.0234908 -0.9987576
v 0.0025964 -0.0013878 -0.0599277 0.752941 0.752941 0.752941
vn 0.0871140 -0.0465637 -0.9951096
v 0.0051866 -0.0027723 -0.0597111 0.752941 0.752941 0.752941
vn 0.1300680 -0.0695225 -0.9890648
v 0.0077643 -0.0041501 -0.0593506 0.752941 0.752941 0.752941
vn 0.1727042 -0.0923126 -0.9806384
v 0.0103233 -0.0055179 -0.0588471 0.752941 0.752941 0.752941
vn 0.2149249 -0.1148793 -0.9698505
v 0.0128574 -0.0068724 -0.0582019 0.752941 0.752941 0.752941
vn 0.2566273 -0.1371702 -0.9567271
v 0.0153605 -0.0082104 -0.0574164 0.752941 0.752941 0.752941
vn 0.2977090 -0.1591289 -0.9413009
v 0.0178266 -0.0095285 -0.0564926 0.752941 0.752941 0.752941
vn 0.3380720 -0.1807034 -0.9236090
v 0.0202498 -0.0108237 -0.0554328 0.752941 0.752941 0.752941
vn 0.3776234 -0.2018442 -0.9036922
v 0.0226242 -0.0120929 -0.0542394 0.752941 0.752941 0.752941
vn 0.4162611 -0.2224965 -0.8816020
v 0.0249441 -0.0133329 -0.0529153 0.752941 0.752941 0.752941
vn 0.4538946 -0.2426118 -0.8573909
v 0.0272039 -0.0145408 -0.0514637 0.752941 0.752941 0.752941
vn 0.4904371 -0.2621444 -0.8311148
v 0.0293982 -0.0157136 -0.0498882 0.752941 0.752941 0.752941
vn 0.5257956 -0.2810441 -0.8028407
v 0.0315216 -0.0168486 -0.0481924 0.752941 0.752941 0.752941
vn 0.5598869 -0.2992661 -0.7726361
v 0.0335691 -0.0179431 -0.0463806 0.752941 0.752941 0.752941
vn 0.5926337 -0.3167691 -0.7405691
v 0.0355357 -0.0189942 -0.0444571 0.752941 0.752941 0.752941
vn 0.6239507 -0.3335082 -0.7067233
v 0.0374167 -0.0199997 -0.0424264 0.752941 0.752941 0.752941
vn 0.6537647 -0.3494446 -0.6711783
v 0.0392076 -0.0209569 -0.0402935 0.752941 0.752941 0.752941
vn 0.6820063 -0.3645401 -0.6340173
v 0.0409041 -0.0218637 -0.0380636 0.752941 0.752941 0.752941
vn 0.7086052 -0.3787576 -0.5953330
v 0.0425019 -0.0227178 -0.0357420 0.752941 0.752941 0.752941
vn 0.7335002 -0.3920633 -0.5552151
v 0.0439974 -0.0235171 -0.0333342 0.752941 0.752941 0.752941
vn 0.7566274 -0.4044255 -0.5137656
v 0.0453869 -0.0242598 -0.0308462 0.752941 0.752941 0.752941
vn 0.7779352 -0.4158147 -0.4710786
v 0.0466671 -0.0249441 -0.0282838 0.752941 0.752941 0.752941
vn 0.7973712 -0.4262036 -0.4272583
v 0.0478348 -0.0255683 -0.0256533 0.752941 0.752941 0.752941
vn 0.8148879 -0.4355668 -0.3824125
v 0.0488873 -0.0261308 -0.0229610 0.752941 0.752941 0.752941
vn 0.8304440 -0.4438824 -0.3366470
v 0.0498221 -0.0266304 -0.0202134 0.752941 0.752941 0.752941
vn 0.8440029 -0.4511291 -0.2900719
v 0.0506368 -0.0270659 -0.0174171 0.752941 0.752941 0.752941
vn 0.8555313 -0.4572903 -0.2428001
v 0.0513295 -0.0274362 -0.0145788 0.752941 0.752941 0.752941
vn 0.8650015 -0.4623521 -0.1949435
v 0.0518985 -0.0277403 -0.0117054 0.752941 0.752941 0.752941
vn 0.8723903 -0.4663024 -0.1466195
v 0.0523425 -0.0279777 -0.0088038 0.752941 0.752941 0.752941
vn 0.8776807 -0.4691307 -0.0979432
v 0.0526605 -0.0281476 -0.0058810 0.752941 0.752941 0.752941
vn 0.8808606 -0.4708298 -0.0490297
v 0.0528515 -0.0282497 -0.0029441 0.752941 0.752941 0.752941
vn 0.8819212 -0.4713969 -0.0000001
v 0.0529153 -0.0282838 0.0000000 0.752941 0.752941 0.752941
vn 0.8808605 -0.4708300 0.0490300
v 0.0528515 -0.0282497 0.0029441 0.752941 0.752941 0.752941
vn 0.8776811 -0.4691302 0.0979429
v 0.0526605 -0.0281476 0.0058810 0.752941 0.752941 0.752941
vn 0.8723904 -0.4663024 0.1466192
v 0.0523425 -0.0279777 0.0088038 0.752941 0.752941 0.752941
vn 0.8650015 -0.4623520 0.1949439
v 0.0518985 -0.0277403 0.0117054 0.752941 0.752941 0.752941
vn 0.8555313 -0.4572902 0.2428002
v 0.0513295 -0.0274362 0.0145788 0.752941 0.752941 0.752941
vn 0.8440029 -0.4511290 0.2900721
v 0.0506368 -0.0270659 0.0174171 0.752941 0.752941 0.752941
vn 0.8304443 -0.4438826 0.3366462
v 0.0498221 -0.0266304 0.0202134 0.752941 0.752941 0.752941
vn 0.8148877 -0.4355666 0.3824131
v 0.0488873 -0.0261308 0.0229610 0.752941 0.752941 0.752941
vn 0.7973712 -0.4262039 0.4272580
v 0.0478348 -0.0255683 0.0256533 0.752941 0.752941 0.752941
vn 0.7779352 -0.4158144 0.4710788
v 0.0466671 -0.0249441 0.0282838 0.752941 0.752941 0.752941
vn 0.7566276 -0.4044252 0.5137656
v 0.0453869 -0.0242598 0.0308462 0.752941 0.752941 0.752941
vn 0.7334999 -0.3920638 0.5552153
v 0.0439974 -0.0235171 0.0333342 0.752941 0.752941 0.752941
vn 0.7086054 -0.3787576 0.5953327
v 0.0425019 -0.0227178 0.0357420 0.752941 0.752941 0.752941
vn 0.6820063 -0.3645399 0.6340175
v 0.0409041 -0.0218637 0.0380636 0.752941 0.752941 0.752941
vn 0.6537648 -0.3494447 0.6711782
v 0.0392076 -0.0209569 0.0402935 0.752941 0.752941 0.752941
vn 0.6239504 -0.3335086 0.7067234
v 0.0374167 -0.0199997 0.0424264 0.752941 0.752941 0.752941
vn 0.5926335 -0.3167695 0.7405691
v 0.0355357 -0.0189942 0.0444571 0.752941 0.752941 0.752941
vn 0.5598870 -0.2992657 0.7726361
v 0.0335691 -0.0179431 0.0463806 0.752941 0.752941 0.752941
vn 0.5257958 -0.2810439 0.8028407
v 0.0315216 -0.0168486 0.0481924 0.752941 0.752941 0.752941
vn 0.4904372 -0.2621444 0.8311148
v 0.0293982 -0.0157136 0.0498882 0.752941 0.752941 0.752941
vn 0.4538944 -0.2426118 0.8573910
v 0.0272039 -0.0145408 0.0514637 0.752941 0.752941 0.752941
vn 0.4162612 -0.2224966 0.8816019
v 0.0249441 -0.0133329 0.0529153 0.752941 0.752941 0.752941
vn 0.3776234 -0.2018443 0.9036922
v 0.0226242 -0.0120929 0.0542394 0.752941 0.752941 0.752941
vn 0.3380719 -0.1807033 0.9236091
v 0.0202498 -0.0108237 0.0554328 0.752941 0.752941 0.752941
vn 0.2977090 -0.1591290 0.9413009
v 0.0178266 -0.0095285 0.0564926 0.752941 0.752941 0.752941
vn 0.2566274 -0.1371700 0.9567271
v 0.0153605 -0.0082104 0.0574164 0.752941 0.752941 0.752941
vn 0.2149247 -0.1148795 0.9698506
v 0.0128574 -0.0068724 0.0582019 0.752941 0.752941 0.752941
vn 0.1727043 -0.0923128 0.9806384
v 0.0103233 -0.0055179 0.0588471 0.752941 0.752941 0.752941
vn 0.1300679 -0.0695224 0.9890648
v 0.0077643 -0.0041501 0.0593506 0.752941 0.752941 0.752941
vn 0.0871140 -0.0465638 0.9951096
v 0.0051866 -0.0027723 0.0597111 0.752941 0.752941 0.752941
vn 0.0439478 -0.0234908 0.9987576
v 0.0025964 -0.0013878 0.0599277 0.752941 0.752941 0.752941
vn 0.0460387 -0.0190697 -0.9987577
v 0.0027200 -0.0011266 -0.0599277 0.752941 0.752941 0.752941
vn 0.0912587 -0.0378006 -0.9951096
v 0.0054334 -0.0022506 -0.0597111 0.752941 0.752941 0.752941
vn 0.1362562 -0.0564385 -0.9890648
v 0.0081337 -0.0033691 -0.0593506 0.752941 0.752941 0.752941
vn 0.1809210 -0.0749394 -0.9806384
v 0.0108144 -0.0044795 -0.0588471 0.752941 0.752941 0.752941
vn 0.2251496 -0.0932603 -0.9698506
v 0.0134691 -0.0055791 -0.0582019 0.752941 0.752941 0.752941
vn 0.2688363 -0.1113564 -0.9567271
v 0.0160913 -0.0066652 -0.0574164 0.752941 0.752941 0.752941
vn 0.3118732 -0.1291817 -0.9413009
v 0.0186747 -0.0077353 -0.0564926 0.752941 0.752941 0.752941
vn 0.3541560 -0.1466962 -0.9236091
v 0.0212132 -0.0087868 -0.0554328 0.752941 0.752941 0.752941
vn 0.3955892 -0.1638585 -0.9036922
v 0.0237006 -0.0098171 -0.0542394 0.752941 0.752941 0.752941
vn 0.4360653 -0.1806244 -0.8816019
v 0.0261308 -0.0108237 -0.0529153 0.752941 0.752941 0.752941
vn 0.4754893 -0.1969537 -0.8573909
v 0.0284981 -0.0118043 -0.0514637 0.752941 0.752941 0.752941
vn 0.5137700 -0.2128106 -0.8311149
v 0.0307968 -0.0127565 -0.0498882 0.752941 0.752941 0.752941
vn 0.5508113 -0.2281539 -0.8028405
v 0.0330213 -0.0136779 -0.0481924 0.752941 0.752941 0.752941
vn 0.5865248 -0.2429463 -0.7726355
v 0.0351662 -0.0145663 -0.0463806 0.752941 0.752941 0.752941
vn 0.6208290 -0.2571549 -0.7405692
v 0.0372264 -0.0154197 -0.0444571 0.752941 0.752941 0.752941
vn 0.6536347 -0.2707447 -0.7067242
v 0.0391969 -0.0162359 -0.0424264 0.752941 0.752941 0.752941
vn 0.6848683 -0.2836817 -0.6711782
v 0.0410730 -0.0170130 -0.0402935 0.752941 0.752941 0.752941
vn 0.7144538 -0.2959356 -0.6340173
v 0.0428501 -0.0177491 -0.0380636 0.752941 0.752941 0.752941
vn 0.7423185 -0.3074775 -0.5953327
v 0.0445240 -0.0184425 -0.0357420 0.752941 0.752941 0.752941
vn 0.7683969 -0.3182799 -0.5552154
v 0.0460907 -0.0190914 -0.0333342 0.752941 0.752941 0.752941
vn 0.7926248 -0.3283157 -0.5137652
v 0.0475463 -0.0196943 -0.0308462 0.752941 0.752941 0.752941
vn 0.8149463 -0.3375611 -0.4710786
v 0.0488873 -0.0202498 -0.0282838 0.752941 0.752941 0.752941
vn 0.8353068 -0.3459951 -0.4272588
v 0.0501106 -0.0207565 -0.0256533 0.752941 0.752941 0.752941
vn 0.8536566 -0.3535961 -0.3824137
v 0.0512132 -0.0212132 -0.0229610 0.752941 0.752941 0.752941
vn 0.8699540 -0.3603461 -0.3366464
v 0.0521924 -0.0216188 -0.0202134 0.752941 0.752941 0.752941
vn 0.8841578 -0.3662296 -0.2900706
v 0.0530459 -0.0219723 -0.0174171 0.752941 0.752941 0.752941
vn 0.8962339 -0.3712321 -0.2427993
v 0.0537715 -0.0222729 -0.0145788 0.752941 0.752941 0.752941
vn 0.9061541 -0.3753418 -0.1949445
v 0.0543676 -0.0225198 -0.0117054 0.752941 0.752941 0.752941
vn 0.9138950 -0.3785478 -0.1466204
v 0.0548328 -0.0227125 -0.0088038 0.752941 0.752941 0.752941
vn 0.9194378 -0.3808431 -0.0979417
v 0.0551658 -0.0228504 -0.0058810 0.752941 0.752941 0.752941
vn 0.9227687 -0.3822227 -0.0490298
v 0.0553660 -0.0229333 -0.0029441 0.752941 0.752941 0.752941
vn 0.9238796 -0.3826832 -0.0000003
v 0.0554328 -0.0229610 0.0000000 0.752941 0.752941 0.752941
vn 0.9227687 -0.3822226 0.0490304
v 0.0553660 -0.0229333 0.0029441 0.752941 0.752941 0.752941
vn 0.9194376 -0.3808437 0.0979413
v 0.0551658 -0.0228504 0.0058810 0.752941 0.752941 0.752941
vn 0.9138952 -0.3785471 0.1466208
v 0.0548328 -0.0227125 0.0088038 0.752941 0.752941 0.752941
vn 0.9061543 -0.3753414 0.1949441
v 0.0543676 -0.0225198 0.0117054 0.752941 0.752941 0.752941
vn 0.8962337 -0.3712325 0.2427995
v 0.0537715 -0.0222729 0.0145788 0.752941 0.752941 0.752941
vn 0.8841575 -0.3662305 0.2900703
v 0.0530459 -0.0219723 0.0174171 0.752941 0.752941 0.752941
vn 0.8699538 -0.3603462 0.3366468
v 0.0521924 -0.0216188 0.0202134 0.752941 0.752941 0.752941
vn 0.8536569 -0.3535956 0.3824135
v 0.0512132 -0.0212132 0.0229610 0.752941 0.752941 0.752941
vn 0.8353068 -0.3459949 0.4272588
v 0.0501106 -0.0207565 0.0256533 0.752941 0.752941 0.752941
vn 0.8149462 -0.3375610 0.4710788
v 0.0488873 -0.0202498 0.0282838 0.752941 0.752941 0.752941
vn 0.7926250 -0.3283159 0.5137649
v 0.0475463 -0.0196943 0.0308462 0.752941 0.752941 0.752941
vn 0.7683969 -0.3182798 0.5552155
v 0.0460907 -0.0190914 0.0333342 0.752941 0.752941 0.752941
vn 0.7423183 -0.3074778 0.5953326
v 0.0445240 -0.0184425 0.0357420 0.752941 0.752941 0.752941
vn 0.7144537 -0.2959357 0.6340173
v 0.0428501 -0.0177491 0.0380636 0.752941 0.752941 0.752941
vn 0.6848685 -0.2836812 0.6711782
v 0.0410730 -0.0170130 0.0402935 0.752941 0.752941 0.752941
vn 0.6536353 -0.2707445 0.7067236
v 0.0391969 -0.0162359 0.0424264 0.752941 0.752941 0.752941
vn 0.6208285 -0.2571547 0.7405697
v 0.0372264 -0.0154197 0.0444571 0.752941 0.752941 0.752941
vn 0.5865249 -0.2429462 0.7726356
v 0.0351662 -0.0145663 0.0463806 0.752941 0.752941 0.752941
vn 0.5508114 -0.2281541 0.8028402
v 0.0330213 -0.0136779 0.0481924 0.752941 0.752941 0.752941
vn 0.5137700 -0.2128109 0.8311149
v 0.0307968 -0.0127565 0.0498882 0.752941 0.752941 0.752941
vn 0.4754890 -0.1969536 0.8573911
v 0.0284981 -0.0118043 0.0514637 0.752941 0.752941 0.752941
vn 0.4360656 -0.1806244 0.8816018
v 0.0261308 -0.0108237 0.0529153 0.752941 0.752941 0.752941
vn 0.3955891 -0.1638583 0.9036923
v 0.0237006 -0.0098171 0.0542394 0.752941 0.752941 0.752941
vn 0.3541561 -0.1466963 0.9236090
v 0.0212132 -0.0087868 0.0554328 0.752941 0.752941 0.752941
vn 0.3118728 -0.1291814 0.9413010
v 0.0186747 -0.0077353 0.0564926 0.752941 0.752941 0.752941
vn 0.2688367 -0.1113564 0.9567270
v 0.0160913 -0.0066652 0.0574164 0.752941 0.752941 0.752941
vn 0.2251497 -0.0932603 0.9698506
v 0.0134691 -0.0055791 0.0582019 0.752941 0.752941 0.752941
vn 0.1809210 -0.0749395 0.9806384
v 0.0108144 -0.0044795 0.0588471 0.752941 0.752941 0.752941
vn 0.1362561 -0.0564385 0.9890648
v 0.0081337 -0.0033691 0.0593506 0.752941 0.752941 0.752941
vn 0.0912587 -0.0378006 0.9951096
v 0.0054334 -0.0022506 0.0597111 0.752941 0.752941 0.752941
vn 0.0460387 -0.0190697 0.9987577
v 0.0027200 -0.0011266 0.0599277 0.752941 0.752941 0.752941
vn 0.0476862 -0.0144652 -0.9987577
v 0.0028173 -0.0008546 -0.0599277 0.752941 0.752941 0.752941
vn 0.0945244 -0.0286737 -0.9951096
v 0.0056278 -0.0017072 -0.0597111 0.752941 0.752941 0.752941
vn 0.1411319 -0.0428116 -0.9890648
v 0.0084247 -0.0025556 -0.0593506 0.752941 0.752941 0.752941
vn 0.1873947 -0.0568459 -0.9806384
v 0.0112014 -0.0033979 -0.0588471 0.752941 0.752941 0.752941
vn 0.2332065 -0.0707427 -0.9698507
v 0.0139511 -0.0042320 -0.0582019 0.752941 0.752941 0.752941
vn 0.2784572 -0.0844694 -0.9567270
v 0.0166671 -0.0050559 -0.0574164 0.752941 0.752941 0.752941
vn 0.3230333 -0.0979913 -0.9413009
v 0.0193430 -0.0058676 -0.0564926 0.752941 0.752941 0.752941
vn 0.3668293 -0.1112763 -0.9236092
v 0.0219723 -0.0066652 -0.0554328 0.752941 0.752941 0.752941
vn 0.4097451 -0.1242949 -0.9036923
v 0.0245487 -0.0074468 -0.0542394 0.752941 0.752941 0.752941
vn 0.4516703 -0.1370128 -0.8816016
v 0.0270659 -0.0082104 -0.0529153 0.752941 0.752941 0.752941
vn 0.4925043 -0.1493995 -0.8573910
v 0.0295179 -0.0089542 -0.0514637 0.752941 0.752941 0.752941
vn 0.5321544 -0.1614278 -0.8311154
v 0.0318989 -0.0096764 -0.0498882 0.752941 0.752941 0.752941
vn 0.5705219 -0.1730665 -0.8028405
v 0.0342029 -0.0103753 -0.0481924 0.752941 0.752941 0.752941
vn 0.6075144 -0.1842872 -0.7726349
v 0.0364246 -0.0110493 -0.0463806 0.752941 0.752941 0.752941
vn 0.6430441 -0.1950657 -0.7405699
v 0.0385585 -0.0116966 -0.0444571 0.752941 0.752941 0.752941
vn 0.6770250 -0.2053741 -0.7067239
v 0.0405995 -0.0123157 -0.0424264 0.752941 0.752941 0.752941
vn 0.7093774 -0.2151871 -0.6711767
v 0.0425428 -0.0129052 -0.0402935 0.752941 0.752941 0.752941
vn 0.7400203 -0.2244820 -0.6340172
v 0.0443835 -0.0134636 -0.0380636 0.752941 0.752941 0.752941
vn 0.7688810 -0.2332377 -0.5953336
v 0.0461173 -0.0139895 -0.0357420 0.752941 0.752941 0.752941
vn 0.7958934 -0.2414317 -0.5552157
v 0.0477400 -0.0144818 -0.0333342 0.752941 0.752941 0.752941
vn 0.8209886 -0.2490444 -0.5137652
v 0.0492477 -0.0149391 -0.0308462 0.752941 0.752941 0.752941
vn 0.8441088 -0.2560576 -0.4710783
v 0.0506368 -0.0153605 -0.0282838 0.752941 0.752941 0.752941
vn 0.8651979 -0.2624547 -0.4272588
v 0.0519038 -0.0157449 -0.0256533 0.752941 0.752941 0.752941
vn 0.8842052 -0.2682199 -0.3824124
v 0.0530459 -0.0160913 -0.0229610 0.752941 0.752941 0.752941
vn 0.9010848 -0.2733406 -0.3366470
v 0.0540601 -0.0163989 -0.0202134 0.752941 0.752941 0.752941
vn 0.9157960 -0.2778045 -0.2900732
v 0.0549441 -0.0166671 -0.0174171 0.752941 0.752941 0.752941
vn 0.9283049 -0.2815989 -0.2428006
v 0.0556957 -0.0168951 -0.0145788 0.752941 0.752941 0.752941
vn 0.9385809 -0.2847159 -0.1949431
v 0.0563132 -0.0170824 -0.0117054 0.752941 0.752941 0.752941
vn 0.9465988 -0.2871477 -0.1466186
v 0.0567950 -0.0172286 -0.0088038 0.752941 0.752941 0.752941
vn 0.9523396 -0.2888888 -0.0979419
v 0.0571399 -0.0173332 -0.0058810 0.752941 0.752941 0.752941
vn 0.9557894 -0.2899354 -0.0490307
v 0.0573473 -0.0173961 -0.0029441 0.752941 0.752941 0.752941
vn 0.9569405 -0.2902841 0.0000003
v 0.0574164 -0.0174171 0.0000000 0.752941 0.752941 0.752941
vn 0.9557895 -0.2899354 0.0490301
v 0.0573473 -0.0173961 0.0029441 0.752941 0.752941 0.752941
vn 0.9523396 -0.2888882 0.0979426
v 0.0571399 -0.0173332 0.0058810 0.752941 0.752941 0.752941
vn 0.9465987 -0.2871480 0.1466184
v 0.0567950 -0.0172286 0.0088038 0.752941 0.752941 0.752941
vn 0.9385808 -0.2847165 0.1949427
v 0.0563132 -0.0170824 0.0117054 0.752941 0.752941 0.752941
vn 0.9283050 -0.2815985 0.2428007
v 0.0556957 -0.0168951 0.0145788 0.752941 0.752941 0.752941
vn 0.9157963 -0.2778036 0.2900729
v 0.0549441 -0.0166671 0.0174171 0.752941 0.752941 0.752941
vn 0.9010847 -0.2733406 0.3366473
v 0.0540601 -0.0163989 0.0202134 0.752941 0.752941 0.752941
vn 0.8842050 -0.2682204 0.3824124
v 0.0530459 -0.0160913 0.0229610 0.752941 0.752941 0.752941
vn 0.8651979 -0.2624546 0.4272589
v 0.0519038 -0.0157449 0.0256533 0.752941 0.752941 0.752941
vn 0.8441088 -0.2560576 0.4710783
v 0.0506368 -0.0153605 0.0282838 0.752941 0.752941 0.752941
vn 0.8209887 -0.2490443 0.5137650
v 0.0492477 -0.0149391 0.0308462 0.752941 0.752941 0.752941
vn 0.7958934 -0.2414316 0.5552158
v 0.0477400 -0.0144818 0.0333342 0.752941 0.752941 0.752941
vn 0.7688813 -0.2332376 0.5953334
v 0.0461173 -0.0139895 0.0357420 0.752941 0.752941 0.752941
vn 0.7400200 -0.2244820 0.6340176
v 0.0443835 -0.0134636 0.0380636 0.752941 0.752941 0.752941
vn 0.7093773 -0.2151874 0.6711769
v 0.0425428 -0.0129052 0.0402935 0.752941 0.752941 0.752941
vn 0.6770254 -0.2053742 0.7067235
v 0.0405995 -0.0123157 0.0424264 0.752941 0.752941 0.752941
vn 0.6430441 -0.1950658 0.7405699
v 0.0385585 -0.0116966 0.0444571 0.752941 0.752941 0.752941
vn 0.6075139 -0.1842876 0.7726351
v 0.0364246 -0.0110493 0.0463806 0.752941 0.752941 0.752941
vn 0.5705222 -0.1730664 0.8028402
v 0.0342029 -0.0103753 0.0481924 0.752941 0.752941 0.752941
vn 0.5321544 -0.1614274 0.8311154
v 0.0318989 -0.0096764 0.0498882 0.752941 0.752941 0.752941
vn 0.4925042 -0.1493995 0.8573910
v 0.0295179 -0.0089542 0.0514637 0.752941 0.752941 0.752941
vn 0.4516703 -0.1370129 0.8816016
v 0.0270659 -0.0082104 0.0529153 0.752941 0.752941 0.752941
vn 0.4097452 -0.1242951 0.9036922
v 0.0245487 -0.0074468 0.0542394 0.752941 0.752941 0.752941
vn 0.3668291 -0.1112761 0.9236093
v 0.0219723 -0.0066652 0.0554328 0.752941 0.752941 0.752941
vn 0.3230333 -0.0979912 0.9413009
v 0.0193430 -0.0058676 0.0564926 0.752941 0.752941 0.752941
vn 0.2784572 -0.0844698 0.9567270
v 0.0166671 -0.0050559 0.0574164 0.752941 0.752941 0.752941
vn 0.2332065 -0.0707426 0.9698507
v 0.0139511 -0.0042320 0.0582019 0.752941 0.752941 0.752941
vn 0.1873948 -0.0568458 0.9806384
v 0.0112014 -0.0033979 0.0588471 0.752941 0.752941 0.752941
vn 0.1411318 -0.0428116 0.9890648
v 0.0084247 -0.0025556 0.0593506 0.752941 0.752941 0.752941
vn 0.0945244 -0.0286738 0.9951096
v 0.0056278 -0.0017072 0.0597111 0.752941 0.752941 0.752941
vn 0.0476861 -0.0144652 0.9987577
v 0.0028173 -0.0008546 0.0599277 0.752941 0.752941 0.752941
vn 0.0488742 -0.0097218 -0.9987577
v 0.0028875 -0.0005744 -0.0599277 0.752941 0.752941 0.752941
vn 0.0968798 -0.0192707 -0.9951096
v 0.0057680 -0.0011473 -0.0597111 0.752941 0.752941 0.752941
vn 0.1446481 -0.0287733 -0.9890648
v 0.0086347 -0.0017175 -0.0593506 0.752941 0.752941 0.752941
vn 0.1920643 -0.0382043 -0.9806384
v 0.0114805 -0.0022836 -0.0588471 0.752941 0.752941 0.752941
vn 0.2390177 -0.0475434 -0.9698506
v 0.0142987 -0.0028442 -0.0582019 0.752941 0.752941 0.752941
vn 0.2853960 -0.0567682 -0.9567270
v 0.0170824 -0.0033979 -0.0574164 0.752941 0.752941 0.752941
vn 0.3310827 -0.0658564 -0.9413008
v 0.0198250 -0.0039434 -0.0564926 0.752941 0.752941 0.752941
vn 0.3759696 -0.0747855 -0.9236093
v 0.0225198 -0.0044795 -0.0554328 0.752941 0.752941 0.752941
vn 0.4199553 -0.0835339 -0.9036922
v 0.0251604 -0.0050047 -0.0542394 0.752941 0.752941 0.752941
vn 0.4629250 -0.0920812 -0.8816017
v 0.0277403 -0.0055179 -0.0529153 0.752941 0.752941 0.752941
vn 0.5047763 -0.1004064 -0.8573911
v 0.0302535 -0.0060178 -0.0514637 0.752941 0.752941 0.752941
vn 0.5454149 -0.1084896 -0.8311153
v 0.0326937 -0.0065032 -0.0498882 0.752941 0.752941 0.752941
vn 0.5847391 -0.1163110 -0.8028399
v 0.0350552 -0.0069729 -0.0481924 0.752941 0.752941 0.752941
vn 0.6226513 -0.1238532 -0.7726355
v 0.0373322 -0.0074258 -0.0463806 0.752941 0.752941 0.752941
vn 0.6590669 -0.1310969 -0.7405704
v 0.0395193 -0.0078609 -0.0444571 0.752941 0.752941 0.752941
vn 0.6938960 -0.1380242 -0.7067232
v 0.0416112 -0.0082770 -0.0424264 0.752941 0.752941 0.752941
vn 0.7270539 -0.1446198 -0.6711764
v 0.0436028 -0.0086731 -0.0402935 0.752941 0.752941 0.752941
vn 0.7584591 -0.1508675 -0.6340180
v 0.0454894 -0.0090484 -0.0380636 0.752941 0.752941 0.752941
vn 0.7880400 -0.1567512 -0.5953335
v 0.0472664 -0.0094019 -0.0357420 0.752941 0.752941 0.752941
vn 0.8157256 -0.1622578 -0.5552154
v 0.0489296 -0.0097327 -0.0333342 0.752941 0.752941 0.752941
vn 0.8414459 -0.1673745 -0.5137652
v 0.0504749 -0.0100401 -0.0308462 0.752941 0.752941 0.752941
vn 0.8651425 -0.1720880 -0.4710778
v 0.0518985 -0.0103233 -0.0282838 0.752941 0.752941 0.752941
vn 0.8867570 -0.1763872 -0.4272583
v 0.0531972 -0.0105816 -0.0256533 0.752941 0.752941 0.752941
vn 0.9062372 -0.1802623 -0.3824129
v 0.0543676 -0.0108144 -0.0229610 0.752941 0.752941 0.752941
vn 0.9235374 -0.1837035 -0.3366478
v 0.0554072 -0.0110212 -0.0202134 0.752941 0.752941 0.752941
vn 0.9386163 -0.1867022 -0.2900722
v 0.0563132 -0.0112014 -0.0174171 0.752941 0.752941 0.752941
vn 0.9514367 -0.1892522 -0.2428001
v 0.0570835 -0.0113546 -0.0145788 0.752941 0.752941 0.752941
vn 0.9619684 -0.1913469 -0.1949439
v 0.0577164 -0.0114805 -0.0117054 0.752941 0.752941 0.752941
vn 0.9701861 -0.1929820 -0.1466181
v 0.0582102 -0.0115787 -0.0088038 0.752941 0.752941 0.752941
vn 0.9760699 -0.1941524 -0.0979408
v 0.0585637 -0.0116491 -0.0058810 0.752941 0.752941 0.752941
vn 0.9796056 -0.1948562 -0.0490307
v 0.0587762 -0.0116913 -0.0029441 0.752941 0.752941 0.752941
vn 0.9807852 -0.1950908 0.0000001
v 0.0588471 -0.0117054 0.0000000 0.752941 0.752941 0.752941
vn 0.9796056 -0.1948563 0.0490303
v 0.0587762 -0.0116913 0.0029441 0.752941 0.752941 0.752941
vn 0.9760697 -0.1941529 0.0979413
v 0.0585637 -0.0116491 0.0058810 0.752941 0.752941 0.752941
vn 0.9701861 -0.1929827 0.1466173
v 0.0582102 -0.0115787 0.0088038 0.752941 0.752941 0.752941
vn 0.9619684 -0.1913468 0.1949446
v 0.0577164 -0.0114805 0.0117054 0.752941 0.752941 0.752941
vn 0.9514367 -0.1892520 0.2428001
v 0.0570835 -0.0113546 0.0145788 0.752941 0.752941 0.752941
vn 0.9386163 -0.1867024 0.2900721
v 0.0563132 -0.0112014 0.0174171 0.752941 0.752941 0.752941
vn 0.9235375 -0.1837031 0.3366478
v 0.0554072 -0.0110212 0.0202134 0.752941 0.752941 0.752941
vn 0.9062373 -0.1802619 0.3824130
v 0.0543676 -0.0108144 0.0229610 0.752941 0.752941 0.752941
vn 0.8867569 -0.1763875 0.4272583
v 0.0531972 -0.0105816 0.0256533 0.752941 0.752941 0.752941
vn 0.8651424 -0.1720881 0.4710779
v 0.0518985 -0.0103233 0.0282838 0.752941 0.752941 0.752941
vn 0.8414460 -0.1673748 0.5137648
v 0.0504749 -0.0100401 0.0308462 0.752941 0.752941 0.752941
vn 0.8157253 -0.1622581 0.5552158
v 0.0489296 -0.0097327 0.0333342 0.752941 0.752941 0.752941
vn 0.7880400 -0.1567510 0.5953335
v 0.0472664 -0.0094019 0.0357420 0.752941 0.752941 0.752941
vn 0.7584593 -0.1508672 0.6340178
v 0.0454894 -0.0090484 0.0380636 0.752941 0.752941 0.752941
vn 0.7270538 -0.1446204 0.6711764
v 0.0436028 -0.0086731 0.0402935 0.752941 0.752941 0.752941
vn 0.6938958 -0.1380244 0.7067234
v 0.0416112 -0.0082770 0.0424264 0.752941 0.752941 0.752941
vn 0.6590670 -0.1310963 0.7405704
v 0.0395193 -0.0078609 0.0444571 0.752941 0.752941 0.752941
vn 0.6226516 -0.1238530 0.7726353
v 0.0373322 -0.0074258 0.0463806 0.752941 0.752941 0.752941
vn 0.5847386 -0.1163114 0.8028402
v 0.0350552 -0.0069729 0.0481924 0.752941 0.752941 0.752941
vn 0.5454149 -0.1084895 0.8311153
v 0.0326937 -0.0065032 0.0498882 0.752941 0.752941 0.752941
vn 0.5047764 -0.1004063 0.8573911
v 0.0302535 -0.0060178 0.0514637 0.752941 0.752941 0.752941
vn 0.4629250 -0.0920814 0.8816016
v 0.0277403 -0.0055179 0.0529153 0.752941 0.752941 0.752941
vn 0.4199550 -0.0835335 0.9036924
v 0.0251604 -0.0050047 0.0542394 0.752941 0.752941 0.752941
vn 0.3759699 -0.0747854 0.9236091
v 0.0225198 -0.0044795 0.0554328 0.752941 0.752941 0.752941
vn 0.3310827 -0.0658568 0.9413008
v 0.0198250 -0.0039434 0.0564926 0.752941 0.752941 0.752941
vn 0.2853958 -0.0567680 0.9567271
v 0.0170824 -0.0033979 0.0574164 0.752941 0.752941 0.752941
vn 0.2390177 -0.0475433 0.9698506
v 0.0142987 -0.0028442 0.0582019 0.752941 0.752941 0.752941
vn 0.1920644 -0.0382043 0.9806384
v 0.0114805 -0.0022836 0.0588471 0.752941 0.752941 0.752941
vn 0.1446483 -0.0287732 0.9890648
v 0.0086347 -0.0017175 0.0593506 0.752941 0.752941 0.752941
vn 0.0968797 -0.0192708 0.9951096
v 0.0057680 -0.0011473 0.0597111 0.752941 0.752941 0.752941
vn 0.0488742 -0.0097218 0.9987577
v 0.0028875 -0.0005744 0.0599277 0.752941 0.752941 0.752941
vn 0.0495920 -0.0048842 -0.9987576
v 0.0029299 -0.0002886 -0.0599277 0.752941 0.752941 0.752941
vn 0.0983020 -0.0096821 -0.9951096
v 0.0058527 -0.0005764 -0.0597111 0.752941 0.752941 0.752941
vn 0.1467722 -0.0144559 -0.9890648
v 0.0087614 -0.0008629 -0.0593506 0.752941 0.752941 0.752941
vn 0.1948844 -0.0191943 -0.9806384
v 0.0116491 -0.0011473 -0.0588471 0.752941 0.752941 0.752941
vn 0.2425271 -0.0238867 -0.9698505
v 0.0145086 -0.0014290 -0.0582019 0.752941 0.752941 0.752941
vn 0.2895860 -0.0285211 -0.9567270
v 0.0173332 -0.0017072 -0.0574164 0.752941 0.752941 0.752941
vn 0.3359429 -0.0330874 -0.9413010
v 0.0201161 -0.0019813 -0.0564926 0.752941 0.752941 0.752941
vn 0.3814899 -0.0375734 -0.9236091
v 0.0228504 -0.0022506 -0.0554328 0.752941 0.752941 0.752941
vn 0.4261213 -0.0419685 -0.9036920
v 0.0255298 -0.0025145 -0.0542394 0.752941 0.752941 0.752941
vn 0.4697208 -0.0462635 -0.8816020
v 0.0281476 -0.0027723 -0.0529153 0.752941 0.752941 0.752941
vn 0.5121873 -0.0504462 -0.8573910
v 0.0306976 -0.0030234 -0.0514637 0.752941 0.752941 0.752941
vn 0.5534232 -0.0545068 -0.8311148
v 0.0331737 -0.0032673 -0.0498882 0.752941 0.752941 0.752941
vn 0.5933229 -0.0584374 -0.8028407
v 0.0355698 -0.0035033 -0.0481924 0.752941 0.752941 0.752941
vn 0.6317930 -0.0622259 -0.7726355
v 0.0378803 -0.0037309 -0.0463806 0.752941 0.752941 0.752941
vn 0.6687440 -0.0658649 -0.7405696
v 0.0400995 -0.0039495 -0.0444571 0.752941 0.752941 0.752941
vn 0.7040832 -0.0693458 -0.7067234
v 0.0422221 -0.0041585 -0.0424264 0.752941 0.752941 0.752941
vn 0.7377269 -0.0726603 -0.6711777
v 0.0442430 -0.0043576 -0.0402935 0.752941 0.752941 0.752941
vn 0.7695950 -0.0757984 -0.6340175
v 0.0461573 -0.0045461 -0.0380636 0.752941 0.752941 0.752941
vn 0.7996104 -0.0787538 -0.5953327
v 0.0479604 -0.0047237 -0.0357420 0.752941 0.752941 0.752941
vn 0.8277010 -0.0815213 -0.5552165
v 0.0496479 -0.0048899 -0.0333342 0.752941 0.752941 0.752941
vn 0.8537995 -0.0840922 -0.5137655
v 0.0512159 -0.0050443 -0.0308462 0.752941 0.752941 0.752941
vn 0.8778442 -0.0864599 -0.4710777
v 0.0526605 -0.0051866 -0.0282838 0.752941 0.752941 0.752941
vn 0.8997756 -0.0886206 -0.4272590
v 0.0539782 -0.0053164 -0.0256533 0.752941 0.752941 0.752941
vn 0.9195426 -0.0905676 -0.3824121
v 0.0551658 -0.0054334 -0.0229610 0.752941 0.752941 0.752941
vn 0.9370970 -0.0922956 -0.3366465
v 0.0562206 -0.0055372 -0.0202134 0.752941 0.752941 0.752941
vn 0.9523966 -0.0938026 -0.2900720
v 0.0571399 -0.0056278 -0.0174171 0.752941 0.752941 0.752941
vn 0.9654055 -0.0950837 -0.2427989
v 0.0579216 -0.0057048 -0.0145788 0.752941 0.752941 0.752941
vn 0.9760913 -0.0961362 -0.1949452
v 0.0585637 -0.0057680 -0.0117054 0.752941 0.752941 0.752941
vn 0.9844298 -0.0969573 -0.1466196
v 0.0590648 -0.0058174 -0.0088038 0.752941 0.752941 0.752941
vn 0.9904000 -0.0975465 -0.0979427
v 0.0594236 -0.0058527 -0.0058810 0.752941 0.752941 0.752941
vn 0.9939877 -0.0978999 -0.0490310
v 0.0596392 -0.0058739 -0.0029441 0.752941 0.752941 0.752941
vn 0.9951847 -0.0980176 -0.0000001
v 0.0597111 -0.0058810 0.0000000 0.752941 0.752941 0.752941
vn 0.9939877 -0.0978993 0.0490313
v 0.0596392 -0.0058739 0.0029441 0.752941 0.752941 0.752941
vn 0.9904000 -0.0975465 0.0979418
v 0.0594236 -0.0058527 0.0058810 0.752941 0.752941 0.752941
vn 0.9844297 -0.0969569 0.1466203
v 0.0590648 -0.0058174 0.0088038 0.752941 0.752941 0.752941
vn 0.9760914 -0.0961355 0.1949453
v 0.0585637 -0.0057680 0.0117054 0.752941 0.752941 0.752941
vn 0.9654055 -0.0950839 0.2427989
v 0.0579216 -0.0057048 0.0145788 0.752941 0.752941 0.752941
vn 0.9523967 -0.0938027 0.2900718
v 0.0571399 -0.0056278 0.0174171 0.752941 0.752941 0.752941
vn 0.9370968 -0.0922958 0.3366469
v 0.0562206 -0.0055372 0.0202134 0.752941 0.752941 0.752941
vn 0.9195427 -0.0905676 0.3824117
v 0.0551658 -0.0054334 0.0229610 0.752941 0.752941 0.752941
vn 0.8997757 -0.0886207 0.4272588
v 0.0539782 -0.0053164 0.0256533 0.752941 0.752941 0.752941
vn 0.8778440 -0.0864602 0.4710780
v 0.0526605 -0.0051866 0.0282838 0.752941 0.752941 0.752941
vn 0.8537996 -0.0840918 0.5137654
v 0.0512159 -0.0050443 0.0308462 0.752941 0.752941 0.752941
vn 0.8277011 -0.0815211 0.5552164
v 0.0496479 -0.0048899 0.0333342 0.752941 0.752941 0.752941
vn 0.7996101 -0.0787542 0.5953331
v 0.0479604 -0.0047237 0.0357420 0.752941 0.752941 0.752941
vn 0.7695951 -0.0757983 0.6340173
v 0.0461573 -0.0045461 0.0380636 0.752941 0.752941 0.752941
vn 0.7377272 -0.0726596 0.6711774
v 0.0442430 -0.0043576 0.0402935 0.752941 0.752941 0.752941
vn 0.7040830 -0.0693457 0.7067236
v 0.0422221 -0.0041585 0.0424264 0.752941 0.752941 0.752941
vn 0.6687441 -0.0658656 0.7405695
v 0.0400995 -0.0039495 0.0444571 0.752941 0.752941 0.752941
vn 0.6317929 -0.0622259 0.7726356
v 0.0378803 -0.0037309 0.0463806 0.752941 0.752941 0.752941
vn 0.5933231 -0.0584368 0.8028405
v 0.0355698 -0.0035033 0.0481924 0.752941 0.752941 0.752941
vn 0.5534227 -0.0545071 0.8311151
v 0.0331737 -0.0032673 0.0498882 0.752941 0.752941 0.752941
vn 0.5121875 -0.0504461 0.8573909
v 0.0306976 -0.0030234 0.0514637 0.752941 0.752941 0.752941
vn 0.4697209 -0.0462634 0.8816020
v 0.0281476 -0.0027723 0.0529153 0.752941 0.752941 0.752941
vn 0.4261209 -0.0419689 0.9036922
v 0.0255298 -0.0025145 0.0542394 0.752941 0.752941 0.752941
vn 0.3814902 -0.0375737 0.9236090
v 0.0228504 -0.0022506 0.0554328 0.752941 0.752941 0.752941
vn 0.3359429 -0.0330870 0.9413011
v 0.0201161 -0.0019813 0.0564926 0.752941 0.752941 0.752941
vn 0.2895858 -0.0285211 0.9567270
v 0.0173332 -0.0017072 0.0574164 0.752941 0.752941 0.752941
vn 0.2425272 -0.0238869 0.9698505
v 0.0145086 -0.0014290 0.0582019 0.752941 0.752941 0.752941
vn 0.1948843 -0.0191945 0.9806384
v 0.0116491 -0.0011473 0.0588471 0.752941 0.752941 0.752941
vn 0.1467722 -0.0144561 0.9890648
v 0.0087614 -0.0008629 0.0593506 0.752941 0.752941 0.752941
vn 0.0983020 -0.0096820 0.9951096
v 0.0058527 -0.0005764 0.0597111 0.752941 0.752941 0.752941
vn 0.0495920 -0.0048843 0.9987576
v 0.0029299 -0.0002886 0.0599277 0.752941 0.752941 0.752941
# 4034 vertices, 0 vertices normals

f 1//1 2//2 3//3
f 4//4 2//2 5//5
f 6//6 5//5 7//7
f 8//8 7//7 9//9
f 10//10 9//9 11//11
f 12//12 11//11 13//13
f 14//14 13//13 15//15
f 16//16 15//15 17//17
f 18//18 17//17 19//19
f 20//20 19//19 21//21
f 22//22 21//21 23//23
f 24//24 23//23 25//25
f 26//26 25//25 27//27
f 28//28 27//27 29//29
f 30//30 29//29 31//31
f 32//32 31//31 33//33
f 34//34 33//33 35//35
f 36//36 35//35 37//37
f 38//38 37//37 39//39
f 40//40 39//39 41//41
f 42//42 41//41 43//43
f 44//44 43//43 45//45
f 46//46 45//45 47//47
f 48//48 47//47 49//49
f 50//50 49//49 51//51
f 52//52 51//51 53//53
f 54//54 53//53 55//55
f 56//56 55//55 57//57
f 58//58 57//57 59//59
f 60//60 59//59 61//61
f 62//62 61//61 63//63
f 64//64 63//63 65//65
f 66//66 65//65 67//67
f 68//68 67//67 69//69
f 70//70 69//69 71//71
f 72//72 71//71 73//73
f 74//74 73//73 75//75
f 76//76 75//75 77//77
f 78//78 77//77 79//79
f 80//80 79//79 81//81
f 82//82 81//81 83//83
f 84//84 83//83 85//85
f 86//86 85//85 87//87
f 88//88 87//87 89//89
f 90//90 89//89 91//91
f 92//92 91//91 93//93
f 94//94 93//93 95//95
f 96//96 95//95 97//97
f 98//98 97//97 99//99
f 100//100 99//99 101//101
f 102//102 101//101 103//103
f 104//104 103//103 105//105
f 106//106 105//105 107//107
f 108//108 107//107 109//109
f 110//110 109//109 111//111
f 112//112 111//111 113//113
f 114//114 113//113 115//115
f 116//116 115//115 117//117
f 118//118 117//117 119//119
f 120//120 119//119 121//121
f 122//122 121//121 123//123
f 124//124 123//123 125//125
f 126//126 125//125 127//127
f 128//128 126//126 127//127
f 1//1 129//129 2//2
f 5//5 129//129 130//130
f 7//7 130//130 131//131
f 9//9 131//131 132//132
f 11//11 132//132 133//133
f 13//13 133//133 134//134
f 15//15 134//134 135//135
f 17//17 135//135 136//136
f 19//19 136//136 137//137
f 21//21 137//137 138//138
f 23//23 138//138 139//139
f 25//25 139//139 140//140
f 27//27 140//140 141//141
f 29//29 141//141 142//142
f 31//31 142//142 143//143
f 33//33 143//143 144//144
f 35//35 144//144 145//145
f 37//37 145//145 146//146
f 39//39 146//146 147//147
f 41//41 147//147 148//148
f 43//43 148//148 149//149
f 45//45 149//149 150//150
f 47//47 150//150 151//151
f 49//49 151//151 152//152
f 51//51 152//152 153//153
f 53//53 153//153 154//154
f 55//55 154//154 155//155
f 57//57 155//155 156//156
f 59//59 156//156 157//157
f 61//61 157//157 158//158
f 63//63 158//158 159//159
f 65//65 159//159 160//160
f 67//67 160//160 161//161
f 69//69 161//161 162//162
f 71//71 162//162 163//163
f 73//73 163//163 164//164
f 75//75 164//164 165//165
f 77//77 165//165 166//166
f 79//79 166//166 167//167
f 81//81 167//167 168//168
f 83//83 168//168 169//169
f 85//85 169//169 170//170
f 87//87 170//170 171//171
f 89//89 171//171 172//172
f 91//91 172//172 173//173
f 93//93 173//173 174//174
f 95//95 174//174 175//175
f 97//97 175//175 176//176
f 99//99 176//176 177//177
f 101//101 177//177 178//178
f 103//103 178//178 179//179
f 105//105 179//179 180//180
f 107//107 180//180 181//181
f 109//109 181//181 182//182
f 111//111 182//182 183//183
f 113//113 183//183 184//184
f 115//115 184//184 185//185
f 117//117 185//185 186//186
f 119//119 186//186 187//187
f 121//121 187//187 188//188
f 123//123 188//188 189//189
f 125//125 189//189 190//190
f 127//127 190//190 191//191
f 128//128 127//127 191//191
f 1//1 192//192 129//129
f 130//130 192//192 193//193
f 131//131 193//193 194//194
f 132//132 194//194 195//195
f 133//133 195//195 196//196
f 134//134 196//196 197//197
f 135//135 197//197 198//198
f 136//136 198//198 199//199
f 137//137 199//199 200//200
f 138//138 200//200 201//201
f 139//139 201//201 202//202
f 140//140 202//202 203//203
f 141//141 203//203 204//204
f 142//142 204//204 205//205
f 143//143 205//205 206//206
f 144//144 206//206 207//207
f 145//145 207//207 208//208
f 146//146 208//208 209//209
f 147//147 209//209 210//210
f 148//148 210//210 211//211
f 149//149 211//211 212//212
f 150//150 212//212 213//213
f 151//151 213//213 214//214
f 152//152 214//214 215//215
f 153//153 215//215 216//216
f 154//154 216//216 217//217
f 155//155 217//217 218//218
f 156//156 218//218 219//219
f 157//157 219//219 220//220
f 158//158 220//220 221//221
f 159//159 221//221 222//222
f 160//160 222//222 223//223
f 161//161 223//223 224//224
f 162//162 224//224 225//225
f 163//163 225//225 226//226
f 164//164 226//226 227//227
f 165//165 227//227 228//228
f 166//166 228//228 229//229
f 167//167 229//229 230//230
f 168//168 230//230 231//231
f 169//169 231//231 232//232
f 170//170 232//232 233//233
f 171//171 233//233 234//234
f 172//172 234//234 235//235
f 173//173 235//235 236//236
f 174//174 236//236 237//237
f 175//175 237//237 238//238
f 176//176 238//238 239//239
f 177//177 239//239 240//240
f 178//178 240//240 241//241
f 179//179 241//241 242//242
f 180//180 242//242 243//243
f 181//181 243//243 244//244
f 182//182 244//244 245//245
f 183//183 245//245 246//246
f 184//184 246//246 247//247
f 185//185 247//247 248//248
f 186//186 248//248 249//249
f 187//187 249//249 250//250
f 188//188 250//250 251//251
f 189//189 251//251 252//252
f 190//190 252//252 253//253
f 191//191 253//253 254//254
f 128//128 191//191 254//254
f 1//1 255//255 192//192
f 193//193 255//255 256//256
f 194//194 256//256 257//257
f 195//195 257//257 258//258
f 196//196 258//258 259//259
f 197//197 259//259 260//260
f 198//198 260//260 261//261
f 199//199 261//261 262//262
f 200//200 262//262 263//263
f 201//201 263//263 264//264
f 202//202 264//264 265//265
f 203//203 265//265 266//266
f 204//204 266//266 267//267
f 205//205 267//267 268//268
f 206//206 268//268 269//269
f 207//207 269//269 270//270
f 208//208 270//270 271//271
f 209//209 271//271 272//272
f 210//210 272//272 273//273
f 211//211 273//273 274//274
f 212//212 274//274 275//275
f 213//213 275//275 276//276
f 214//214 276//276 277//277
f 215//215 277//277 278//278
f 216//216 278//278 279//279
f 217//217 279//279 280//280
f 218//218 280//280 281//281
f 219//219 281//281 282//282
f 220//220 282//282 283//283
f 221//221 283//283 284//284
f 222//222 284//284 285//285
f 223//223 285//285 286//286
f 224//224 286//286 287//287
f 225//225 287//287 288//288
f 226//226 288//288 289//289
f 227//227 289//289 290//290
f 228//228 290//290 291//291
f 229//229 291//291 292//292
f 230//230 292//292 293//293
f 231//231 293//293 294//294
f 232//232 294//294 295//295
f 233//233 295//295 296//296
f 234//234 296//296 297//297
f 235//235 297//297 298//298
f 236//236 298//298 299//299
f 237//237 299//299 300//300
f 238//238 300//300 301//301
f 239//239 301//301 302//302
f 240//240 302//302 303//303
f 241//241 303//303 304//304
f 242//242 304//304 305//305
f 243//243 305//305 306//306
f 244//244 306//306 307//307
f 245//245 307//307 308//308
f 246//246 308//308 309//309
f 247//247 309//309 310//310
f 248//248 310//310 311//311
f 249//249 311//311 312//312
f 250//250 312//312 313//313
f 251//251 313//313 314//314
f 252//252 314//314 315//315
f 253//253 315//315 316//316
f 254//254 316//316 317//317
f 128//128 254//254 317//317
f 1//1 318//318 255//255
f 256//256 318//318 319//319
f 257//257 319//319 320//320
f 258//258 320//320 321//321
f 259//259 321//321 322//322
f 260//260 322//322 323//323
f 261//261 323//323 324//324
f 262//262 324//324 325//325
f 263//263 325//325 326//326
f 264//264 326//326 327//327
f 265//265 327//327 328//328
f 266//266 328//328 329//329
f 267//267 329//329 330//330
f 268//268 330//330 331//331
f 269//269 331//331 332//332
f 270//270 332//332 333//333
f 271//271 333//333 334//334
f 272//272 334//334 335//335
f 273//273 335//335 336//336
f 274//274 336//336 337//337
f 275//275 337//337 338//338
f 276//276 338//338 339//339
f 277//277 339//339 340//340
f 278//278 340//340 341//341
f 279//279 341//341 342//342
f 280//280 342//342 343//343
f 281//281 343//343 344//344
f 282//282 344//344 345//345
f 283//283 345//345 346//346
f 284//284 346//346 347//347
f 285//285 347//347 348//348
f 286//286 348//348 349//349
f 287//287 349//349 350//350
f 288//288 350//350 351//351
f 289//289 351//351 352//352
f 290//290 352//352 353//353
f 291//291 353//353 354//354
f 292//292 354//354 355//355
f 293//293 355//355 356//356
f 294//294 356//356 357//357
f 295//295 357//357 358//358
f 296//296 358//358 359//359
f 297//297 359//359 360//360
f 298//298 360//360 361//361
f 299//299 361//361 362//362
f 300//300 362//362 363//363
f 301//301 363//363 364//364
f 302//302 364//364 365//365
f 303//303 365//365 366//366
f 304//304 366//366 367//367
f 305//305 367//367 368//368
f 306//306 368//368 369//369
f 307//307 369//369 370//370
f 308//308 370//370 371//371
f 309//309 371//371 372//372
f 310//310 372//372 373//373
f 311//311 373//373 374//374
f 312//312 374//374 375//375
f 313//313 375//375 376//376
f 314//314 376//376 377//377
f 315//315 377//377 378//378
f 316//316 378//378 379//379
f 317//317 379//379 380//380
f 128//128 317//317 380//380
f 1//1 381//381 318//318
f 319//319 381//381 382//382
f 320//320 382//382 383//383
f 321//321 383//383 384//384
f 322//322 384//384 385//385
f 323//323 385//385 386//386
f 324//324 386//386 387//387
f 325//325 387//387 388//388
f 326//326 388//388 389//389
f 327//327 389//389 390//390
f 328//328 390//390 391//391
f 329//329 391//391 392//392
f 330//330 392//392 393//393
f 331//331 393//393 394//394
f 332//332 394//394 395//395
f 333//333 395//395 396//396
f 334//334 396//396 397//397
f 335//335 397//397 398//398
f 336//336 398//398 399//399
f 337//337 399//399 400//400
f 338//338 400//400 401//401
f 339//339 401//401 402//402
f 340//340 402//402 403//403
f 341//341 403//403 404//404
f 342//342 404//404 405//405
f 343//343 405//405 406//406
f 344//344 406//406 407//407
f 345//345 407//407 408//408
f 346//346 408//408 409//409
f 347//347 409//409 410//410
f 348//348 410//410 411//411
f 349//349 411//411 412//412
f 350//350 412//412 413//413
f 351//351 413//413 414//414
f 352//352 414//414 415//415
f 353//353 415//415 416//416
f 354//354 416//416 417//417
f 355//355 417//417 418//418
f 356//356 418//418 419//419
f 357//357 419//419 420//420
f 358//358 420//420 421//421
f 359//359 421//421 422//422
f 360//360 422//422 423//423
f 361//361 423//423 424//424
f 362//362 424//424 425//425
f 363//363 425//425 426//426
f 364//364 426//426 427//427
f 365//365 427//427 428//428
f 366//366 428//428 429//429
f 367//367 429//429 430//430
f 368//368 430//430 431//431
f 369//369 431//431 432//432
f 370//370 432//432 433//433
f 371//371 433//433 434//434
f 372//372 434//434 435//435
f 373//373 435//435 436//436
f 374//374 436//436 437//437
f 375//375 437//437 438//438
f 376//376 438//438 439//439
f 377//377 439//439 440//440
f 378//378 440//440 441//441
f 379//379 441//441 442//442
f 380//380 442//442 443//443
f 128//128 380//380 443//443
f 1//1 444//444 381//381
f 382//382 444//444 445//445
f 383//383 445//445 446//446
f 384//384 446//446 447//447
f 385//385 447//447 448//448
f 386//386 448//448 449//449
f 387//387 449//449 450//450
f 388//388 450//450 451//451
f 389//389 451//451 452//452
f 390//390 452//452 453//453
f 391//391 453//453 454//454
f 392//392 454//454 455//455
f 393//393 455//455 456//456
f 394//394 456//456 457//457
f 395//395 457//457 458//458
f 396//396 458//458 459//459
f 397//397 459//459 460//460
f 398//398 460//460 461//461
f 399//399 461//461 462//462
f 400//400 462//462 463//463
f 401//401 463//463 464//464
f 402//402 464//464 465//465
f 403//403 465//465 466//466
f 404//404 466//466 467//467
f 405//405 467//467 468//468
f 406//406 468//468 469//469
f 407//407 469//469 470//470
f 408//408 470//470 471//471
f 409//409 471//471 472//472
f 410//410 472//472 473//473
f 411//411 473//473 474//474
f 412//412 474//474 475//475
f 413//413 475//475 476//476
f 414//414 476//476 477//477
f 415//415 477//477 478//478
f 416//416 478//478 479//479
f 417//417 479//479 480//480
f 418//418 480//480 481//481
f 419//419 481//481 482//482
f 420//420 482//482 483//483
f 421//421 483//483 484//484
f 422//422 484//484 485//485
f 423//423 485//485 486//486
f 424//424 486//486 487//487
f 425//425 487//487 488//488
f 426//426 488//488 489//489
f 427//427 489//489 490//490
f 428//428 490//490 491//491
f 429//429 491//491 492//492
f 430//430 492//492 493//493
f 431//431 493//493 494//494
f 432//432 494//494 495//495
f 433//433 495//495 496//496
f 434//434 496//496 497//497
f 435//435 497//497 498//498
f 436//436 498//498 499//499
f 437//437 499//499 500//500
f 438//438 500//500 501//501
f 439//439 501//501 502//502
f 440//440 502//502 503//503
f 441//441 503//503 504//504
f 442//442 504//504 505//505
f 443//443 505//505 506//506
f 128//128 443//443 506//506
f 1//1 507//507 444//444
f 445//445 507//507 508//508
f 446//446 508//508 509//509
f 447//447 509//509 510//510
f 448//448 510//510 511//511
f 449//449 511//511 512//512
f 450//450 512//512 513//513
f 451//451 513//513 514//514
f 452//452 514//514 515//515
f 453//453 515//515 516//516
f 454//454 516//516 517//517
f 455//455 517//517 518//518
f 456//456 518//518 519//519
f 457//457 519//519 520//520
f 458//458 520//520 521//521
f 459//459 521//521 522//522
f 460//460 522//522 523//523
f 461//461 523//523 524//524
f 462//462 524//524 525//525
f 463//463 525//525 526//526
f 464//464 526//526 527//527
f 465//465 527//527 528//528
f 466//466 528//528 529//529
f 467//467 529//529 530//530
f 468//468 530//530 531//531
f 469//469 531//531 532//532
f 470//470 532//532 533//533
f 471//471 533//533 534//534
f 472//472 534//534 535//535
f 473//473 535//535 536//536
f 474//474 536//536 537//537
f 475//475 537//537 538//538
f 476//476 538//538 539//539
f 477//477 539//539 540//540
f 478//478 540//540 541//541
f 479//479 541//541 542//542
f 480//480 542//542 543//543
f 481//481 543//543 544//544
f 482//482 544//544 545//545
f 483//483 545//545 546//546
f 484//484 546//546 547//547
f 485//485 547//547 548//548
f 486//486 548//548 549//549
f 487//487 549//549 550//550
f 488//488 550//550 551//551
f 489//489 551//551 552//552
f 490//490 552//552 553//553
f 491//491 553//553 554//554
f 492//492 554//554 555//555
f 493//493 555//555 556//556
f 494//494 556//556 557//557
f 495//495 557//557 558//558
f 496//496 558//558 559//559
f 497//497 559//559 560//560
f 498//498 560//560 561//561
f 499//499 561//561 562//562
f 500//500 562//562 563//563
f 501//501 563//563 564//564
f 502//502 564//564 565//565
f 503//503 565//565 566//566
f 504//504 566//566 567//567
f 505//505 567//567 568//568
f 506//506 568//568 569//569
f 128//128 506//506 569//569
f 1//1 570//570 507//507
f 508//508 570//570 571//571
f 509//509 571//571 572//572
f 510//510 572//572 573//573
f 511//511 573//573 574//574
f 512//512 574//574 575//575
f 513//513 575//575 576//576
f 514//514 576//576 577//577
f 515//515 577//577 578//578
f 516//516 578//578 579//579
f 517//517 579//579 580//580
f 518//518 580//580 581//581
f 519//519 581//581 582//582
f 520//520 582//582 583//583
f 521//521 583//583 584//584
f 522//522 584//584 585//585
f 523//523 585//585 586//586
f 524//524 586//586 587//587
f 525//525 587//587 588//588
f 526//526 588//588 589//589
f 527//527 589//589 590//590
f 528//528 590//590 591//591
f 529//529 591//591 592//592
f 530//530 592//592 593//593
f 531//531 593//593 594//594
f 532//532 594//594 595//595
f 533//533 595//595 596//596
f 534//534 596//596 597//597
f 535//535 597//597 598//598
f 536//536 598//598 599//599
f 537//537 599//599 600//600
f 538//538 600//600 601//601
f 539//539 601//601 602//602
f 540//540 602//602 603//603
f 541//541 603//603 604//604
f 542//542 604//604 605//605
f 543//543 605//605 606//606
f 544//544 606//606 607//607
f 545//545 607//607 608//608
f 546//546 608//608 609//609
f 547//547 609//609 610//610
f 548//548 610//610 611//611
f 549//549 611//611 612//612
f 550//550 612//612 613//613
f 551//551 613//613 614//614
f 552//552 614//614 615//615
f 553//553 615//615 616//616
f 554//554 616//616 617//617
f 555//555 617//617 618//618
f 556//556 618//618 619//619
f 557//557 619//619 620//620
f 558//558 620//620 621//621
f 559//559 621//621 622//622
f 560//560 622//622 623//623
f 561//561 623//623 624//624
f 562//562 624//624 625//625
f 563//563 625//625 626//626
f 564//564 626//626 627//627
f 565//565 627//627 628//628
f 566//566 628//628 629//629
f 567//567 629//629 630//630
f 568//568 630//630 631//631
f 569//569 631//631 632//632
f 128//128 569//569 632//632
f 1//1 633//633 570//570
f 571//571 633//633 634//634
f 572//572 634//634 635//635
f 573//573 635//635 636//636
f 574//574 636//636 637//637
f 575//575 637//637 638//638
f 576//576 638//638 639//639
f 577//577 639//639 640//640
f 578//578 640//640 641//641
f 579//579 641//641 642//642
f 580//580 642//642 643//643
f 581//581 643//643 644//644
f 582//582 644//644 645//645
f 583//583 645//645 646//646
f 584//584 646//646 647//647
f 585//585 647//647 648//648
f 586//586 648//648 649//649
f 587//587 649//649 650//650
f 588//588 650//650 651//651
f 589//589 651//651 652//652
f 590//590 652//652 653//653
f 591//591 653//653 654//654
f 592//592 654//654 655//655
f 593//593 655//655 656//656
f 594//594 656//656 657//657
f 595//595 657//657 658//658
f 596//596 658//658 659//659
f 597//597 659//659 660//660
f 598//598 660//660 661//661
f 599//599 661//661 662//662
f 600//600 662//662 663//663
f 601//601 663//663 664//664
f 602//602 664//664 665//665
f 603//603 665//665 666//666
f 604//604 666//666 667//667
f 605//605 667//667 668//668
f 606//606 668//668 669//669
f 607//607 669//669 670//670
f 608//608 670//670 671//671
f 609//609 671//671 672//672
f 610//610 672//672 673//673
f 611//611 673//673 674//674
f 612//612 674//674 675//675
f 613//613 675//675 676//676
f 614//614 676//676 677//677
f 615//615 677//677 678//678
f 616//616 678//678 679//679
f 617//617 679//679 680//680
f 618//618 680//680 681//681
f 619//619 681//681 682//682
f 620//620 682//682 683//683
f 621//621 683//683 684//684
f 622//622 684//684 685//685
f 623//623 685//685 686//686
f 624//624 686//686 687//687
f 625//625 687//687 688//688
f 626//626 688//688 689//689
f 627//627 689//689 690//690
f 628//628 690//690 691//691
f 629//629 691//691 692//692
f 630//630 692//692 693//693
f 631//631 693//693 694//694
f 632//632 694//694 695//695
f 128//128 632//632 695//695
f 1//1 696//696 633//633
f 634//634 696//696 697//697
f 635//635 697//697 698//698
f 636//636 698//698 699//699
f 637//637 699//699 700//700
f 638//638 700//700 701//701
f 639//639 701//701 702//702
f 640//640 702//702 703//703
f 641//641 703//703 704//704
f 642//642 704//704 705//705
f 643//643 705//705 706//706
f 644//644 706//706 707//707
f 645//645 707//707 708//708
f 646//646 708//708 709//709
f 647//647 709//709 710//710
f 648//648 710//710 711//711
f 649//649 711//711 712//712
f 650//650 712//712 713//713
f 651//651 713//713 714//714
f 652//652 714//714 715//715
f 653//653 715//715 716//716
f 654//654 716//716 717//717
f 655//655 717//717 718//718
f 656//656 718//718 719//719
f 657//657 719//719 720//720
f 658//658 720//720 721//721
f 659//659 721//721 722//722
f 660//660 722//722 723//723
f 661//661 723//723 724//724
f 662//662 724//724 725//725
f 663//663 725//725 726//726
f 664//664 726//726 727//727
f 665//665 727//727 728//728
f 666//666 728//728 729//729
f 667//667 729//729 730//730
f 668//668 730//730 731//731
f 669//669 731//731 732//732
f 670//670 732//732 733//733
f 671//671 733//733 734//734
f 672//672 734//734 735//735
f 673//673 735//735 736//736
f 674//674 736//736 737//737
f 675//675 737//737 738//738
f 676//676 738//738 739//739
f 677//677 739//739 740//740
f 678//678 740//740 741//741
f 679//679 741//741 742//742
f 680//680 742//742 743//743
f 681//681 743//743 744//744
f 682//682 744//744 745//745
f 683//683 745//745 746//746
f 684//684 746//746 747//747
f 685//685 747//747 748//748
f 686//686 748//748 749//749
f 687//687 749//749 750//750
f 688//688 750//750 751//751
f 689//689 751//751 752//752
f 690//690 752//752 753//753
f 691//691 753//753 754//754
f 692//692 754//754 755//755
f 693//693 755//755 756//756
f 694//694 756//756 757//757
f 695//695 757//757 758//758
f 128//128 695//695 758//758
f 1//1 759//759 696//696
f 697//697 759//759 760//760
f 698//698 760//760 761//761
f 699//699 761//761 762//762
f 700//700 762//762 763//763
f 701//701 763//763 764//764
f 702//702 764//764 765//765
f 703//703 765//765 766//766
f 704//704 766//766 767//767
f 705//705 767//767 768//768
f 706//706 768//768 769//769
f 707//707 769//769 770//770
f 708//708 770//770 771//771
f 709//709 771//771 772//772
f 710//710 772//772 773//773
f 711//711 773//773 774//774
f 712//712 774//774 775//775
f 713//713 775//775 776//776
f 714//714 776//776 777//777
f 715//715 777//777 778//778
f 716//716 778//778 779//779
f 717//717 779//779 780//780
f 718//718 780//780 781//781
f 719//719 781//781 782//782
f 720//720 782//782 783//783
f 721//721 783//783 784//784
f 722//722 784//784 785//785
f 723//723 785//785 786//786
f 724//724 786//786 787//787
f 725//725 787//787 788//788
f 726//726 788//788 789//789
f 727//727 789//789 790//790
f 728//728 790//790 791//791
f 729//729 791//791 792//792
f 730//730 792//792 793//793
f 731//731 793//793 794//794
f 732//732 794//794 795//795
f 733//733 795//795 796//796
f 734//734 796//796 797//797
f 735//735 797//797 798//798
f 736//736 798//798 799//799
f 737//737 799//799 800//800
f 738//738 800//800 801//801
f 739//739 801//801 802//802
f 740//740 802//802 803//803
f 741//741 803//803 804//804
f 742//742 804//804 805//805
f 743//743 805//805 806//806
f 744//744 806//806 807//807
f 745//745 807//807 808//808
f 746//746 808//808 809//809
f 747//747 809//809 810//810
f 748//748 810//810 811//811
f 749//749 811//811 812//812
f 750//750 812//812 813//813
f 751//751 813//813 814//814
f 752//752 814//814 815//815
f 753//753 815//815 816//816
f 754//754 816//816 817//817
f 755//755 817//817 818//818
f 756//756 818//818 819//819
f 757//757 819//819 820//820
f 758//758 820//820 821//821
f 128//128 758//758 821//821
f 1//1 822//822 759//759
f 760//760 822//822 823//823
f 761//761 823//823 824//824
f 762//762 824//824 825//825
f 763//763 825//825 826//826
f 764//764 826//826 827//827
f 765//765 827//827 828//828
f 766//766 828//828 829//829
f 767//767 829//829 830//830
f 768//768 830//830 831//831
f 769//769 831//831 832//832
f 770//770 832//832 833//833
f 771//771 833//833 834//834
f 772//772 834//834 835//835
f 773//773 835//835 836//836
f 774//774 836//836 837//837
f 775//775 837//837 838//838
f 776//776 838//838 839//839
f 777//777 839//839 840//840
f 778//778 840//840 841//841
f 779//779 841//841 842//842
f 780//780 842//842 843//843
f 781//781 843//843 844//844
f 782//782 844//844 845//845
f 783//783 845//845 846//846
f 784//784 846//846 847//847
f 785//785 847//847 848//848
f 786//786 848//848 849//849
f 787//787 849//849 850//850
f 788//788 850//850 851//851
f 789//789 851//851 852//852
f 790//790 852//852 853//853
f 791//791 853//853 854//854
f 792//792 854//854 855//855
f 793//793 855//855 856//856
f 794//794 856//856 857//857
f 795//795 857//857 858//858
f 796//796 858//858 859//859
f 797//797 859//859 860//860
f 798//798 860//860 861//861
f 799//799 861//861 862//862
f 800//800 862//862 863//863
f 801//801 863//863 864//864
f 802//802 864//864 865//865
f 803//803 865//865 866//866
f 804//804 866//866 867//867
f 805//805 867//867 868//868
f 806//806 868//868 869//869
f 807//807 869//869 870//870
f 808//808 870//870 871//871
f 809//809 871//871 872//872
f 810//810 872//872 873//873
f 811//811 873//873 874//874
f 812//812 874//874 875//875
f 813//813 875//875 876//876
f 814//814 876//876 877//877
f 815//815 877//877 878//878
f 816//816 878//878 879//879
f 817//817 879//879 880//880
f 818//818 880//880 881//881
f 819//819 881//881 882//882
f 820//820 882//882 883//883
f 821//821 883//883 884//884
f 128//128 821//821 884//884
f 1//1 885//885 822//822
f 823//823 885//885 886//886
f 824//824 886//886 887//887
f 825//825 887//887 888//888
f 826//826 888//888 889//889
f 827//827 889//889 890//890
f 828//828 890//890 891//891
f 829//829 891//891 892//892
f 830//830 892//892 893//893
f 831//831 893//893 894//894
f 832//832 894//894 895//895
f 833//833 895//895 896//896
f 834//834 896//896 897//897
f 835//835 897//897 898//898
f 836//836 898//898 899//899
f 837//837 899//899 900//900
f 838//838 900//900 901//901
f 839//839 901//901 902//902
f 840//840 902//902 903//903
f 841//841 903//903 904//904
f 842//842 904//904 905//905
f 843//843 905//905 906//906
f 844//844 906//906 907//907
f 845//845 907//907 908//908
f 846//846 908//908 909//909
f 847//847 909//909 910//910
f 848//848 910//910 911//911
f 849//849 911//911 912//912
f 850//850 912//912 913//913
f 851//851 913//913 914//914
f 852//852 914//914 915//915
f 853//853 915//915 916//916
f 854//854 916//916 917//917
f 855//855 917//917 918//918
f 856//856 918//918 919//919
f 857//857 919//919 920//920
f 858//858 920//920 921//921
f 859//859 921//921 922//922
f 860//860 922//922 923//923
f 861//861 923//923 924//924
f 862//862 924//924 925//925
f 863//863 925//925 926//926
f 864//864 926//926 927//927
f 865//865 927//927 928//928
f 866//866 928//928 929//929
f 867//867 929//929 930//930
f 868//868 930//930 931//931
f 869//869 931//931 932//932
f 870//870 932//932 933//933
f 871//871 933//933 934//934
f 872//872 934//934 935//935
f 873//873 935//935 936//936
f 874//874 936//936 937//937
f 875//875 937//937 938//938
f 876//876 938//938 939//939
f 877//877 939//939 940//940
f 878//878 940//940 941//941
f 879//879 941//941 942//942
f 880//880 942//942 943//943
f 881//881 943//943 944//944
f 882//882 944//944 945//945
f 883//883 945//945 946//946
f 884//884 946//946 947//947
f 128//128 884//884 947//947
f 1//1 948//948 885//885
f 886//886 948//948 949//949
f 887//887 949//949 950//950
f 888//888 950//950 951//951
f 889//889 951//951 952//952
f 890//890 952//952 953//953
f 891//891 953//953 954//954
f 892//892 954//954 955//955
f 893//893 955//955 956//956
f 894//894 956//956 957//957
f 895//895 957//957 958//958
f 896//896 958//958 959//959
f 897//897 959//959 960//960
f 898//898 960//960 961//961
f 899//899 961//961 962//962
f 900//900 962//962 963//963
f 901//901 963//963 964//964
f 902//902 964//964 965//965
f 903//903 965//965 966//966
f 904//904 966//966 967//967
f 905//905 967//967 968//968
f 906//906 968//968 969//969
f 907//907 969//969 970//970
f 908//908 970//970 971//971
f 909//909 971//971 972//972
f 910//910 972//972 973//973
f 911//911 973//973 974//974
f 912//912 974//974 975//975
f 913//913 975//975 976//976
f 914//914 976//976 977//977
f 915//915 977//977 978//978
f 916//916 978//978 979//979
f 917//917 979//979 980//980
f 918//918 980//980 981//981
f 919//919 981//981 982//982
f 920//920 982//982 983//983
f 921//921 983//983 984//984
f 922//922 984//984 985//985
f 923//923 985//985 986//986
f 924//924 986//986 987//987
f 925//925 987//987 988//988
f 926//926 988//988 989//989
f 927//927 989//989 990//990
f 928//928 990//990 991//991
f 929//929 991//991 992//992
f 930//930 992//992 993//993
f 931//931 993//993 994//994
f 932//932 994//994 995//995
f 933//933 995//995 996//996
f 934//934 996//996 997//997
f 935//935 997//997 998//998
f 936//936 998//998 999//999
f 937//937 999//999 1000//1000
f 938//938 1000//1000 1001//1001
f 939//939 1001//1001 1002//1002
f 940//940 1002//1002 1003//1003
f 941//941 1003//1003 1004//1004
f 942//942 1004//1004 1005//1005
f 943//943 1005//1005 1006//1006
f 944//944 1006//1006 1007//1007
f 945//945 1007//1007 1008//1008
f 946//946 1008//1008 1009//1009
f 947//947 1009//1009 1010//1010
f 128//128 947//947 1010//1010
f 1//1 1011//1011 948//948
f 949//949 1011//1011 1012//1012
f 950//950 1012//1012 1013//1013
f 951//951 1013//1013 1014//1014
f 952//952 1014//1014 1015//1015
f 953//953 1015//1015 1016//1016
f 954//954 1016//1016 1017//1017
f 955//955 1017//1017 1018//1018
f 956//956 1018//1018 1019//1019
f 957//957 1019//1019 1020//1020
f 958//958 1020//1020 1021//1021
f 959//959 1021//1021 1022//1022
f 960//960 1022//1022 1023//1023
f 961//961 1023//1023 1024//1024
f 962//962 1024//1024 1025//1025
f 963//963 1025//1025 1026//1026
f 964//964 1026//1026 1027//1027
f 965//965 1027//1027 1028//1028
f 966//966 1028//1028 1029//1029
f 967//967 1029//1029 1030//1030
f 968//968 1030//1030 1031//1031
f 969//969 1031//1031 1032//1032
f 970//970 1032//1032 1033//1033
f 971//971 1033//1033 1034//1034
f 972//972 1034//1034 1035//1035
f 973//973 1035//1035 1036//1036
f 974//974 1036//1036 1037//1037
f 975//975 1037//1037 1038//1038
f 976//976 1038//1038 1039//1039
f 977//977 1039//1039 1040//1040
f 978//978 1040//1040 1041//1041
f 979//979 1041//1041 1042//1042
f 980//980 1042//1042 1043//1043
f 981//981 1043//1043 1044//1044
f 982//982 1044//1044 1045//1045
f 983//983 1045//1045 1046//1046
f 984//984 1046//1046 1047//1047
f 985//985 1047//1047 1048//1048
f 986//986 1048//1048 1049//1049
f 987//987 1049//1049 1050//1050
f 988//988 1050//1050 1051//1051
f 989//989 1051//1051 1052//1052
f 990//990 1052//1052 1053//1053
f 991//991 1053//1053 1054//1054
f 992//992 1054//1054 1055//1055
f 993//993 1055//1055 1056//1056
f 994//994 1056//1056 1057//1057
f 995//995 1057//1057 1058//1058
f 996//996 1058//1058 1059//1059
f 997//997 1059//1059 1060//1060
f 998//998 1060//1060 1061//1061
f 999//999 1061//1061 1062//1062
f 1000//1000 1062//1062 1063//1063
f 1001//1001 1063//1063 1064//1064
f 1002//1002 1064//1064 1065//1065
f 1003//1003 1065//1065 1066//1066
f 1004//1004 1066//1066 1067//1067
f 1005//1005 1067//1067 1068//1068
f 1006//1006 1068//1068 1069//1069
f 1007//1007 1069//1069 1070//1070
f 1008//1008 1070//1070 1071//1071
f 1009//1009 1071//1071 1072//1072
f 1010//1010 1072//1072 1073//1073
f 128//128 1010//1010 1073//1073
f 1//1 1074//1074 1011//1011
f 1012//1012 1074//1074 1075//1075
f 1013//1013 1075//1075 1076//1076
f 1014//1014 1076//1076 1077//1077
f 1015//1015 1077//1077 1078//1078
f 1016//1016 1078//1078 1079//1079
f 1017//1017 1079//1079 1080//1080
f 1018//1018 1080//1080 1081//1081
f 1019//1019 1081//1081 1082//1082
f 1020//1020 1082//1082 1083//1083
f 1021//1021 1083//1083 1084//1084
f 1022//1022 1084//1084 1085//1085
f 1023//1023 1085//1085 1086//1086
f 1024//1024 1086//1086 1087//1087
f 1025//1025 1087//1087 1088//1088
f 1026//1026 1088//1088 1089//1089
f 1027//1027 1089//1089 1090//1090
f 1028//1028 1090//1090 1091//1091
f 1029//1029 1091//1091 1092//1092
f 1030//1030 1092//1092 1093//1093
f 1031//1031 1093//1093 1094//1094
f 1032//1032 1094//1094 1095//1095
f 1033//1033 1095//1095 1096//1096
f 1034//1034 1096//1096 1097//1097
f 1035//1035 1097//1097 1098//1098
f 1036//1036 1098//1098 1099//1099
f 1037//1037 1099//1099 1100//1100
f 1038//1038 1100//1100 1101//1101
f 1039//1039 1101//1101 1102//1102
f 1040//1040 1102//1102 1103//1103
f 1041//1041 1103//1103 1104//1104
f 1042//1042 1104//1104 1105//1105
f 1043//1043 1105//1105 1106//1106
f 1044//1044 1106//1106 1107//1107
f 1045//1045 1107//1107 1108//1108
f 1046//1046 1108//1108 1109//1109
f 1047//1047 1109//1109 1110//1110
f 1048//1048 1110//1110 1111//1111
f 1049//1049 1111//1111 1112//1112
f 1050//1050 1112//1112 1113//1113
f 1051//1051 1113//1113 1114//1114
f 1052//1052 1114//1114 1115//1115
f 1053//1053 1115//1115 1116//1116
f 1054//1054 1116//1116 1117//1117
f 1055//1055 1117//1117 1118//1118
f 1056//1056 1118//1118 1119//1119
f 1057//1057 1119//1119 1120//1120
f 1058//1058 1120//1120 1121//1121
f 1059//1059 1121//1121 1122//1122
f 1060//1060 1122//1122 1123//1123
f 1061//1061 1123//1123 1124//1124
f 1062//1062 1124//1124 1125//1125
f 1063//1063 1125//1125 1126//1126
f 1064//1064 1126//1126 1127//1127
f 1065//1065 1127//1127 1128//1128
f 1066//1066 1128//1128 1129//1129
f 1067//1067 1129//1129 1130//1130
f 1068//1068 1130//1130 1131//1131
f 1069//1069 1131//1131 1132//1132
f 1070//1070 1132//1132 1133//1133
f 1071//1071 1133//1133 1134//1134
f 1072//1072 1134//1134 1135//1135
f 1073//1073 1135//1135 1136//1136
f 128//128 1073//1073 1136//1136
f 1//1 1137//1137 1074//1074
f 1075//1075 1137//1137 1138//1138
f 1076//1076 1138//1138 1139//1139
f 1077//1077 1139//1139 1140//1140
f 1078//1078 1140//1140 1141//1141
f 1079//1079 1141//1141 1142//1142
f 1080//1080 1142//1142 1143//1143
f 1081//1081 1143//1143 1144//1144
f 1082//1082 1144//1144 1145//1145
f 1083//1083 1145//1145 1146//1146
f 1084//1084 1146//1146 1147//1147
f 1085//1085 1147//1147 1148//1148
f 1086//1086 1148//1148 1149//1149
f 1087//1087 1149//1149 1150//1150
f 1088//1088 1150//1150 1151//1151
f 1089//1089 1151//1151 1152//1152
f 1090//1090 1152//1152 1153//1153
f 1091//1091 1153//1153 1154//1154
f 1092//1092 1154//1154 1155//1155
f 1093//1093 1155//1155 1156//1156
f 1094//1094 1156//1156 1157//1157
f 1095//1095 1157//1157 1158//1158
f 1096//1096 1158//1158 1159//1159
f 1097//1097 1159//1159 1160//1160
f 1098//1098 1160//1160 1161//1161
f 1099//1099 1161//1161 1162//1162
f 1100//1100 1162//1162 1163//1163
f 1101//1101 1163//1163 1164//1164
f 1102//1102 1164//1164 1165//1165
f 1103//1103 1165//1165 1166//1166
f 1104//1104 1166//1166 1167//1167
f 1105//1105 1167//1167 1168//1168
f 1106//1106 1168//1168 1169//1169
f 1107//1107 1169//1169 1170//1170
f 1108//1108 1170//1170 1171//1171
f 1109//1109 1171//1171 1172//1172
f 1110//1110 1172//1172 1173//1173
f 1111//1111 1173//1173 1174//1174
f 1112//1112 1174//1174 1175//1175
f 1113//1113 1175//1175 1176//1176
f 1114//1114 1176//1176 1177//1177
f 1115//1115 1177//1177 1178//1178
f 1116//1116 1178//1178 1179//1179
f 1117//1117 1179//1179 1180//1180
f 1118//1118 1180//1180 1181//1181
f 1119//1119 1181//1181 1182//1182
f 1120//1120 1182//1182 1183//1183
f 1121//1121 1183//1183 1184//1184
f 1122//1122 1184//1184 1185//1185
f 1123//1123 1185//1185 1186//1186
f 1124//1124 1186//1186 1187//1187
f 1125//1125 1187//1187 1188//1188
f 1126//1126 1188//1188 1189//1189
f 1127//1127 1189//1189 1190//1190
f 1128//1128 1190//1190 1191//1191
f 1129//1129 1191//1191 1192//1192
f 1130//1130 1192//1192 1193//1193
f 1131//1131 1193//1193 1194//1194
f 1132//1132 1194//1194 1195//1195
f 1133//1133 1195//1195 1196//1196
f 1134//1134 1196//1196 1197//1197
f 1135//1135 1197//1197 1198//1198
f 1136//1136 1198//1198 1199//1199
f 128//128 1136//1136 1199//1199
f 1//1 1200//1200 1137//1137
f 1138//1138 1200//1200 1201//1201
f 1139//1139 1201//1201 1202//1202
f 1140//1140 1202//1202 1203//1203
f 1141//1141 1203//1203 1204//1204
f 1142//1142 1204//1204 1205//1205
f 1143//1143 1205//1205 1206//1206
f 1144//1144 1206//1206 1207//1207
f 1145//1145 1207//1207 1208//1208
f 1146//1146 1208//1208 1209//1209
f 1147//1147 1209//1209 1210//1210
f 1148//1148 1210//1210 1211//1211
f 1149//1149 1211//1211 1212//1212
f 1150//1150 1212//1212 1213//1213
f 1151//1151 1213//1213 1214//1214
f 1152//1152 1214//1214 1215//1215
f 1153//1153 1215//1215 1216//1216
f 1154//1154 1216//1216 1217//1217
f 1155//1155 1217//1217 1218//1218
f 1156//1156 1218//1218 1219//1219
f 1157//1157 1219//1219 1220//1220
f 1158//1158 1220//1220 1221//1221
f 1159//1159 1221//1221 1222//1222
f 1160//1160 1222//1222 1223//1223
f 1161//1161 1223//1223 1224//1224
f 1162//1162 1224//1224 1225//1225
f 1163//1163 1225//1225 1226//1226
f 1164//1164 1226//1226 1227//1227
f 1165//1165 1227//1227 1228//1228
f 1166//1166 1228//1228 1229//1229
f 1167//1167 1229//1229 1230//1230
f 1168//1168 1230//1230 1231//1231
f 1169//1169 1231//1231 1232//1232
f 1170//1170 1232//1232 1233//1233
f 1171//1171 1233//1233 1234//1234
f 1172//1172 1234//1234 1235//1235
f 1173//1173 1235//1235 1236//1236
f 1174//1174 1236//1236 1237//1237
f 1175//1175 1237//1237 1238//1238
f 1176//1176 1238//1238 1239//1239
f 1177//1177 1239//1239 1240//1240
f 1178//1178 1240//1240 1241//1241
f 1179//1179 1241//1241 1242//1242
f 1180//1180 1242//1242 1243//1243
f 1181//1181 1243//1243 1244//1244
f 1182//1182 1244//1244 1245//1245
f 1183//1183 1245//1245 1246//1246
f 1184//1184 1246//1246 1247//1247
f 1185//1185 1247//1247 1248//1248
f 1186//1186 1248//1248 1249//1249
f 1187//1187 1249//1249 1250//1250
f 1188//1188 1250//1250 1251//1251
f 1189//1189 1251//1251 1252//1252
f 1190//1190 1252//1252 1253//1253
f 1191//1191 1253//1253 1254//1254
f 1192//1192 1254//1254 1255//1255
f 1193//1193 1255//1255 1256//1256
f 1194//1194 1256//1256 1257//1257
f 1195//1195 1257//1257 1258//1258
f 1196//1196 1258//1258 1259//1259
f 1197//1197 1259//1259 1260//1260
f 1198//1198 1260//1260 1261//1261
f 1199//1199 1261//1261 1262//1262
f 128//128 1199//1199 1262//1262
f 1//1 1263//1263 1200//1200
f 1201//1201 1263//1263 1264//1264
f 1202//1202 1264//1264 1265//1265
f 1203//1203 1265//1265 1266//1266
f 1204//1204 1266//1266 1267//1267
f 1205//1205 1267//1267 1268//1268
f 1206//1206 1268//1268 1269//1269
f 1207//1207 1269//1269 1270//1270
f 1208//1208 1270//1270 1271//1271
f 1209//1209 1271//1271 1272//1272
f 1210//1210 1272//1272 1273//1273
f 1211//1211 1273//1273 1274//1274
f 1212//1212 1274//1274 1275//1275
f 1213//1213 1275//1275 1276//1276
f 1214//1214 1276//1276 1277//1277
f 1215//1215 1277//1277 1278//1278
f 1216//1216 1278//1278 1279//1279
f 1217//1217 1279//1279 1280//1280
f 1218//1218 1280//1280 1281//1281
f 1219//1219 1281//1281 1282//1282
f 1220//1220 1282//1282 1283//1283
f 1221//1221 1283//1283 1284//1284
f 1222//1222 1284//1284 1285//1285
f 1223//1223 1285//1285 1286//1286
f 1224//1224 1286//1286 1287//1287
f 1225//1225 1287//1287 1288//1288
f 1226//1226 1288//1288 1289//1289
f 1227//1227 1289//1289 1290//1290
f 1228//1228 1290//1290 1291//1291
f 1229//1229 1291//1291 1292//1292
f 1230//1230 1292//1292 1293//1293
f 1231//1231 1293//1293 1294//1294
f 1232//1232 1294//1294 1295//1295
f 1233//1233 1295//1295 1296//1296
f 1234//1234 1296//1296 1297//1297
f 1235//1235 1297//1297 1298//1298
f 1236//1236 1298//1298 1299//1299
f 1237//1237 1299//1299 1300//1300
f 1238//1238 1300//1300 1301//1301
f 1239//1239 1301//1301 1302//1302
f 1240//1240 1302//1302 1303//1303
f 1241//1241 1303//1303 1304//1304
f 1242//1242 1304//1304 1305//1305
f 1243//1243 1305//1305 1306//1306
f 1244//1244 1306//1306 1307//1307
f 1245//1245 1307//1307 1308//1308
f 1246//1246 1308//1308 1309//1309
f 1247//1247 1309//1309 1310//1310
f 1248//1248 1310//1310 1311//1311
f 1249//1249 1311//1311 1312//1312
f 1250//1250 1312//1312 1313//1313
f 1251//1251 1313//1313 1314//1314
f 1252//1252 1314//1314 1315//1315
f 1253//1253 1315//1315 1316//1316
f 1254//1254 1316//1316 1317//1317
f 1255//1255 1317//1317 1318//1318
f 1256//1256 1318//1318 1319//1319
f 1257//1257 1319//1319 1320//1320
f 1258//1258 1320//1320 1321//1321
f 1259//1259 1321//1321 1322//1322
f 1260//1260 1322//1322 1323//1323
f 1261//1261 1323//1323 1324//1324
f 1262//1262 1324//1324 1325//1325
f 128//128 1262//1262 1325//1325
f 1//1 1326//1326 1263//1263
f 1264//1264 1326//1326 1327//1327
f 1265//1265 1327//1327 1328//1328
f 1266//1266 1328//1328 1329//1329
f 1267//1267 1329//1329 1330//1330
f 1268//1268 1330//1330 1331//1331
f 1269//1269 1331//1331 1332//1332
f 1270//1270 1332//1332 1333//1333
f 1271//1271 1333//1333 1334//1334
f 1272//1272 1334//1334 1335//1335
f 1273//1273 1335//1335 1336//1336
f 1274//1274 1336//1336 1337//1337
f 1275//1275 1337//1337 1338//1338
f 1276//1276 1338//1338 1339//1339
f 1277//1277 1339//1339 1340//1340
f 1278//1278 1340//1340 1341//1341
f 1279//1279 1341//1341 1342//1342
f 1280//1280 1342//1342 1343//1343
f 1281//1281 1343//1343 1344//1344
f 1282//1282 1344//1344 1345//1345
f 1283//1283 1345//1345 1346//1346
f 1284//1284 1346//1346 1347//1347
f 1285//1285 1347//1347 1348//1348
f 1286//1286 1348//1348 1349//1349
f 1287//1287 1349//1349 1350//1350
f 1288//1288 1350//1350 1351//1351
f 1289//1289 1351//1351 1352//1352
f 1290//1290 1352//1352 1353//1353
f 1291//1291 1353//1353 1354//1354
f 1292//1292 1354//1354 1355//1355
f 1293//1293 1355//1355 1356//1356
f 1294//1294 1356//1356 1357//1357
f 1295//1295 1357//1357 1358//1358
f 1296//1296 1358//1358 1359//1359
f 1297//1297 1359//1359 1360//1360
f 1298//1298 1360//1360 1361//1361
f 1299//1299 1361//1361 1362//1362
f 1300//1300 1362//1362 1363//1363
f 1301//1301 1363//1363 1364//1364
f 1302//1302 1364//1364 1365//1365
f 1303//1303 1365//1365 1366//1366
f 1304//1304 1366//1366 1367//1367
f 1305//1305 1367//1367 1368//1368
f 1306//1306 1368//1368 1369//1369
f 1307//1307 1369//1369 1370//1370
f 1308//1308 1370//1370 1371//1371
f 1309//1309 1371//1371 1372//1372
f 1310//1310 1372//1372 1373//1373
f 1311//1311 1373//1373 1374//1374
f 1312//1312 1374//1374 1375//1375
f 1313//1313 1375//1375 1376//1376
f 1314//1314 1376//1376 1377//1377
f 1315//1315 1377//1377 1378//1378
f 1316//1316 1378//1378 1379//1379
f 1317//1317 1379//1379 1380//1380
f 1318//1318 1380//1380 1381//1381
f 1319//1319 1381//1381 1382//1382
f 1320//1320 1382//1382 1383//1383
f 1321//1321 1383//1383 1384//1384
f 1322//1322 1384//1384 1385//1385
f 1323//1323 1385//1385 1386//1386
f 1324//1324 1386//1386 1387//1387
f 1325//1325 1387//1387 1388//1388
f 128//128 1325//1325 1388//1388
f 1//1 1389//1389 1326//1326
f 1327//1327 1389//1389 1390//1390
f 1328//1328 1390//1390 1391//1391
f 1329//1329 1391//1391 1392//1392
f 1330//1330 1392//1392 1393//1393
f 1331//1331 1393//1393 1394//1394
f 1332//1332 1394//1394 1395//1395
f 1333//1333 1395//1395 1396//1396
f 1334//1334 1396//1396 1397//1397
f 1335//1335 1397//1397 1398//1398
f 1336//1336 1398//1398 1399//1399
f 1337//1337 1399//1399 1400//1400
f 1338//1338 1400//1400 1401//1401
f 1339//1339 1401//1401 1402//1402
f 1340//1340 1402//1402 1403//1403
f 1341//1341 1403//1403 1404//1404
f 1342//1342 1404//1404 1405//1405
f 1343//1343 1405//1405 1406//1406
f 1344//1344 1406//1406 1407//1407
f 1345//1345 1407//1407 1408//1408
f 1346//1346 1408//1408 1409//1409
f 1347//1347 1409//1409 1410//1410
f 1348//1348 1410//1410 1411//1411
f 1349//1349 1411//1411 1412//1412
f 1350//1350 1412//1412 1413//1413
f 1351//1351 1413//1413 1414//1414
f 1352//1352 1414//1414 1415//1415
f 1353//1353 1415//1415 1416//1416
f 1354//1354 1416//1416 1417//1417
f 1355//1355 1417//1417 1418//1418
f 1356//1356 1418//1418 1419//1419
f 1357//1357 1419//1419 1420//1420
f 1358//1358 1420//1420 1421//1421
f 1359//1359 1421//1421 1422//1422
f 1360//1360 1422//1422 1423//1423
f 1361//1361 1423//1423 1424//1424
f 1362//1362 1424//1424 1425//1425
f 1363//1363 1425//1425 1426//1426
f 1364//1364 1426//1426 1427//1427
f 1365//1365 1427//1427 1428//1428
f 1366//1366 1428//1428 1429//1429
f 1367//1367 1429//1429 1430//1430
f 1368//1368 1430//1430 1431//1431
f 1369//1369 1431//1431 1432//1432
f 1370//1370 1432//1432 1433//1433
f 1371//1371 1433//1433 1434//1434
f 1372//1372 1434//1434 1435//1435
f 1373//1373 1435//1435 1436//1436
f 1374//1374 1436//1436 1437//1437
f 1375//1375 1437//1437 1438//1438
f 1376//1376 1438//1438 1439//1439
f 1377//1377 1439//1439 1440//1440
f 1378//1378 1440//1440 1441//1441
f 1379//1379 1441//1441 1442//1442
f 1380//1380 1442//1442 1443//1443
f 1381//1381 1443//1443 1444//1444
f 1382//1382 1444//1444 1445//1445
f 1383//1383 1445//1445 1446//1446
f 1384//1384 1446//1446 1447//1447
f 1385//1385 1447//1447 1448//1448
f 1386//1386 1448//1448 1449//1449
f 1387//1387 1449//1449 1450//1450
f 1388//1388 1450//1450 1451//1451
f 128//128 1388//1388 1451//1451
f 1//1 1452//1452 1389//1389
f 1390//1390 1452//1452 1453//1453
f 1391//1391 1453//1453 1454//1454
f 1392//1392 1454//1454 1455//1455
f 1393//1393 1455//1455 1456//1456
f 1394//1394 1456//1456 1457//1457
f 1395//1395 1457//1457 1458//1458
f 1396//1396 1458//1458 1459//1459
f 1397//1397 1459//1459 1460//1460
f 1398//1398 1460//1460 1461//1461
f 1399//1399 1461//1461 1462//1462
f 1400//1400 1462//1462 1463//1463
f 1401//1401 1463//1463 1464//1464
f 1402//1402 1464//1464 1465//1465
f 1403//1403 1465//1465 1466//1466
f 1404//1404 1466//1466 1467//1467
f 1405//1405 1467//1467 1468//1468
f 1406//1406 1468//1468 1469//1469
f 1407//1407 1469//1469 1470//1470
f 1408//1408 1470//1470 1471//1471
f 1409//1409 1471//1471 1472//1472
f 1410//1410 1472//1472 1473//1473
f 1411//1411 1473//1473 1474//1474
f 1412//1412 1474//1474 1475//1475
f 1413//1413 1475//1475 1476//1476
f 1414//1414 1476//1476 1477//1477
f 1415//1415 1477//1477 1478//1478
f 1416//1416 1478//1478 1479//1479
f 1417//1417 1479//1479 1480//1480
f 1418//1418 1480//1480 1481//1481
f 1419//1419 1481//1481 1482//1482
f 1420//1420 1482//1482 1483//1483
f 1421//1421 1483//1483 1484//1484
f 1422//1422 1484//1484 1485//1485
f 1423//1423 1485//1485 1486//1486
f 1424//1424 1486//1486 1487//1487
f 1425//1425 1487//1487 1488//1488
f 1426//1426 1488//1488 1489//1489
f 1427//1427 1489//1489 1490//1490
f 1428//1428 1490//1490 1491//1491
f 1429//1429 1491//1491 1492//1492
f 1430//1430 1492//1492 1493//1493
f 1431//1431 1493//1493 1494//1494
f 1432//1432 1494//1494 1495//1495
f 1433//1433 1495//1495 1496//1496
f 1434//1434 1496//1496 1497//1497
f 1435//1435 1497//1497 1498//1498
f 1436//1436 1498//1498 1499//1499
f 1437//1437 1499//1499 1500//1500
f 1438//1438 1500//1500 1501//1501
f 1439//1439 1501//1501 1502//1502
f 1440//1440 1502//1502 1503//1503
f 1441//1441 1503//1503 1504//1504
f 1442//1442 1504//1504 1505//1505
f 1443//1443 1505//1505 1506//1506
f 1444//1444 1506//1506 1507//1507
f 1445//1445 1507//1507 1508//1508
f 1446//1446 1508//1508 1509//1509
f 1447//1447 1509//1509 1510//1510
f 1448//1448 1510//1510 1511//1511
f 1449//1449 1511//1511 1512//1512
f 1450//1450 1512//1512 1513//1513
f 1451//1451 1513//1513 1514//1514
f 128//128 1451//1451 1514//1514
f 1//1 1515//1515 1452//1452
f 1453//1453 1515//1515 1516//1516
f 1454//1454 1516//1516 1517//1517
f 1455//1455 1517//1517 1518//1518
f 1456//1456 1518//1518 1519//1519
f 1457//1457 1519//1519 1520//1520
f 1458//1458 1520//1520 1521//1521
f 1459//1459 1521//1521 1522//1522
f 1460//1460 1522//1522 1523//1523
f 1461//1461 1523//1523 1524//1524
f 1462//1462 1524//1524 1525//1525
f 1463//1463 1525//1525 1526//1526
f 1464//1464 1526//1526 1527//1527
f 1465//1465 1527//1527 1528//1528
f 1466//1466 1528//1528 1529//1529
f 1467//1467 1529//1529 1530//1530
f 1468//1468 1530//1530 1531//1531
f 1469//1469 1531//1531 1532//1532
f 1470//1470 1532//1532 1533//1533
f 1471//1471 1533//1533 1534//1534
f 1472//1472 1534//1534 1535//1535
f 1473//1473 1535//1535 1536//1536
f 1474//1474 1536//1536 1537//1537
f 1475//1475 1537//1537 1538//1538
f 1476//1476 1538//1538 1539//1539
f 1477//1477 1539//1539 1540//1540
f 1478//1478 1540//1540 1541//1541
f 1479//1479 1541//1541 1542//1542
f 1480//1480 1542//1542 1543//1543
f 1481//1481 1543//1543 1544//1544
f 1482//1482 1544//1544 1545//1545
f 1483//1483 1545//1545 1546//1546
f 1484//1484 1546//1546 1547//1547
f 1485//1485 1547//1547 1548//1548
f 1486//1486 1548//1548 1549//1549
f 1487//1487 1549//1549 1550//1550
f 1488//1488 1550//1550 1551//1551
f 1489//1489 1551//1551 1552//1552
f 1490//1490 1552//1552 1553//1553
f 1491//1491 1553//1553 1554//1554
f 1492//1492 1554//1554 1555//1555
f 1493//1493 1555//1555 1556//1556
f 1494//1494 1556//1556 1557//1557
f 1495//1495 1557//1557 1558//1558
f 1496//1496 1558//1558 1559//1559
f 1497//1497 1559//1559 1560//1560
f 1498//1498 1560//1560 1561//1561
f 1499//1499 1561//1561 1562//1562
f 1500//1500 1562//1562 1563//1563
f 1501//1501 1563//1563 1564//1564
f 1502//1502 1564//1564 1565//1565
f 1503//1503 1565//1565 1566//1566
f 1504//1504 1566//1566 1567//1567
f 1505//1505 1567//1567 1568//1568
f 1506//1506 1568//1568 1569//1569
f 1507//1507 1569//1569 1570//1570
f 1508//1508 1570//1570 1571//1571
f 1509//1509 1571//1571 1572//1572
f 1510//1510 1572//1572 1573//1573
f 1511//1511 1573//1573 1574//1574
f 1512//1512 1574//1574 1575//1575
f 1513//1513 1575//1575 1576//1576
f 1514//1514 1576//1576 1577//1577
f 128//128 1514//1514 1577//1577
f 1//1 1578//1578 1515//1515
f 1516//1516 1578//1578 1579//1579
f 1517//1517 1579//1579 1580//1580
f 1518//1518 1580//1580 1581//1581
f 1519//1519 1581//1581 1582//1582
f 1520//1520 1582//1582 1583//1583
f 1521//1521 1583//1583 1584//1584
f 1522//1522 1584//1584 1585//1585
f 1523//1523 1585//1585 1586//1586
f 1524//1524 1586//1586 1587//1587
f 1525//1525 1587//1587 1588//1588
f 1526//1526 1588//1588 1589//1589
f 1527//1527 1589//1589 1590//1590
f 1528//1528 1590//1590 1591//1591
f 1529//1529 1591//1591 1592//1592
f 1530//1530 1592//1592 1593//1593
f 1531//1531 1593//1593 1594//1594
f 1532//1532 1594//1594 1595//1595
f 1533//1533 1595//1595 1596//1596
f 1534//1534 1596//1596 1597//1597
f 1535//1535 1597//1597 1598//1598
f 1536//1536 1598//1598 1599//1599
f 1537//1537 1599//1599 1600//1600
f 1538//1538 1600//1600 1601//1601
f 1539//1539 1601//1601 1602//1602
f 1540//1540 1602//1602 1603//1603
f 1541//1541 1603//1603 1604//1604
f 1542//1542 1604//1604 1605//1605
f 1543//1543 1605//1605 1606//1606
f 1544//1544 1606//1606 1607//1607
f 1545//1545 1607//1607 1608//1608
f 1546//1546 1608//1608 1609//1609
f 1547//1547 1609//1609 1610//1610
f 1548//1548 1610//1610 1611//1611
f 1549//1549 1611//1611 1612//1612
f 1550//1550 1612//1612 1613//1613
f 1551//1551 1613//1613 1614//1614
f 1552//1552 1614//1614 1615//1615
f 1553//1553 1615//1615 1616//1616
f 1554//1554 1616//1616 1617//1617
f 1555//1555 1617//1617 1618//1618
f 1556//1556 1618//1618 1619//1619
f 1557//1557 1619//1619 1620//1620
f 1558//1558 1620//1620 1621//1621
f 1559//1559 1621//1621 1622//1622
f 1560//1560 1622//1622 1623//1623
f 1561//1561 1623//1623 1624//1624
f 1562//1562 1624//1624 1625//1625
f 1563//1563 1625//1625 1626//1626
f 1564//1564 1626//1626 1627//1627
f 1565//1565 1627//1627 1628//1628
f 1566//1566 1628//1628 1629//1629
f 1567//1567 1629//1629 1630//1630
f 1568//1568 1630//1630 1631//1631
f 1569//1569 1631//1631 1632//1632
f 1570//1570 1632//1632 1633//1633
f 1571//1571 1633//1633 1634//1634
f 1572//1572 1634//1634 1635//1635
f 1573//1573 1635//1635 1636//1636
f 1574//1574 1636//1636 1637//1637
f 1575//1575 1637//1637 1638//1638
f 1576//1576 1638//1638 1639//1639
f 1577//1577 1639//1639 1640//1640
f 128//128 1577//1577 1640//1640
f 1//1 1641//1641 1578//1578
f 1579//1579 1641//1641 1642//1642
f 1580//1580 1642//1642 1643//1643
f 1581//1581 1643//1643 1644//1644
f 1582//1582 1644//1644 1645//1645
f 1583//1583 1645//1645 1646//1646
f 1584//1584 1646//1646 1647//1647
f 1585//1585 1647//1647 1648//1648
f 1586//1586 1648//1648 1649//1649
f 1587//1587 1649//1649 1650//1650
f 1588//1588 1650//1650 1651//1651
f 1589//1589 1651//1651 1652//1652
f 1590//1590 1652//1652 1653//1653
f 1591//1591 1653//1653 1654//1654
f 1592//1592 1654//1654 1655//1655
f 1593//1593 1655//1655 1656//1656
f 1594//1594 1656//1656 1657//1657
f 1595//1595 1657//1657 1658//1658
f 1596//1596 1658//1658 1659//1659
f 1597//1597 1659//1659 1660//1660
f 1598//1598 1660//1660 1661//1661
f 1599//1599 1661//1661 1662//1662
f 1600//1600 1662//1662 1663//1663
f 1601//1601 1663//1663 1664//1664
f 1602//1602 1664//1664 1665//1665
f 1603//1603 1665//1665 1666//1666
f 1604//1604 1666//1666 1667//1667
f 1605//1605 1667//1667 1668//1668
f 1606//1606 1668//1668 1669//1669
f 1607//1607 1669//1669 1670//1670
f 1608//1608 1670//1670 1671//1671
f 1609//1609 1671//1671 1672//1672
f 1610//1610 1672//1672 1673//1673
f 1611//1611 1673//1673 1674//1674
f 1612//1612 1674//1674 1675//1675
f 1613//1613 1675//1675 1676//1676
f 1614//1614 1676//1676 1677//1677
f 1615//1615 1677//1677 1678//1678
f 1616//1616 1678//1678 1679//1679
f 1617//1617 1679//1679 1680//1680
f 1618//1618 1680//1680 1681//1681
f 1619//1619 1681//1681 1682//1682
f 1620//1620 1682//1682 1683//1683
f 1621//1621 1683//1683 1684//1684
f 1622//1622 1684//1684 1685//1685
f 1623//1623 1685//1685 1686//1686
f 1624//1624 1686//1686 1687//1687
f 1625//1625 1687//1687 1688//1688
f 1626//1626 1688//1688 1689//1689
f 1627//1627 1689//1689 1690//1690
f 1628//1628 1690//1690 1691//1691
f 1629//1629 1691//1691 1692//1692
f 1630//1630 1692//1692 1693//1693
f 1631//1631 1693//1693 1694//1694
f 1632//1632 1694//1694 1695//1695
f 1633//1633 1695//1695 1696//1696
f 1634//1634 1696//1696 1697//1697
f 1635//1635 1697//1697 1698//1698
f 1636//1636 1698//1698 1699//1699
f 1637//1637 1699//1699 1700//1700
f 1638//1638 1700//1700 1701//1701
f 1639//1639 1701//1701 1702//1702
f 1640//1640 1702//1702 1703//1703
f 128//128 1640//1640 1703//1703
f 1//1 1704//1704 1641//1641
f 1642//1642 1704//1704 1705//1705
f 1643//1643 1705//1705 1706//1706
f 1644//1644 1706//1706 1707//1707
f 1645//1645 1707//1707 1708//1708
f 1646//1646 1708//1708 1709//1709
f 1647//1647 1709//1709 1710//1710
f 1648//1648 1710//1710 1711//1711
f 1649//1649 1711//1711 1712//1712
f 1650//1650 1712//1712 1713//1713
f 1651//1651 1713//1713 1714//1714
f 1652//1652 1714//1714 1715//1715
f 1653//1653 1715//1715 1716//1716
f 1654//1654 1716//1716 1717//1717
f 1655//1655 1717//1717 1718//1718
f 1656//1656 1718//1718 1719//1719
f 1657//1657 1719//1719 1720//1720
f 1658//1658 1720//1720 1721//1721
f 1659//1659 1721//1721 1722//1722
f 1660//1660 1722//1722 1723//1723
f 1661//1661 1723//1723 1724//1724
f 1662//1662 1724//1724 1725//1725
f 1663//1663 1725//1725 1726//1726
f 1664//1664 1726//1726 1727//1727
f 1665//1665 1727//1727 1728//1728
f 1666//1666 1728//1728 1729//1729
f 1667//1667 1729//1729 1730//1730
f 1668//1668 1730//1730 1731//1731
f 1669//1669 1731//1731 1732//1732
f 1670//1670 1732//1732 1733//1733
f 1671//1671 1733//1733 1734//1734
f 1672//1672 1734//1734 1735//1735
f 1673//1673 1735//1735 1736//1736
f 1674//1674 1736//1736 1737//1737
f 1675//1675 1737//1737 1738//1738
f 1676//1676 1738//1738 1739//1739
f 1677//1677 1739//1739 1740//1740
f 1678//1678 1740//1740 1741//1741
f 1679//1679 1741//1741 1742//1742
f 1680//1680 1742//1742 1743//1743
f 1681//1681 1743//1743 1744//1744
f 1682//1682 1744//1744 1745//1745
f 1683//1683 1745//1745 1746//1746
f 1684//1684 1746//1746 1747//1747
f 1685//1685 1747//1747 1748//1748
f 1686//1686 1748//1748 1749//1749
f 1687//1687 1749//1749 1750//1750
f 1688//1688 1750//1750 1751//1751
f 1689//1689 1751//1751 1752//1752
f 1690//1690 1752//1752 1753//1753
f 1691//1691 1753//1753 1754//1754
f 1692//1692 1754//1754 1755//1755
f 1693//1693 1755//1755 1756//1756
f 1694//1694 1756//1756 1757//1757
f 1695//1695 1757//1757 1758//1758
f 1696//1696 1758//1758 1759//1759
f 1697//1697 1759//1759 1760//1760
f 1698//1698 1760//1760 1761//1761
f 1699//1699 1761//1761 1762//1762
f 1700//1700 1762//1762 1763//1763
f 1701//1701 1763//1763 1764//1764
f 1702//1702 1764//1764 1765//1765
f 1703//1703 1765//1765 1766//1766
f 128//128 1703//1703 1766//1766
f 1//1 1767//1767 1704//1704
f 1705//1705 1767//1767 1768//1768
f 1706//1706 1768//1768 1769//1769
f 1707//1707 1769//1769 1770//1770
f 1708//1708 1770//1770 1771//1771
f 1709//1709 1771//1771 1772//1772
f 1710//1710 1772//1772 1773//1773
f 1711//1711 1773//1773 1774//1774
f 1712//1712 1774//1774 1775//1775
f 1713//1713 1775//1775 1776//1776
f 1714//1714 1776//1776 1777//1777
f 1715//1715 1777//1777 1778//1778
f 1716//1716 1778//1778 1779//1779
f 1717//1717 1779//1779 1780//1780
f 1718//1718 1780//1780 1781//1781
f 1719//1719 1781//1781 1782//1782
f 1720//1720 1782//1782 1783//1783
f 1721//1721 1783//1783 1784//1784
f 1722//1722 1784//1784 1785//1785
f 1723//1723 1785//1785 1786//1786
f 1724//1724 1786//1786 1787//1787
f 1725//1725 1787//1787 1788//1788
f 1726//1726 1788//1788 1789//1789
f 1727//1727 1789//1789 1790//1790
f 1728//1728 1790//1790 1791//1791
f 1729//1729 1791//1791 1792//1792
f 1730//1730 1792//1792 1793//1793
f 1731//1731 1793//1793 1794//1794
f 1732//1732 1794//1794 1795//1795
f 1733//1733 1795//1795 1796//1796
f 1734//1734 1796//1796 1797//1797
f 1735//1735 1797//1797 1798//1798
f 1736//1736 1798//1798 1799//1799
f 1737//1737 1799//1799 1800//1800
f 1738//1738 1800//1800 1801//1801
f 1739//1739 1801//1801 1802//1802
f 1740//1740 1802//1802 1803//1803
f 1741//1741 1803//1803 1804//1804
f 1742//1742 1804//1804 1805//1805
f 1743//1743 1805//1805 1806//1806
f 1744//1744 1806//1806 1807//1807
f 1745//1745 1807//1807 1808//1808
f 1746//1746 1808//1808 1809//1809
f 1747//1747 1809//1809 1810//1810
f 1748//1748 1810//1810 1811//1811
f 1749//1749 1811//1811 1812//1812
f 1750//1750 1812//1812 1813//1813
f 1751//1751 1813//1813 1814//1814
f 1752//1752 1814//1814 1815//1815
f 1753//1753 1815//1815 1816//1816
f 1754//1754 1816//1816 1817//1817
f 1755//1755 1817//1817 1818//1818
f 1756//1756 1818//1818 1819//1819
f 1757//1757 1819//1819 1820//1820
f 1758//1758 1820//1820 1821//1821
f 1759//1759 1821//1821 1822//1822
f 1760//1760 1822//1822 1823//1823
f 1761//1761 1823//1823 1824//1824
f 1762//1762 1824//1824 1825//1825
f 1763//1763 1825//1825 1826//1826
f 1764//1764 1826//1826 1827//1827
f 1765//1765 1827//1827 1828//1828
f 1766//1766 1828//1828 1829//1829
f 128//128 1766//1766 1829//1829
f 1//1 1830//1830 1767//1767
f 1768//1768 1830//1830 1831//1831
f 1769//1769 1831//1831 1832//1832
f 1770//1770 1832//1832 1833//1833
f 1771//1771 1833//1833 1834//1834
f 1772//1772 1834//1834 1835//1835
f 1773//1773 1835//1835 1836//1836
f 1774//1774 1836//1836 1837//1837
f 1775//1775 1837//1837 1838//1838
f 1776//1776 1838//1838 1839//1839
f 1777//1777 1839//1839 1840//1840
f 1778//1778 1840//1840 1841//1841
f 1779//1779 1841//1841 1842//1842
f 1780//1780 1842//1842 1843//1843
f 1781//1781 1843//1843 1844//1844
f 1782//1782 1844//1844 1845//1845
f 1783//1783 1845//1845 1846//1846
f 1784//1784 1846//1846 1847//1847
f 1785//1785 1847//1847 1848//1848
f 1786//1786 1848//1848 1849//1849
f 1787//1787 1849//1849 1850//1850
f 1788//1788 1850//1850 1851//1851
f 1789//1789 1851//1851 1852//1852
f 1790//1790 1852//1852 1853//1853
f 1791//1791 1853//1853 1854//1854
f 1792//1792 1854//1854 1855//1855
f 1793//1793 1855//1855 1856//1856
f 1794//1794 1856//1856 1857//1857
f 1795//1795 1857//1857 1858//1858
f 1796//1796 1858//1858 1859//1859
f 1797//1797 1859//1859 1860//1860
f 1798//1798 1860//1860 1861//1861
f 1799//1799 1861//1861 1862//1862
f 1800//1800 1862//1862 1863//1863
f 1801//1801 1863//1863 1864//1864
f 1802//1802 1864//1864 1865//1865
f 1803//1803 1865//1865 1866//1866
f 1804//1804 1866//1866 1867//1867
f 1805//1805 1867//1867 1868//1868
f 1806//1806 1868//1868 1869//1869
f 1807//1807 1869//1869 1870//1870
f 1808//1808 1870//1870 1871//1871
f 1809//1809 1871//1871 1872//1872
f 1810//1810 1872//1872 1873//1873
f 1811//1811 1873//1873 1874//1874
f 1812//1812 1874//1874 1875//1875
f 1813//1813 1875//1875 1876//1876
f 1814//1814 1876//1876 1877//1877
f 1815//1815 1877//1877 1878//1878
f 1816//1816 1878//1878 1879//1879
f 1817//1817 1879//1879 1880//1880
f 1818//1818 1880//1880 1881//1881
f 1819//1819 1881//1881 1882//1882
f 1820//1820 1882//1882 1883//1883
f 1821//1821 1883//1883 1884//1884
f 1822//1822 1884//1884 1885//1885
f 1823//1823 1885//1885 1886//1886
f 1824//1824 1886//1886 1887//1887
f 1825//1825 1887//1887 1888//1888
f 1826//1826 1888//1888 1889//1889
f 1827//1827 1889//1889 1890//1890
f 1828//1828 1890//1890 1891//1891
f 1829//1829 1891//1891 1892//1892
f 128//128 1829//1829 1892//1892
f 1//1 1893//1893 1830//1830
f 1831//1831 1893//1893 1894//1894
f 1832//1832 1894//1894 1895//1895
f 1833//1833 1895//1895 1896//1896
f 1834//1834 1896//1896 1897//1897
f 1835//1835 1897//1897 1898//1898
f 1836//1836 1898//1898 1899//1899
f 1837//1837 1899//1899 1900//1900
f 1838//1838 1900//1900 1901//1901
f 1839//1839 1901//1901 1902//1902
f 1840//1840 1902//1902 1903//1903
f 1841//1841 1903//1903 1904//1904
f 1842//1842 1904//1904 1905//1905
f 1843//1843 1905//1905 1906//1906
f 1844//1844 1906//1906 1907//1907
f 1845//1845 1907//1907 1908//1908
f 1846//1846 1908//1908 1909//1909
f 1847//1847 1909//1909 1910//1910
f 1848//1848 1910//1910 1911//1911
f 1849//1849 1911//1911 1912//1912
f 1850//1850 1912//1912 1913//1913
f 1851//1851 1913//1913 1914//1914
f 1852//1852 1914//1914 1915//1915
f 1853//1853 1915//1915 1916//1916
f 1854//1854 1916//1916 1917//1917
f 1855//1855 1917//1917 1918//1918
f 1856//1856 1918//1918 1919//1919
f 1857//1857 1919//1919 1920//1920
f 1858//1858 1920//1920 1921//1921
f 1859//1859 1921//1921 1922//1922
f 1860//1860 1922//1922 1923//1923
f 1861//1861 1923//1923 1924//1924
f 1862//1862 1924//1924 1925//1925
f 1863//1863 1925//1925 1926//1926
f 1864//1864 1926//1926 1927//1927
f 1865//1865 1927//1927 1928//1928
f 1866//1866 1928//1928 1929//1929
f 1867//1867 1929//1929 1930//1930
f 1868//1868 1930//1930 1931//1931
f 1869//1869 1931//1931 1932//1932
f 1870//1870 1932//1932 1933//1933
f 1871//1871 1933//1933 1934//1934
f 1872//1872 1934//1934 1935//1935
f 1873//1873 1935//1935 1936//1936
f 1874//1874 1936//1936 1937//1937
f 1875//1875 1937//1937 1938//1938
f 1876//1876 1938//1938 1939//1939
f 1877//1877 1939//1939 1940//1940
f 1878//1878 1940//1940 1941//1941
f 1879//1879 1941//1941 1942//1942
f 1880//1880 1942//1942 1943//1943
f 1881//1881 1943//1943 1944//1944
f 1882//1882 1944//1944 1945//1945
f 1883//1883 1945//1945 1946//1946
f 1884//1884 1946//1946 1947//1947
f 1885//1885 1947//1947 1948//1948
f 1886//1886 1948//1948 1949//1949
f 1887//1887 1949//1949 1950//1950
f 1888//1888 1950//1950 1951//1951
f 1889//1889 1951//1951 1952//1952
f 1890//1890 1952//1952 1953//1953
f 1891//1891 1953//1953 1954//1954
f 1892//1892 1954//1954 1955//1955
f 128//128 1892//1892 1955//1955
f 1//1 1956//1956 1893//1893
f 1894//1894 1956//1956 1957//1957
f 1895//1895 1957//1957 1958//1958
f 1896//1896 1958//1958 1959//1959
f 1897//1897 1959//1959 1960//1960
f 1898//1898 1960//1960 1961//1961
f 1899//1899 1961//1961 1962//1962
f 1900//1900 1962//1962 1963//1963
f 1901//1901 1963//1963 1964//1964
f 1902//1902 1964//1964 1965//1965
f 1903//1903 1965//1965 1966//1966
f 1904//1904 1966//1966 1967//1967
f 1905//1905 1967//1967 1968//1968
f 1906//1906 1968//1968 1969//1969
f 1907//1907 1969//1969 1970//1970
f 1908//1908 1970//1970 1971//1971
f 1909//1909 1971//1971 1972//1972
f 1910//1910 1972//1972 1973//1973
f 1911//1911 1973//1973 1974//1974
f 1912//1912 1974//1974 1975//1975
f 1913//1913 1975//1975 1976//1976
f 1914//1914 1976//1976 1977//1977
f 1915//1915 1977//1977 1978//1978
f 1916//1916 1978//1978 1979//1979
f 1917//1917 1979//1979 1980//1980
f 1918//1918 1980//1980 1981//1981
f 1919//1919 1981//1981 1982//1982
f 1920//1920 1982//1982 1983//1983
f 1921//1921 1983//1983 1984//1984
f 1922//1922 1984//1984 1985//1985
f 1923//1923 1985//1985 1986//1986
f 1924//1924 1986//1986 1987//1987
f 1925//1925 1987//1987 1988//1988
f 1926//1926 1988//1988 1989//1989
f 1927//1927 1989//1989 1990//1990
f 1928//1928 1990//1990 1991//1991
f 1929//1929 1991//1991 1992//1992
f 1930//1930 1992//1992 1993//1993
f 1931//1931 1993//1993 1994//1994
f 1932//1932 1994//1994 1995//1995
f 1933//1933 1995//1995 1996//1996
f 1934//1934 1996//1996 1997//1997
f 1935//1935 1997//1997 1998//1998
f 1936//1936 1998//1998 1999//1999
f 1937//1937 1999//1999 2000//2000
f 1938//1938 2000//2000 2001//2001
f 1939//1939 2001//2001 2002//2002
f 1940//1940 2002//2002 2003//2003
f 1941//1941 2003//2003 2004//2004
f 1942//1942 2004//2004 2005//2005
f 1943//1943 2005//2005 2006//2006
f 1944//1944 2006//2006 2007//2007
f 1945//1945 2007//2007 2008//2008
f 1946//1946 2008//2008 2009//2009
f 1947//1947 2009//2009 2010//2010
f 1948//1948 2010//2010 2011//2011
f 1949//1949 2011//2011 2012//2012
f 1950//1950 2012//2012 2013//2013
f 1951//1951 2013//2013 2014//2014
f 1952//1952 2014//2014 2015//2015
f 1953//1953 2015//2015 2016//2016
f 1954//1954 2016//2016 2017//2017
f 1955//1955 2017//2017 2018//2018
f 128//128 1955//1955 2018//2018
f 1//1 2019//2019 1956//1956
f 1957//1957 2019//2019 2020//2020
f 1958//1958 2020//2020 2021//2021
f 1959//1959 2021//2021 2022//2022
f 1960//1960 2022//2022 2023//2023
f 1961//1961 2023//2023 2024//2024
f 1962//1962 2024//2024 2025//2025
f 1963//1963 2025//2025 2026//2026
f 1964//1964 2026//2026 2027//2027
f 1965//1965 2027//2027 2028//2028
f 1966//1966 2028//2028 2029//2029
f 1967//1967 2029//2029 2030//2030
f 1968//1968 2030//2030 2031//2031
f 1969//1969 2031//2031 2032//2032
f 1970//1970 2032//2032 2033//2033
f 1971//1971 2033//2033 2034//2034
f 1972//1972 2034//2034 2035//2035
f 1973//1973 2035//2035 2036//2036
f 1974//1974 2036//2036 2037//2037
f 1975//1975 2037//2037 2038//2038
f 1976//1976 2038//2038 2039//2039
f 1977//1977 2039//2039 2040//2040
f 1978//1978 2040//2040 2041//2041
f 1979//1979 2041//2041 2042//2042
f 1980//1980 2042//2042 2043//2043
f 1981//1981 2043//2043 2044//2044
f 1982//1982 2044//2044 2045//2045
f 1983//1983 2045//2045 2046//2046
f 1984//1984 2046//2046 2047//2047
f 1985//1985 2047//2047 2048//2048
f 1986//1986 2048//2048 2049//2049
f 1987//1987 2049//2049 2050//2050
f 1988//1988 2050//2050 2051//2051
f 1989//1989 2051//2051 2052//2052
f 1990//1990 2052//2052 2053//2053
f 1991//1991 2053//2053 2054//2054
f 1992//1992 2054//2054 2055//2055
f 1993//1993 2055//2055 2056//2056
f 1994//1994 2056//2056 2057//2057
f 1995//1995 2057//2057 2058//2058
f 1996//1996 2058//2058 2059//2059
f 1997//1997 2059//2059 2060//2060
f 1998//1998 2060//2060 2061//2061
f 1999//1999 2061//2061 2062//2062
f 2000//2000 2062//2062 2063//2063
f 2001//2001 2063//2063 2064//2064
f 2002//2002 2064//2064 2065//2065
f 2003//2003 2065//2065 2066//2066
f 2004//2004 2066//2066 2067//2067
f 2005//2005 2067//2067 2068//2068
f 2006//2006 2068//2068 2069//2069
f 2007//2007 2069//2069 2070//2070
f 2008//2008 2070//2070 2071//2071
f 2009//2009 2071//2071 2072//2072
f 2010//2010 2072//2072 2073//2073
f 2011//2011 2073//2073 2074//2074
f 2012//2012 2074//2074 2075//2075
f 2013//2013 2075//2075 2076//2076
f 2014//2014 2076//2076 2077//2077
f 2015//2015 2077//2077 2078//2078
f 2016//2016 2078//2078 2079//2079
f 2017//2017 2079//2079 2080//2080
f 2018//2018 2080//2080 2081//2081
f 128//128 2018//2018 2081//2081
f 1//1 2082//2082 2019//2019
f 2020//2020 2082//2082 2083//2083
f 2021//2021 2083//2083 2084//2084
f 2022//2022 2084//2084 2085//2085
f 2023//2023 2085//2085 2086//2086
f 2024//2024 2086//2086 2087//2087
f 2025//2025 2087//2087 2088//2088
f 2026//2026 2088//2088 2089//2089
f 2027//2027 2089//2089 2090//2090
f 2028//2028 2090//2090 2091//2091
f 2029//2029 2091//2091 2092//2092
f 2030//2030 2092//2092 2093//2093
f 2031//2031 2093//2093 2094//2094
f 2032//2032 2094//2094 2095//2095
f 2033//2033 2095//2095 2096//2096
f 2034//2034 2096//2096 2097//2097
f 2035//2035 2097//2097 2098//2098
f 2036//2036 2098//2098 2099//2099
f 2037//2037 2099//2099 2100//2100
f 2038//2038 2100//2100 2101//2101
f 2039//2039 2101//2101 2102//2102
f 2040//2040 2102//2102 2103//2103
f 2041//2041 2103//2103 2104//2104
f 2042//2042 2104//2104 2105//2105
f 2043//2043 2105//2105 2106//2106
f 2044//2044 2106//2106 2107//2107
f 2045//2045 2107//2107 2108//2108
f 2046//2046 2108//2108 2109//2109
f 2047//2047 2109//2109 2110//2110
f 2048//2048 2110//2110 2111//2111
f 2049//2049 2111//2111 2112//2112
f 2050//2050 2112//2112 2113//2113
f 2051//2051 2113//2113 2114//2114
f 2052//2052 2114//2114 2115//2115
f 2053//2053 2115//2115 2116//2116
f 2054//2054 2116//2116 2117//2117
f 2055//2055 2117//2117 2118//2118
f 2056//2056 2118//2118 2119//2119
f 2057//2057 2119//2119 2120//2120
f 2058//2058 2120//2120 2121//2121
f 2059//2059 2121//2121 2122//2122
f 2060//2060 2122//2122 2123//2123
f 2061//2061 2123//2123 2124//2124
f 2062//2062 2124//2124 2125//2125
f 2063//2063 2125//2125 2126//2126
f 2064//2064 2126//2126 2127//2127
f 2065//2065 2127//2127 2128//2128
f 2066//2066 2128//2128 2129//2129
f 2067//2067 2129//2129 2130//2130
f 2068//2068 2130//2130 2131//2131
f 2069//2069 2131//2131 2132//2132
f 2070//2070 2132//2132 2133//2133
f 2071//2071 2133//2133 2134//2134
f 2072//2072 2134//2134 2135//2135
f 2073//2073 2135//2135 2136//2136
f 2074//2074 2136//2136 2137//2137
f 2075//2075 2137//2137 2138//2138
f 2076//2076 2138//2138 2139//2139
f 2077//2077 2139//2139 2140//2140
f 2078//2078 2140//2140 2141//2141
f 2079//2079 2141//2141 2142//2142
f 2080//2080 2142//2142 2143//2143
f 2081//2081 2143//2143 2144//2144
f 128//128 2081//2081 2144//2144
f 1//1 2145//2145 2082//2082
f 2083//2083 2145//2145 2146//2146
f 2084//2084 2146//2146 2147//2147
f 2085//2085 2147//2147 2148//2148
f 2086//2086 2148//2148 2149//2149
f 2087//2087 2149//2149 2150//2150
f 2088//2088 2150//2150 2151//2151
f 2089//2089 2151//2151 2152//2152
f 2090//2090 2152//2152 2153//2153
f 2091//2091 2153//2153 2154//2154
f 2092//2092 2154//2154 2155//2155
f 2093//2093 2155//2155 2156//2156
f 2094//2094 2156//2156 2157//2157
f 2095//2095 2157//2157 2158//2158
f 2096//2096 2158//2158 2159//2159
f 2097//2097 2159//2159 2160//2160
f 2098//2098 2160//2160 2161//2161
f 2099//2099 2161//2161 2162//2162
f 2100//2100 2162//2162 2163//2163
f 2101//2101 2163//2163 2164//2164
f 2102//2102 2164//2164 2165//2165
f 2103//2103 2165//2165 2166//2166
f 2104//2104 2166//2166 2167//2167
f 2105//2105 2167//2167 2168//2168
f 2106//2106 2168//2168 2169//2169
f 2107//2107 2169//2169 2170//2170
f 2108//2108 2170//2170 2171//2171
f 2109//2109 2171//2171 2172//2172
f 2110//2110 2172//2172 2173//2173
f 2111//2111 2173//2173 2174//2174
f 2112//2112 2174//2174 2175//2175
f 2113//2113 2175//2175 2176//2176
f 2114//2114 2176//2176 2177//2177
f 2115//2115 2177//2177 2178//2178
f 2116//2116 2178//2178 2179//2179
f 2117//2117 2179//2179 2180//2180
f 2118//2118 2180//2180 2181//2181
f 2119//2119 2181//2181 2182//2182
f 2120//2120 2182//2182 2183//2183
f 2121//2121 2183//2183 2184//2184
f 2122//2122 2184//2184 2185//2185
f 2123//2123 2185//2185 2186//2186
f 2124//2124 2186//2186 2187//2187
f 2125//2125 2187//2187 2188//2188
f 2126//2126 2188//2188 2189//2189
f 2127//2127 2189//2189 2190//2190
f 2128//2128 2190//2190 2191//2191
f 2129//2129 2191//2191 2192//2192
f 2130//2130 2192//2192 2193//2193
f 2131//2131 2193//2193 2194//2194
f 2132//2132 2194//2194 2195//2195
f 2133//2133 2195//2195 2196//2196
f 2134//2134 2196//2196 2197//2197
f 2135//2135 2197//2197 2198//2198
f 2136//2136 2198//2198 2199//2199
f 2137//2137 2199//2199 2200//2200
f 2138//2138 2200//2200 2201//2201
f 2139//2139 2201//2201 2202//2202
f 2140//2140 2202//2202 2203//2203
f 2141//2141 2203//2203 2204//2204
f 2142//2142 2204//2204 2205//2205
f 2143//2143 2205//2205 2206//2206
f 2144//2144 2206//2206 2207//2207
f 128//128 2144//2144 2207//2207
f 1//1 2208//2208 2145//2145
f 2146//2146 2208//2208 2209//2209
f 2147//2147 2209//2209 2210//2210
f 2148//2148 2210//2210 2211//2211
f 2149//2149 2211//2211 2212//2212
f 2150//2150 2212//2212 2213//2213
f 2151//2151 2213//2213 2214//2214
f 2152//2152 2214//2214 2215//2215
f 2153//2153 2215//2215 2216//2216
f 2154//2154 2216//2216 2217//2217
f 2155//2155 2217//2217 2218//2218
f 2156//2156 2218//2218 2219//2219
f 2157//2157 2219//2219 2220//2220
f 2158//2158 2220//2220 2221//2221
f 2159//2159 2221//2221 2222//2222
f 2160//2160 2222//2222 2223//2223
f 2161//2161 2223//2223 2224//2224
f 2162//2162 2224//2224 2225//2225
f 2163//2163 2225//2225 2226//2226
f 2164//2164 2226//2226 2227//2227
f 2165//2165 2227//2227 2228//2228
f 2166//2166 2228//2228 2229//2229
f 2167//2167 2229//2229 2230//2230
f 2168//2168 2230//2230 2231//2231
f 2169//2169 2231//2231 2232//2232
f 2170//2170 2232//2232 2233//2233
f 2171//2171 2233//2233 2234//2234
f 2172//2172 2234//2234 2235//2235
f 2173//2173 2235//2235 2236//2236
f 2174//2174 2236//2236 2237//2237
f 2175//2175 2237//2237 2238//2238
f 2176//2176 2238//2238 2239//2239
f 2177//2177 2239//2239 2240//2240
f 2178//2178 2240//2240 2241//2241
f 2179//2179 2241//2241 2242//2242
f 2180//2180 2242//2242 2243//2243
f 2181//2181 2243//2243 2244//2244
f 2182//2182 2244//2244 2245//2245
f 2183//2183 2245//2245 2246//2246
f 2184//2184 2246//2246 2247//2247
f 2185//2185 2247//2247 2248//2248
f 2186//2186 2248//2248 2249//2249
f 2187//2187 2249//2249 2250//2250
f 2188//2188 2250//2250 2251//2251
f 2189//2189 2251//2251 2252//2252
f 2190//2190 2252//2252 2253//2253
f 2191//2191 2253//2253 2254//2254
f 2192//2192 2254//2254 2255//2255
f 2193//2193 2255//2255 2256//2256
f 2194//2194 2256//2256 2257//2257
f 2195//2195 2257//2257 2258//2258
f 2196//2196 2258//2258 2259//2259
f 2197//2197 2259//2259 2260//2260
f 2198//2198 2260//2260 2261//2261
f 2199//2199 2261//2261 2262//2262
f 2200//2200 2262//2262 2263//2263
f 2201//2201 2263//2263 2264//2264
f 2202//2202 2264//2264 2265//2265
f 2203//2203 2265//2265 2266//2266
f 2204//2204 2266//2266 2267//2267
f 2205//2205 2267//2267 2268//2268
f 2206//2206 2268//2268 2269//2269
f 2207//2207 2269//2269 2270//2270
f 128//128 2207//2207 2270//2270
f 1//1 2271//2271 2208//2208
f 2209//2209 2271//2271 2272//2272
f 2210//2210 2272//2272 2273//2273
f 2211//2211 2273//2273 2274//2274
f 2212//2212 2274//2274 2275//2275
f 2213//2213 2275//2275 2276//2276
f 2214//2214 2276//2276 2277//2277
f 2215//2215 2277//2277 2278//2278
f 2216//2216 2278//2278 2279//2279
f 2217//2217 2279//2279 2280//2280
f 2218//2218 2280//2280 2281//2281
f 2219//2219 2281//2281 2282//2282
f 2220//2220 2282//2282 2283//2283
f 2221//2221 2283//2283 2284//2284
f 2222//2222 2284//2284 2285//2285
f 2223//2223 2285//2285 2286//2286
f 2224//2224 2286//2286 2287//2287
f 2225//2225 2287//2287 2288//2288
f 2226//2226 2288//2288 2289//2289
f 2227//2227 2289//2289 2290//2290
f 2228//2228 2290//2290 2291//2291
f 2229//2229 2291//2291 2292//2292
f 2230//2230 2292//2292 2293//2293
f 2231//2231 2293//2293 2294//2294
f 2232//2232 2294//2294 2295//2295
f 2233//2233 2295//2295 2296//2296
f 2234//2234 2296//2296 2297//2297
f 2235//2235 2297//2297 2298//2298
f 2236//2236 2298//2298 2299//2299
f 2237//2237 2299//2299 2300//2300
f 2238//2238 2300//2300 2301//2301
f 2239//2239 2301//2301 2302//2302
f 2240//2240 2302//2302 2303//2303
f 2241//2241 2303//2303 2304//2304
f 2242//2242 2304//2304 2305//2305
f 2243//2243 2305//2305 2306//2306
f 2244//2244 2306//2306 2307//2307
f 2245//2245 2307//2307 2308//2308
f 2246//2246 2308//2308 2309//2309
f 2247//2247 2309//2309 2310//2310
f 2248//2248 2310//2310 2311//2311
f 2249//2249 2311//2311 2312//2312
f 2250//2250 2312//2312 2313//2313
f 2251//2251 2313//2313 2314//2314
f 2252//2252 2314//2314 2315//2315
f 2253//2253 2315//2315 2316//2316
f 2254//2254 2316//2316 2317//2317
f 2255//2255 2317//2317 2318//2318
f 2256//2256 2318//2318 2319//2319
f 2257//2257 2319//2319 2320//2320
f 2258//2258 2320//2320 2321//2321
f 2259//2259 2321//2321 2322//2322
f 2260//2260 2322//2322 2323//2323
f 2261//2261 2323//2323 2324//2324
f 2262//2262 2324//2324 2325//2325
f 2263//2263 2325//2325 2326//2326
f 2264//2264 2326//2326 2327//2327
f 2265//2265 2327//2327 2328//2328
f 2266//2266 2328//2328 2329//2329
f 2267//2267 2329//2329 2330//2330
f 2268//2268 2330//2330 2331//2331
f 2269//2269 2331//2331 2332//2332
f 2270//2270 2332//2332 2333//2333
f 128//128 2270//2270 2333//2333
f 1//1 2334//2334 2271//2271
f 2272//2272 2334//2334 2335//2335
f 2273//2273 2335//2335 2336//2336
f 2274//2274 2336//2336 2337//2337
f 2275//2275 2337//2337 2338//2338
f 2276//2276 2338//2338 2339//2339
f 2277//2277 2339//2339 2340//2340
f 2278//2278 2340//2340 2341//2341
f 2279//2279 2341//2341 2342//2342
f 2280//2280 2342//2342 2343//2343
f 2281//2281 2343//2343 2344//2344
f 2282//2282 2344//2344 2345//2345
f 2283//2283 2345//2345 2346//2346
f 2284//2284 2346//2346 2347//2347
f 2285//2285 2347//2347 2348//2348
f 2286//2286 2348//2348 2349//2349
f 2287//2287 2349//2349 2350//2350
f 2288//2288 2350//2350 2351//2351
f 2289//2289 2351//2351 2352//2352
f 2290//2290 2352//2352 2353//2353
f 2291//2291 2353//2353 2354//2354
f 2292//2292 2354//2354 2355//2355
f 2293//2293 2355//2355 2356//2356
f 2294//2294 2356//2356 2357//2357
f 2295//2295 2357//2357 2358//2358
f 2296//2296 2358//2358 2359//2359
f 2297//2297 2359//2359 2360//2360
f 2298//2298 2360//2360 2361//2361
f 2299//2299 2361//2361 2362//2362
f 2300//2300 2362//2362 2363//2363
f 2301//2301 2363//2363 2364//2364
f 2302//2302 2364//2364 2365//2365
f 2303//2303 2365//2365 2366//2366
f 2304//2304 2366//2366 2367//2367
f 2305//2305 2367//2367 2368//2368
f 2306//2306 2368//2368 2369//2369
f 2307//2307 2369//2369 2370//2370
f 2308//2308 2370//2370 2371//2371
f 2309//2309 2371//2371 2372//2372
f 2310//2310 2372//2372 2373//2373
f 2311//2311 2373//2373 2374//2374
f 2312//2312 2374//2374 2375//2375
f 2313//2313 2375//2375 2376//2376
f 2314//2314 2376//2376 2377//2377
f 2315//2315 2377//2377 2378//2378
f 2316//2316 2378//2378 2379//2379
f 2317//2317 2379//2379 2380//2380
f 2318//2318 2380//2380 2381//2381
f 2319//2319 2381//2381 2382//2382
f 2320//2320 2382//2382 2383//2383
f 2321//2321 2383//2383 2384//2384
f 2322//2322 2384//2384 2385//2385
f 2323//2323 2385//2385 2386//2386
f 2324//2324 2386//2386 2387//2387
f 2325//2325 2387//2387 2388//2388
f 2326//2326 2388//2388 2389//2389
f 2327//2327 2389//2389 2390//2390
f 2328//2328 2390//2390 2391//2391
f 2329//2329 2391//2391 2392//2392
f 2330//2330 2392//2392 2393//2393
f 2331//2331 2393//2393 2394//2394
f 2332//2332 2394//2394 2395//2395
f 2333//2333 2395//2395 2396//2396
f 128//128 2333//2333 2396//2396
f 1//1 2397//2397 2334//2334
f 2335//2335 2397//2397 2398//2398
f 2336//2336 2398//2398 2399//2399
f 2337//2337 2399//2399 2400//2400
f 2338//2338 2400//2400 2401//2401
f 2339//2339 2401//2401 2402//2402
f 2340//2340 2402//2402 2403//2403
f 2341//2341 2403//2403 2404//2404
f 2342//2342 2404//2404 2405//2405
f 2343//2343 2405//2405 2406//2406
f 2344//2344 2406//2406 2407//2407
f 2345//2345 2407//2407 2408//2408
f 2346//2346 2408//2408 2409//2409
f 2347//2347 2409//2409 2410//2410
f 2348//2348 2410//2410 2411//2411
f 2349//2349 2411//2411 2412//2412
f 2350//2350 2412//2412 2413//2413
f 2351//2351 2413//2413 2414//2414
f 2352//2352 2414//2414 2415//2415
f 2353//2353 2415//2415 2416//2416
f 2354//2354 2416//2416 2417//2417
f 2355//2355 2417//2417 2418//2418
f 2356//2356 2418//2418 2419//2419
f 2357//2357 2419//2419 2420//2420
f 2358//2358 2420//2420 2421//2421
f 2359//2359 2421//2421 2422//2422
f 2360//2360 2422//2422 2423//2423
f 2361//2361 2423//2423 2424//2424
f 2362//2362 2424//2424 2425//2425
f 2363//2363 2425//2425 2426//2426
f 2364//2364 2426//2426 2427//2427
f 2365//2365 2427//2427 2428//2428
f 2366//2366 2428//2428 2429//2429
f 2367//2367 2429//2429 2430//2430
f 2368//2368 2430//2430 2431//2431
f 2369//2369 2431//2431 2432//2432
f 2370//2370 2432//2432 2433//2433
f 2371//2371 2433//2433 2434//2434
f 2372//2372 2434//2434 2435//2435
f 2373//2373 2435//2435 2436//2436
f 2374//2374 2436//2436 2437//2437
f 2375//2375 2437//2437 2438//2438
f 2376//2376 2438//2438 2439//2439
f 2377//2377 2439//2439 2440//2440
f 2378//2378 2440//2440 2441//2441
f 2379//2379 2441//2441 2442//2442
f 2380//2380 2442//2442 2443//2443
f 2381//2381 2443//2443 2444//2444
f 2382//2382 2444//2444 2445//2445
f 2383//2383 2445//2445 2446//2446
f 2384//2384 2446//2446 2447//2447
f 2385//2385 2447//2447 2448//2448
f 2386//2386 2448//2448 2449//2449
f 2387//2387 2449//2449 2450//2450
f 2388//2388 2450//2450 2451//2451
f 2389//2389 2451//2451 2452//2452
f 2390//2390 2452//2452 2453//2453
f 2391//2391 2453//2453 2454//2454
f 2392//2392 2454//2454 2455//2455
f 2393//2393 2455//2455 2456//2456
f 2394//2394 2456//2456 2457//2457
f 2395//2395 2457//2457 2458//2458
f 2396//2396 2458//2458 2459//2459
f 128//128 2396//2396 2459//2459
f 1//1 2460//2460 2397//2397
f 2398//2398 2460//2460 2461//2461
f 2399//2399 2461//2461 2462//2462
f 2400//2400 2462//2462 2463//2463
f 2401//2401 2463//2463 2464//2464
f 2402//2402 2464//2464 2465//2465
f 2403//2403 2465//2465 2466//2466
f 2404//2404 2466//2466 2467//2467
f 2405//2405 2467//2467 2468//2468
f 2406//2406 2468//2468 2469//2469
f 2407//2407 2469//2469 2470//2470
f 2408//2408 2470//2470 2471//2471
f 2409//2409 2471//2471 2472//2472
f 2410//2410 2472//2472 2473//2473
f 2411//2411 2473//2473 2474//2474
f 2412//2412 2474//2474 2475//2475
f 2413//2413 2475//2475 2476//2476
f 2414//2414 2476//2476 2477//2477
f 2415//2415 2477//2477 2478//2478
f 2416//2416 2478//2478 2479//2479
f 2417//2417 2479//2479 2480//2480
f 2418//2418 2480//2480 2481//2481
f 2419//2419 2481//2481 2482//2482
f 2420//2420 2482//2482 2483//2483
f 2421//2421 2483//2483 2484//2484
f 2422//2422 2484//2484 2485//2485
f 2423//2423 2485//2485 2486//2486
f 2424//2424 2486//2486 2487//2487
f 2425//2425 2487//2487 2488//2488
f 2426//2426 2488//2488 2489//2489
f 2427//2427 2489//2489 2490//2490
f 2428//2428 2490//2490 2491//2491
f 2429//2429 2491//2491 2492//2492
f 2430//2430 2492//2492 2493//2493
f 2431//2431 2493//2493 2494//2494
f 2432//2432 2494//2494 2495//2495
f 2433//2433 2495//2495 2496//2496
f 2434//2434 2496//2496 2497//2497
f 2435//2435 2497//2497 2498//2498
f 2436//2436 2498//2498 2499//2499
f 2437//2437 2499//2499 2500//2500
f 2438//2438 2500//2500 2501//2501
f 2439//2439 2501//2501 2502//2502
f 2440//2440 2502//2502 2503//2503
f 2441//2441 2503//2503 2504//2504
f 2442//2442 2504//2504 2505//2505
f 2443//2443 2505//2505 2506//2506
f 2444//2444 2506//2506 2507//2507
f 2445//2445 2507//2507 2508//2508
f 2446//2446 2508//2508 2509//2509
f 2447//2447 2509//2509 2510//2510
f 2448//2448 2510//2510 2511//2511
f 2449//2449 2511//2511 2512//2512
f 2450//2450 2512//2512 2513//2513
f 2451//2451 2513//2513 2514//2514
f 2452//2452 2514//2514 2515//2515
f 2453//2453 2515//2515 2516//2516
f 2454//2454 2516//2516 2517//2517
f 2455//2455 2517//2517 2518//2518
f 2456//2456 2518//2518 2519//2519
f 2457//2457 2519//2519 2520//2520
f 2458//2458 2520//2520 2521//2521
f 2459//2459 2521//2521 2522//2522
f 128//128 2459//2459 2522//2522
f 1//1 2523//2523 2460//2460
f 2461//2461 2523//2523 2524//2524
f 2462//2462 2524//2524 2525//2525
f 2463//2463 2525//2525 2526//2526
f 2464//2464 2526//2526 2527//2527
f 2465//2465 2527//2527 2528//2528
f 2466//2466 2528//2528 2529//2529
f 2467//2467 2529//2529 2530//2530
f 2468//2468 2530//2530 2531//2531
f 2469//2469 2531//2531 2532//2532
f 2470//2470 2532//2532 2533//2533
f 2471//2471 2533//2533 2534//2534
f 2472//2472 2534//2534 2535//2535
f 2473//2473 2535//2535 2536//2536
f 2474//2474 2536//2536 2537//2537
f 2475//2475 2537//2537 2538//2538
f 2476//2476 2538//2538 2539//2539
f 2477//2477 2539//2539 2540//2540
f 2478//2478 2540//2540 2541//2541
f 2479//2479 2541//2541 2542//2542
f 2480//2480 2542//2542 2543//2543
f 2481//2481 2543//2543 2544//2544
f 2482//2482 2544//2544 2545//2545
f 2483//2483 2545//2545 2546//2546
f 2484//2484 2546//2546 2547//2547
f 2485//2485 2547//2547 2548//2548
f 2486//2486 2548//2548 2549//2549
f 2487//2487 2549//2549 2550//2550
f 2488//2488 2550//2550 2551//2551
f 2489//2489 2551//2551 2552//2552
f 2490//2490 2552//2552 2553//2553
f 2491//2491 2553//2553 2554//2554
f 2492//2492 2554//2554 2555//2555
f 2493//2493 2555//2555 2556//2556
f 2494//2494 2556//2556 2557//2557
f 2495//2495 2557//2557 2558//2558
f 2496//2496 2558//2558 2559//2559
f 2497//2497 2559//2559 2560//2560
f 2498//2498 2560//2560 2561//2561
f 2499//2499 2561//2561 2562//2562
f 2500//2500 2562//2562 2563//2563
f 2501//2501 2563//2563 2564//2564
f 2502//2502 2564//2564 2565//2565
f 2503//2503 2565//2565 2566//2566
f 2504//2504 2566//2566 2567//2567
f 2505//2505 2567//2567 2568//2568
f 2506//2506 2568//2568 2569//2569
f 2507//2507 2569//2569 2570//2570
f 2508//2508 2570//2570 2571//2571
f 2509//2509 2571//2571 2572//2572
f 2510//2510 2572//2572 2573//2573
f 2511//2511 2573//2573 2574//2574
f 2512//2512 2574//2574 2575//2575
f 2513//2513 2575//2575 2576//2576
f 2514//2514 2576//2576 2577//2577
f 2515//2515 2577//2577 2578//2578
f 2516//2516 2578//2578 2579//2579
f 2517//2517 2579//2579 2580//2580
f 2518//2518 2580//2580 2581//2581
f 2519//2519 2581//2581 2582//2582
f 2520//2520 2582//2582 2583//2583
f 2521//2521 2583//2583 2584//2584
f 2522//2522 2584//2584 2585//2585
f 128//128 2522//2522 2585//2585
f 1//1 2586//2586 2523//2523
f 2524//2524 2586//2586 2587//2587
f 2525//2525 2587//2587 2588//2588
f 2526//2526 2588//2588 2589//2589
f 2527//2527 2589//2589 2590//2590
f 2528//2528 2590//2590 2591//2591
f 2529//2529 2591//2591 2592//2592
f 2530//2530 2592//2592 2593//2593
f 2531//2531 2593//2593 2594//2594
f 2532//2532 2594//2594 2595//2595
f 2533//2533 2595//2595 2596//2596
f 2534//2534 2596//2596 2597//2597
f 2535//2535 2597//2597 2598//2598
f 2536//2536 2598//2598 2599//2599
f 2537//2537 2599//2599 2600//2600
f 2538//2538 2600//2600 2601//2601
f 2539//2539 2601//2601 2602//2602
f 2540//2540 2602//2602 2603//2603
f 2541//2541 2603//2603 2604//2604
f 2542//2542 2604//2604 2605//2605
f 2543//2543 2605//2605 2606//2606
f 2544//2544 2606//2606 2607//2607
f 2545//2545 2607//2607 2608//2608
f 2546//2546 2608//2608 2609//2609
f 2547//2547 2609//2609 2610//2610
f 2548//2548 2610//2610 2611//2611
f 2549//2549 2611//2611 2612//2612
f 2550//2550 2612//2612 2613//2613
f 2551//2551 2613//2613 2614//2614
f 2552//2552 2614//2614 2615//2615
f 2553//2553 2615//2615 2616//2616
f 2554//2554 2616//2616 2617//2617
f 2555//2555 2617//2617 2618//2618
f 2556//2556 2618//2618 2619//2619
f 2557//2557 2619//2619 2620//2620
f 2558//2558 2620//2620 2621//2621
f 2559//2559 2621//2621 2622//2622
f 2560//2560 2622//2622 2623//2623
f 2561//2561 2623//2623 2624//2624
f 2562//2562 2624//2624 2625//2625
f 2563//2563 2625//2625 2626//2626
f 2564//2564 2626//2626 2627//2627
f 2565//2565 2627//2627 2628//2628
f 2566//2566 2628//2628 2629//2629
f 2567//2567 2629//2629 2630//2630
f 2568//2568 2630//2630 2631//2631
f 2569//2569 2631//2631 2632//2632
f 2570//2570 2632//2632 2633//2633
f 2571//2571 2633//2633 2634//2634
f 2572//2572 2634//2634 2635//2635
f 2573//2573 2635//2635 2636//2636
f 2574//2574 2636//2636 2637//2637
f 2575//2575 2637//2637 2638//2638
f 2576//2576 2638//2638 2639//2639
f 2577//2577 2639//2639 2640//2640
f 2578//2578 2640//2640 2641//2641
f 2579//2579 2641//2641 2642//2642
f 2580//2580 2642//2642 2643//2643
f 2581//2581 2643//2643 2644//2644
f 2582//2582 2644//2644 2645//2645
f 2583//2583 2645//2645 2646//2646
f 2584//2584 2646//2646 2647//2647
f 2585//2585 2647//2647 2648//2648
f 128//128 2585//2585 2648//2648
f 1//1 2649//2649 2586//2586
f 2587//2587 2649//2649 2650//2650
f 2588//2588 2650//2650 2651//2651
f 2589//2589 2651//2651 2652//2652
f 2590//2590 2652//2652 2653//2653
f 2591//2591 2653//2653 2654//2654
f 2592//2592 2654//2654 2655//2655
f 2593//2593 2655//2655 2656//2656
f 2594//2594 2656//2656 2657//2657
f 2595//2595 2657//2657 2658//2658
f 2596//2596 2658//2658 2659//2659
f 2597//2597 2659//2659 2660//2660
f 2598//2598 2660//2660 2661//2661
f 2599//2599 2661//2661 2662//2662
f 2600//2600 2662//2662 2663//2663
f 2601//2601 2663//2663 2664//2664
f 2602//2602 2664//2664 2665//2665
f 2603//2603 2665//2665 2666//2666
f 2604//2604 2666//2666 2667//2667
f 2605//2605 2667//2667 2668//2668
f 2606//2606 2668//2668 2669//2669
f 2607//2607 2669//2669 2670//2670
f 2608//2608 2670//2670 2671//2671
f 2609//2609 2671//2671 2672//2672
f 2610//2610 2672//2672 2673//2673
f 2611//2611 2673//2673 2674//2674
f 2612//2612 2674//2674 2675//2675
f 2613//2613 2675//2675 2676//2676
f 2614//2614 2676//2676 2677//2677
f 2615//2615 2677//2677 2678//2678
f 2616//2616 2678//2678 2679//2679
f 2617//2617 2679//2679 2680//2680
f 2618//2618 2680//2680 2681//2681
f 2619//2619 2681//2681 2682//2682
f 2620//2620 2682//2682 2683//2683
f 2621//2621 2683//2683 2684//2684
f 2622//2622 2684//2684 2685//2685
f 2623//2623 2685//2685 2686//2686
f 2624//2624 2686//2686 2687//2687
f 2625//2625 2687//2687 2688//2688
f 2626//2626 2688//2688 2689//2689
f 2627//2627 2689//2689 2690//2690
f 2628//2628 2690//2690 2691//2691
f 2629//2629 2691//2691 2692//2692
f 2630//2630 2692//2692 2693//2693
f 2631//2631 2693//2693 2694//2694
f 2632//2632 2694//2694 2695//2695
f 2633//2633 2695//2695 2696//2696
f 2634//2634 2696//2696 2697//2697
f 2635//2635 2697//2697 2698//2698
f 2636//2636 2698//2698 2699//2699
f 2637//2637 2699//2699 2700//2700
f 2638//2638 2700//2700 2701//2701
f 2639//2639 2701//2701 2702//2702
f 2640//2640 2702//2702 2703//2703
f 2641//2641 2703//2703 2704//2704
f 2642//2642 2704//2704 2705//2705
f 2643//2643 2705//2705 2706//2706
f 2644//2644 2706//2706 2707//2707
f 2645//2645 2707//2707 2708//2708
f 2646//2646 2708//2708 2709//2709
f 2647//2647 2709//2709 2710//2710
f 2648//2648 2710//2710 2711//2711
f 128//128 2648//2648 2711//2711
f 1//1 2712//2712 2649//2649
f 2650//2650 2712//2712 2713//2713
f 2651//2651 2713//2713 2714//2714
f 2652//2652 2714//2714 2715//2715
f 2653//2653 2715//2715 2716//2716
f 2654//2654 2716//2716 2717//2717
f 2655//2655 2717//2717 2718//2718
f 2656//2656 2718//2718 2719//2719
f 2657//2657 2719//2719 2720//2720
f 2658//2658 2720//2720 2721//2721
f 2659//2659 2721//2721 2722//2722
f 2660//2660 2722//2722 2723//2723
f 2661//2661 2723//2723 2724//2724
f 2662//2662 2724//2724 2725//2725
f 2663//2663 2725//2725 2726//2726
f 2664//2664 2726//2726 2727//2727
f 2665//2665 2727//2727 2728//2728
f 2666//2666 2728//2728 2729//2729
f 2667//2667 2729//2729 2730//2730
f 2668//2668 2730//2730 2731//2731
f 2669//2669 2731//2731 2732//2732
f 2670//2670 2732//2732 2733//2733
f 2671//2671 2733//2733 2734//2734
f 2672//2672 2734//2734 2735//2735
f 2673//2673 2735//2735 2736//2736
f 2674//2674 2736//2736 2737//2737
f 2675//2675 2737//2737 2738//2738
f 2676//2676 2738//2738 2739//2739
f 2677//2677 2739//2739 2740//2740
f 2678//2678 2740//2740 2741//2741
f 2679//2679 2741//2741 2742//2742
f 2680//2680 2742//2742 2743//2743
f 2681//2681 2743//2743 2744//2744
f 2682//2682 2744//2744 2745//2745
f 2683//2683 2745//2745 2746//2746
f 2684//2684 2746//2746 2747//2747
f 2685//2685 2747//2747 2748//2748
f 2686//2686 2748//2748 2749//2749
f 2687//2687 2749//2749 2750//2750
f 2688//2688 2750//2750 2751//2751
f 2689//2689 2751//2751 2752//2752
f 2690//2690 2752//2752 2753//2753
f 2691//2691 2753//2753 2754//2754
f 2692//2692 2754//2754 2755//2755
f 2693//2693 2755//2755 2756//2756
f 2694//2694 2756//2756 2757//2757
f 2695//2695 2757//2757 2758//2758
f 2696//2696 2758//2758 2759//2759
f 2697//2697 2759//2759 2760//2760
f 2698//2698 2760//2760 2761//2761
f 2699//2699 2761//2761 2762//2762
f 2700//2700 2762//2762 2763//2763
f 2701//2701 2763//2763 2764//2764
f 2702//2702 2764//2764 2765//2765
f 2703//2703 2765//2765 2766//2766
f 2704//2704 2766//2766 2767//2767
f 2705//2705 2767//2767 2768//2768
f 2706//2706 2768//2768 2769//2769
f 2707//2707 2769//2769 2770//2770
f 2708//2708 2770//2770 2771//2771
f 2709//2709 2771//2771 2772//2772
f 2710//2710 2772//2772 2773//2773
f 2711//2711 2773//2773 2774//2774
f 128//128 2711//2711 2774//2774
f 1//1 2775//2775 2712//2712
f 2713//2713 2775//2775 2776//2776
f 2714//2714 2776//2776 2777//2777
f 2715//2715 2777//2777 2778//2778
f 2716//2716 2778//2778 2779//2779
f 2717//2717 2779//2779 2780//2780
f 2718//2718 2780//2780 2781//2781
f 2719//2719 2781//2781 2782//2782
f 2720//2720 2782//2782 2783//2783
f 2721//2721 2783//2783 2784//2784
f 2722//2722 2784//2784 2785//2785
f 2723//2723 2785//2785 2786//2786
f 2724//2724 2786//2786 2787//2787
f 2725//2725 2787//2787 2788//2788
f 2726//2726 2788//2788 2789//2789
f 2727//2727 2789//2789 2790//2790
f 2728//2728 2790//2790 2791//2791
f 2729//2729 2791//2791 2792//2792
f 2730//2730 2792//2792 2793//2793
f 2731//2731 2793//2793 2794//2794
f 2732//2732 2794//2794 2795//2795
f 2733//2733 2795//2795 2796//2796
f 2734//2734 2796//2796 2797//2797
f 2735//2735 2797//2797 2798//2798
f 2736//2736 2798//2798 2799//2799
f 2737//2737 2799//2799 2800//2800
f 2738//2738 2800//2800 2801//2801
f 2739//2739 2801//2801 2802//2802
f 2740//2740 2802//2802 2803//2803
f 2741//2741 2803//2803 2804//2804
f 2742//2742 2804//2804 2805//2805
f 2743//2743 2805//2805 2806//2806
f 2744//2744 2806//2806 2807//2807
f 2745//2745 2807//2807 2808//2808
f 2746//2746 2808//2808 2809//2809
f 2747//2747 2809//2809 2810//2810
f 2748//2748 2810//2810 2811//2811
f 2749//2749 2811//2811 2812//2812
f 2750//2750 2812//2812 2813//2813
f 2751//2751 2813//2813 2814//2814
f 2752//2752 2814//2814 2815//2815
f 2753//2753 2815//2815 2816//2816
f 2754//2754 2816//2816 2817//2817
f 2755//2755 2817//2817 2818//2818
f 2756//2756 2818//2818 2819//2819
f 2757//2757 2819//2819 2820//2820
f 2758//2758 2820//2820 2821//2821
f 2759//2759 2821//2821 2822//2822
f 2760//2760 2822//2822 2823//2823
f 2761//2761 2823//2823 2824//2824
f 2762//2762 2824//2824 2825//2825
f 2763//2763 2825//2825 2826//2826
f 2764//2764 2826//2826 2827//2827
f 2765//2765 2827//2827 2828//2828
f 2766//2766 2828//2828 2829//2829
f 2767//2767 2829//2829 2830//2830
f 2768//2768 2830//2830 2831//2831
f 2769//2769 2831//2831 2832//2832
f 2770//2770 2832//2832 2833//2833
f 2771//2771 2833//2833 2834//2834
f 2772//2772 2834//2834 2835//2835
f 2773//2773 2835//2835 2836//2836
f 2774//2774 2836//2836 2837//2837
f 128//128 2774//2774 2837//2837
f 1//1 2838//2838 2775//2775
f 2776//2776 2838//2838 2839//2839
f 2777//2777 2839//2839 2840//2840
f 2778//2778 2840//2840 2841//2841
f 2779//2779 2841//2841 2842//2842
f 2780//2780 2842//2842 2843//2843
f 2781//2781 2843//2843 2844//2844
f 2782//2782 2844//2844 2845//2845
f 2783//2783 2845//2845 2846//2846
f 2784//2784 2846//2846 2847//2847
f 2785//2785 2847//2847 2848//2848
f 2786//2786 2848//2848 2849//2849
f 2787//2787 2849//2849 2850//2850
f 2788//2788 2850//2850 2851//2851
f 2789//2789 2851//2851 2852//2852
f 2790//2790 2852//2852 2853//2853
f 2791//2791 2853//2853 2854//2854
f 2792//2792 2854//2854 2855//2855
f 2793//2793 2855//2855 2856//2856
f 2794//2794 2856//2856 2857//2857
f 2795//2795 2857//2857 2858//2858
f 2796//2796 2858//2858 2859//2859
f 2797//2797 2859//2859 2860//2860
f 2798//2798 2860//2860 2861//2861
f 2799//2799 2861//2861 2862//2862
f 2800//2800 2862//2862 2863//2863
f 2801//2801 2863//2863 2864//2864
f 2802//2802 2864//2864 2865//2865
f 2803//2803 2865//2865 2866//2866
f 2804//2804 2866//2866 2867//2867
f 2805//2805 2867//2867 2868//2868
f 2806//2806 2868//2868 2869//2869
f 2807//2807 2869//2869 2870//2870
f 2808//2808 2870//2870 2871//2871
f 2809//2809 2871//2871 2872//2872
f 2810//2810 2872//2872 2873//2873
f 2811//2811 2873//2873 2874//2874
f 2812//2812 2874//2874 2875//2875
f 2813//2813 2875//2875 2876//2876
f 2814//2814 2876//2876 2877//2877
f 2815//2815 2877//2877 2878//2878
f 2816//2816 2878//2878 2879//2879
f 2817//2817 2879//2879 2880//2880
f 2818//2818 2880//2880 2881//2881
f 2819//2819 2881//2881 2882//2882
f 2820//2820 2882//2882 2883//2883
f 2821//2821 2883//2883 2884//2884
f 2822//2822 2884//2884 2885//2885
f 2823//2823 2885//2885 2886//2886
f 2824//2824 2886//2886 2887//2887
f 2825//2825 2887//2887 2888//2888
f 2826//2826 2888//2888 2889//2889
f 2827//2827 2889//2889 2890//2890
f 2828//2828 2890//2890 2891//2891
f 2829//2829 2891//2891 2892//2892
f 2830//2830 2892//2892 2893//2893
f 2831//2831 2893//2893 2894//2894
f 2832//2832 2894//2894 2895//2895
f 2833//2833 2895//2895 2896//2896
f 2834//2834 2896//2896 2897//2897
f 2835//2835 2897//2897 2898//2898
f 2836//2836 2898//2898 2899//2899
f 2837//2837 2899//2899 2900//2900
f 128//128 2837//2837 2900//2900
f 1//1 2901//2901 2838//2838
f 2839//2839 2901//2901 2902//2902
f 2840//2840 2902//2902 2903//2903
f 2841//2841 2903//2903 2904//2904
f 2842//2842 2904//2904 2905//2905
f 2843//2843 2905//2905 2906//2906
f 2844//2844 2906//2906 2907//2907
f 2845//2845 2907//2907 2908//2908
f 2846//2846 2908//2908 2909//2909
f 2847//2847 2909//2909 2910//2910
f 2848//2848 2910//2910 2911//2911
f 2849//2849 2911//2911 2912//2912
f 2850//2850 2912//2912 2913//2913
f 2851//2851 2913//2913 2914//2914
f 2852//2852 2914//2914 2915//2915
f 2853//2853 2915//2915 2916//2916
f 2854//2854 2916//2916 2917//2917
f 2855//2855 2917//2917 2918//2918
f 2856//2856 2918//2918 2919//2919
f 2857//2857 2919//2919 2920//2920
f 2858//2858 2920//2920 2921//2921
f 2859//2859 2921//2921 2922//2922
f 2860//2860 2922//2922 2923//2923
f 2861//2861 2923//2923 2924//2924
f 2862//2862 2924//2924 2925//2925
f 2863//2863 2925//2925 2926//2926
f 2864//2864 2926//2926 2927//2927
f 2865//2865 2927//2927 2928//2928
f 2866//2866 2928//2928 2929//2929
f 2867//2867 2929//2929 2930//2930
f 2868//2868 2930//2930 2931//2931
f 2869//2869 2931//2931 2932//2932
f 2870//2870 2932//2932 2933//2933
f 2871//2871 2933//2933 2934//2934
f 2872//2872 2934//2934 2935//2935
f 2873//2873 2935//2935 2936//2936
f 2874//2874 2936//2936 2937//2937
f 2875//2875 2937//2937 2938//2938
f 2876//2876 2938//2938 2939//2939
f 2877//2877 2939//2939 2940//2940
f 2878//2878 2940//2940 2941//2941
f 2879//2879 2941//2941 2942//2942
f 2880//2880 2942//2942 2943//2943
f 2881//2881 2943//2943 2944//2944
f 2882//2882 2944//2944 2945//2945
f 2883//2883 2945//2945 2946//2946
f 2884//2884 2946//2946 2947//2947
f 2885//2885 2947//2947 2948//2948
f 2886//2886 2948//2948 2949//2949
f 2887//2887 2949//2949 2950//2950
f 2888//2888 2950//2950 2951//2951
f 2889//2889 2951//2951 2952//2952
f 2890//2890 2952//2952 2953//2953
f 2891//2891 2953//2953 2954//2954
f 2892//2892 2954//2954 2955//2955
f 2893//2893 2955//2955 2956//2956
f 2894//2894 2956//2956 2957//2957
f 2895//2895 2957//2957 2958//2958
f 2896//2896 2958//2958 2959//2959
f 2897//2897 2959//2959 2960//2960
f 2898//2898 2960//2960 2961//2961
f 2899//2899 2961//2961 2962//2962
f 2900//2900 2962//2962 2963//2963
f 128//128 2900//2900 2963//2963
f 1//1 2964//2964 2901//2901
f 2902//2902 2964//2964 2965//2965
f 2903//2903 2965//2965 2966//2966
f 2904//2904 2966//2966 2967//2967
f 2905//2905 2967//2967 2968//2968
f 2906//2906 2968//2968 2969//2969
f 2907//2907 2969//2969 2970//2970
f 2908//2908 2970//2970 2971//2971
f 2909//2909 2971//2971 2972//2972
f 2910//2910 2972//2972 2973//2973
f 2911//2911 2973//2973 2974//2974
f 2912//2912 2974//2974 2975//2975
f 2913//2913 2975//2975 2976//2976
f 2914//2914 2976//2976 2977//2977
f 2915//2915 2977//2977 2978//2978
f 2916//2916 2978//2978 2979//2979
f 2917//2917 2979//2979 2980//2980
f 2918//2918 2980//2980 2981//2981
f 2919//2919 2981//2981 2982//2982
f 2920//2920 2982//2982 2983//2983
f 2921//2921 2983//2983 2984//2984
f 2922//2922 2984//2984 2985//2985
f 2923//2923 2985//2985 2986//2986
f 2924//2924 2986//2986 2987//2987
f 2925//2925 2987//2987 2988//2988
f 2926//2926 2988//2988 2989//2989
f 2927//2927 2989//2989 2990//2990
f 2928//2928 2990//2990 2991//2991
f 2929//2929 2991//2991 2992//2992
f 2930//2930 2992//2992 2993//2993
f 2931//2931 2993//2993 2994//2994
f 2932//2932 2994//2994 2995//2995
f 2933//2933 2995//2995 2996//2996
f 2934//2934 2996//2996 2997//2997
f 2935//2935 2997//2997 2998//2998
f 2936//2936 2998//2998 2999//2999
f 2937//2937 2999//2999 3000//3000
f 2938//2938 3000//3000 3001//3001
f 2939//2939 3001//3001 3002//3002
f 2940//2940 3002//3002 3003//3003
f 2941//2941 3003//3003 3004//3004
f 2942//2942 3004//3004 3005//3005
f 2943//2943 3005//3005 3006//3006
f 2944//2944 3006//3006 3007//3007
f 2945//2945 3007//3007 3008//3008
f 2946//2946 3008//3008 3009//3009
f 2947//2947 3009//3009 3010//3010
f 2948//2948 3010//3010 3011//3011
f 2949//2949 3011//3011 3012//3012
f 2950//2950 3012//3012 3013//3013
f 2951//2951 3013//3013 3014//3014
f 2952//2952 3014//3014 3015//3015
f 2953//2953 3015//3015 3016//3016
f 2954//2954 3016//3016 3017//3017
f 2955//2955 3017//3017 3018//3018
f 2956//2956 3018//3018 3019//3019
f 2957//2957 3019//3019 3020//3020
f 2958//2958 3020//3020 3021//3021
f 2959//2959 3021//3021 3022//3022
f 2960//2960 3022//3022 3023//3023
f 2961//2961 3023//3023 3024//3024
f 2962//2962 3024//3024 3025//3025
f 2963//2963 3025//3025 3026//3026
f 128//128 2963//2963 3026//3026
f 1//1 3027//3027 2964//2964
f 2965//2965 3027//3027 3028//3028
f 2966//2966 3028//3028 3029//3029
f 2967//2967 3029//3029 3030//3030
f 2968//2968 3030//3030 3031//3031
f 2969//2969 3031//3031 3032//3032
f 2970//2970 3032//3032 3033//3033
f 2971//2971 3033//3033 3034//3034
f 2972//2972 3034//3034 3035//3035
f 2973//2973 3035//3035 3036//3036
f 2974//2974 3036//3036 3037//3037
f 2975//2975 3037//3037 3038//3038
f 2976//2976 3038//3038 3039//3039
f 2977//2977 3039//3039 3040//3040
f 2978//2978 3040//3040 3041//3041
f 2979//2979 3041//3041 3042//3042
f 2980//2980 3042//3042 3043//3043
f 2981//2981 3043//3043 3044//3044
f 2982//2982 3044//3044 3045//3045
f 2983//2983 3045//3045 3046//3046
f 2984//2984 3046//3046 3047//3047
f 2985//2985 3047//3047 3048//3048
f 2986//2986 3048//3048 3049//3049
f 2987//2987 3049//3049 3050//3050
f 2988//2988 3050//3050 3051//3051
f 2989//2989 3051//3051 3052//3052
f 2990//2990 3052//3052 3053//3053
f 2991//2991 3053//3053 3054//3054
f 2992//2992 3054//3054 3055//3055
f 2993//2993 3055//3055 3056//3056
f 2994//2994 3056//3056 3057//3057
f 2995//2995 3057//3057 3058//3058
f 2996//2996 3058//3058 3059//3059
f 2997//2997 3059//3059 3060//3060
f 2998//2998 3060//3060 3061//3061
f 2999//2999 3061//3061 3062//3062
f 3000//3000 3062//3062 3063//3063
f 3001//3001 3063//3063 3064//3064
f 3002//3002 3064//3064 3065//3065
f 3003//3003 3065//3065 3066//3066
f 3004//3004 3066//3066 3067//3067
f 3005//3005 3067//3067 3068//3068
f 3006//3006 3068//3068 3069//3069
f 3007//3007 3069//3069 3070//3070
f 3008//3008 3070//3070 3071//3071
f 3009//3009 3071//3071 3072//3072
f 3010//3010 3072//3072 3073//3073
f 3011//3011 3073//3073 3074//3074
f 3012//3012 3074//3074 3075//3075
f 3013//3013 3075//3075 3076//3076
f 3014//3014 3076//3076 3077//3077
f 3015//3015 3077//3077 3078//3078
f 3016//3016 3078//3078 3079//3079
f 3017//3017 3079//3079 3080//3080
f 3018//3018 3080//3080 3081//3081
f 3019//3019 3081//3081 3082//3082
f 3020//3020 3082//3082 3083//3083
f 3021//3021 3083//3083 3084//3084
f 3022//3022 3084//3084 3085//3085
f 3023//3023 3085//3085 3086//3086
f 3024//3024 3086//3086 3087//3087
f 3025//3025 3087//3087 3088//3088
f 3026//3026 3088//3088 3089//3089
f 128//128 3026//3026 3089//3089
f 1//1 3090//3090 3027//3027
f 3028//3028 3090//3090 3091//3091
f 3029//3029 3091//3091 3092//3092
f 3030//3030 3092//3092 3093//3093
f 3031//3031 3093//3093 3094//3094
f 3032//3032 3094//3094 3095//3095
f 3033//3033 3095//3095 3096//3096
f 3034//3034 3096//3096 3097//3097
f 3035//3035 3097//3097 3098//3098
f 3036//3036 3098//3098 3099//3099
f 3037//3037 3099//3099 3100//3100
f 3038//3038 3100//3100 3101//3101
f 3039//3039 3101//3101 3102//3102
f 3040//3040 3102//3102 3103//3103
f 3041//3041 3103//3103 3104//3104
f 3042//3042 3104//3104 3105//3105
f 3043//3043 3105//3105 3106//3106
f 3044//3044 3106//3106 3107//3107
f 3045//3045 3107//3107 3108//3108
f 3046//3046 3108//3108 3109//3109
f 3047//3047 3109//3109 3110//3110
f 3048//3048 3110//3110 3111//3111
f 3049//3049 3111//3111 3112//3112
f 3050//3050 3112//3112 3113//3113
f 3051//3051 3113//3113 3114//3114
f 3052//3052 3114//3114 3115//3115
f 3053//3053 3115//3115 3116//3116
f 3054//3054 3116//3116 3117//3117
f 3055//3055 3117//3117 3118//3118
f 3056//3056 3118//3118 3119//3119
f 3057//3057 3119//3119 3120//3120
f 3058//3058 3120//3120 3121//3121
f 3059//3059 3121//3121 3122//3122
f 3060//3060 3122//3122 3123//3123
f 3061//3061 3123//3123 3124//3124
f 3062//3062 3124//3124 3125//3125
f 3063//3063 3125//3125 3126//3126
f 3064//3064 3126//3126 3127//3127
f 3065//3065 3127//3127 3128//3128
f 3066//3066 3128//3128 3129//3129
f 3067//3067 3129//3129 3130//3130
f 3068//3068 3130//3130 3131//3131
f 3069//3069 3131//3131 3132//3132
f 3070//3070 3132//3132 3133//3133
f 3071//3071 3133//3133 3134//3134
f 3072//3072 3134//3134 3135//3135
f 3073//3073 3135//3135 3136//3136
f 3074//3074 3136//3136 3137//3137
f 3075//3075 3137//3137 3138//3138
f 3076//3076 3138//3138 3139//3139
f 3077//3077 3139//3139 3140//3140
f 3078//3078 3140//3140 3141//3141
f 3079//3079 3141//3141 3142//3142
f 3080//3080 3142//3142 3143//3143
f 3081//3081 3143//3143 3144//3144
f 3082//3082 3144//3144 3145//3145
f 3083//3083 3145//3145 3146//3146
f 3084//3084 3146//3146 3147//3147
f 3085//3085 3147//3147 3148//3148
f 3086//3086 3148//3148 3149//3149
f 3087//3087 3149//3149 3150//3150
f 3088//3088 3150//3150 3151//3151
f 3089//3089 3151//3151 3152//3152
f 128//128 3089//3089 3152//3152
f 1//1 3153//3153 3090//3090
f 3091//3091 3153//3153 3154//3154
f 3092//3092 3154//3154 3155//3155
f 3093//3093 3155//3155 3156//3156
f 3094//3094 3156//3156 3157//3157
f 3095//3095 3157//3157 3158//3158
f 3096//3096 3158//3158 3159//3159
f 3097//3097 3159//3159 3160//3160
f 3098//3098 3160//3160 3161//3161
f 3099//3099 3161//3161 3162//3162
f 3100//3100 3162//3162 3163//3163
f 3101//3101 3163//3163 3164//3164
f 3102//3102 3164//3164 3165//3165
f 3103//3103 3165//3165 3166//3166
f 3104//3104 3166//3166 3167//3167
f 3105//3105 3167//3167 3168//3168
f 3106//3106 3168//3168 3169//3169
f 3107//3107 3169//3169 3170//3170
f 3108//3108 3170//3170 3171//3171
f 3109//3109 3171//3171 3172//3172
f 3110//3110 3172//3172 3173//3173
f 3111//3111 3173//3173 3174//3174
f 3112//3112 3174//3174 3175//3175
f 3113//3113 3175//3175 3176//3176
f 3114//3114 3176//3176 3177//3177
f 3115//3115 3177//3177 3178//3178
f 3116//3116 3178//3178 3179//3179
f 3117//3117 3179//3179 3180//3180
f 3118//3118 3180//3180 3181//3181
f 3119//3119 3181//3181 3182//3182
f 3120//3120 3182//3182 3183//3183
f 3121//3121 3183//3183 3184//3184
f 3122//3122 3184//3184 3185//3185
f 3123//3123 3185//3185 3186//3186
f 3124//3124 3186//3186 3187//3187
f 3125//3125 3187//3187 3188//3188
f 3126//3126 3188//3188 3189//3189
f 3127//3127 3189//3189 3190//3190
f 3128//3128 3190//3190 3191//3191
f 3129//3129 3191//3191 3192//3192
f 3130//3130 3192//3192 3193//3193
f 3131//3131 3193//3193 3194//3194
f 3132//3132 3194//3194 3195//3195
f 3133//3133 3195//3195 3196//3196
f 3134//3134 3196//3196 3197//3197
f 3135//3135 3197//3197 3198//3198
f 3136//3136 3198//3198 3199//3199
f 3137//3137 3199//3199 3200//3200
f 3138//3138 3200//3200 3201//3201
f 3139//3139 3201//3201 3202//3202
f 3140//3140 3202//3202 3203//3203
f 3141//3141 3203//3203 3204//3204
f 3142//3142 3204//3204 3205//3205
f 3143//3143 3205//3205 3206//3206
f 3144//3144 3206//3206 3207//3207
f 3145//3145 3207//3207 3208//3208
f 3146//3146 3208//3208 3209//3209
f 3147//3147 3209//3209 3210//3210
f 3148//3148 3210//3210 3211//3211
f 3149//3149 3211//3211 3212//3212
f 3150//3150 3212//3212 3213//3213
f 3151//3151 3213//3213 3214//3214
f 3152//3152 3214//3214 3215//3215
f 128//128 3152//3152 3215//3215
f 1//1 3216//3216 3153//3153
f 3154//3154 3216//3216 3217//3217
f 3155//3155 3217//3217 3218//3218
f 3156//3156 3218//3218 3219//3219
f 3157//3157 3219//3219 3220//3220
f 3158//3158 3220//3220 3221//3221
f 3159//3159 3221//3221 3222//3222
f 3160//3160 3222//3222 3223//3223
f 3161//3161 3223//3223 3224//3224
f 3162//3162 3224//3224 3225//3225
f 3163//3163 3225//3225 3226//3226
f 3164//3164 3226//3226 3227//3227
f 3165//3165 3227//3227 3228//3228
f 3166//3166 3228//3228 3229//3229
f 3167//3167 3229//3229 3230//3230
f 3168//3168 3230//3230 3231//3231
f 3169//3169 3231//3231 3232//3232
f 3170//3170 3232//3232 3233//3233
f 3171//3171 3233//3233 3234//3234
f 3172//3172 3234//3234 3235//3235
f 3173//3173 3235//3235 3236//3236
f 3174//3174 3236//3236 3237//3237
f 3175//3175 3237//3237 3238//3238
f 3176//3176 3238//3238 3239//3239
f 3177//3177 3239//3239 3240//3240
f 3178//3178 3240//3240 3241//3241
f 3179//3179 3241//3241 3242//3242
f 3180//3180 3242//3242 3243//3243
f 3181//3181 3243//3243 3244//3244
f 3182//3182 3244//3244 3245//3245
f 3183//3183 3245//3245 3246//3246
f 3184//3184 3246//3246 3247//3247
f 3185//3185 3247//3247 3248//3248
f 3186//3186 3248//3248 3249//3249
f 3187//3187 3249//3249 3250//3250
f 3188//3188 3250//3250 3251//3251
f 3189//3189 3251//3251 3252//3252
f 3190//3190 3252//3252 3253//3253
f 3191//3191 3253//3253 3254//3254
f 3192//3192 3254//3254 3255//3255
f 3193//3193 3255//3255 3256//3256
f 3194//3194 3256//3256 3257//3257
f 3195//3195 3257//3257 3258//3258
f 3196//3196 3258//3258 3259//3259
f 3197//3197 3259//3259 3260//3260
f 3198//3198 3260//3260 3261//3261
f 3199//3199 3261//3261 3262//3262
f 3200//3200 3262//3262 3263//3263
f 3201//3201 3263//3263 3264//3264
f 3202//3202 3264//3264 3265//3265
f 3203//3203 3265//3265 3266//3266
f 3204//3204 3266//3266 3267//3267
f 3205//3205 3267//3267 3268//3268
f 3206//3206 3268//3268 3269//3269
f 3207//3207 3269//3269 3270//3270
f 3208//3208 3270//3270 3271//3271
f 3209//3209 3271//3271 3272//3272
f 3210//3210 3272//3272 3273//3273
f 3211//3211 3273//3273 3274//3274
f 3212//3212 3274//3274 3275//3275
f 3213//3213 3275//3275 3276//3276
f 3214//3214 3276//3276 3277//3277
f 3215//3215 3277//3277 3278//3278
f 128//128 3215//3215 3278//3278
f 1//1 3279//3279 3216//3216
f 3217//3217 3279//3279 3280//3280
f 3218//3218 3280//3280 3281//3281
f 3219//3219 3281//3281 3282//3282
f 3220//3220 3282//3282 3283//3283
f 3221//3221 3283//3283 3284//3284
f 3222//3222 3284//3284 3285//3285
f 3223//3223 3285//3285 3286//3286
f 3224//3224 3286//3286 3287//3287
f 3225//3225 3287//3287 3288//3288
f 3226//3226 3288//3288 3289//3289
f 3227//3227 3289//3289 3290//3290
f 3228//3228 3290//3290 3291//3291
f 3229//3229 3291//3291 3292//3292
f 3230//3230 3292//3292 3293//3293
f 3231//3231 3293//3293 3294//3294
f 3232//3232 3294//3294 3295//3295
f 3233//3233 3295//3295 3296//3296
f 3234//3234 3296//3296 3297//3297
f 3235//3235 3297//3297 3298//3298
f 3236//3236 3298//3298 3299//3299
f 3237//3237 3299//3299 3300//3300
f 3238//3238 3300//3300 3301//3301
f 3239//3239 3301//3301 3302//3302
f 3240//3240 3302//3302 3303//3303
f 3241//3241 3303//3303 3304//3304
f 3242//3242 3304//3304 3305//3305
f 3243//3243 3305//3305 3306//3306
f 3244//3244 3306//3306 3307//3307
f 3245//3245 3307//3307 3308//3308
f 3246//3246 3308//3308 3309//3309
f 3247//3247 3309//3309 3310//3310
f 3248//3248 3310//3310 3311//3311
f 3249//3249 3311//3311 3312//3312
f 3250//3250 3312//3312 3313//3313
f 3251//3251 3313//3313 3314//3314
f 3252//3252 3314//3314 3315//3315
f 3253//3253 3315//3315 3316//3316
f 3254//3254 3316//3316 3317//3317
f 3255//3255 3317//3317 3318//3318
f 3256//3256 3318//3318 3319//3319
f 3257//3257 3319//3319 3320//3320
f 3258//3258 3320//3320 3321//3321
f 3259//3259 3321//3321 3322//3322
f 3260//3260 3322//3322 3323//3323
f 3261//3261 3323//3323 3324//3324
f 3262//3262 3324//3324 3325//3325
f 3263//3263 3325//3325 3326//3326
f 3264//3264 3326//3326 3327//3327
f 3265//3265 3327//3327 3328//3328
f 3266//3266 3328//3328 3329//3329
f 3267//3267 3329//3329 3330//3330
f 3268//3268 3330//3330 3331//3331
f 3269//3269 3331//3331 3332//3332
f 3270//3270 3332//3332 3333//3333
f 3271//3271 3333//3333 3334//3334
f 3272//3272 3334//3334 3335//3335
f 3273//3273 3335//3335 3336//3336
f 3274//3274 3336//3336 3337//3337
f 3275//3275 3337//3337 3338//3338
f 3276//3276 3338//3338 3339//3339
f 3277//3277 3339//3339 3340//3340
f 3278//3278 3340//3340 3341//3341
f 128//128 3278//3278 3341//3341
f 1//1 3342//3342 3279//3279
f 3280//3280 3342//3342 3343//3343
f 3281//3281 3343//3343 3344//3344
f 3282//3282 3344//3344 3345//3345
f 3283//3283 3345//3345 3346//3346
f 3284//3284 3346//3346 3347//3347
f 3285//3285 3347//3347 3348//3348
f 3286//3286 3348//3348 3349//3349
f 3287//3287 3349//3349 3350//3350
f 3288//3288 3350//3350 3351//3351
f 3289//3289 3351//3351 3352//3352
f 3290//3290 3352//3352 3353//3353
f 3291//3291 3353//3353 3354//3354
f 3292//3292 3354//3354 3355//3355
f 3293//3293 3355//3355 3356//3356
f 3294//3294 3356//3356 3357//3357
f 3295//3295 3357//3357 3358//3358
f 3296//3296 3358//3358 3359//3359
f 3297//3297 3359//3359 3360//3360
f 3298//3298 3360//3360 3361//3361
f 3299//3299 3361//3361 3362//3362
f 3300//3300 3362//3362 3363//3363
f 3301//3301 3363//3363 3364//3364
f 3302//3302 3364//3364 3365//3365
f 3303//3303 3365//3365 3366//3366
f 3304//3304 3366//3366 3367//3367
f 3305//3305 3367//3367 3368//3368
f 3306//3306 3368//3368 3369//3369
f 3307//3307 3369//3369 3370//3370
f 3308//3308 3370//3370 3371//3371
f 3309//3309 3371//3371 3372//3372
f 3310//3310 3372//3372 3373//3373
f 3311//3311 3373//3373 3374//3374
f 3312//3312 3374//3374 3375//3375
f 3313//3313 3375//3375 3376//3376
f 3314//3314 3376//3376 3377//3377
f 3315//3315 3377//3377 3378//3378
f 3316//3316 3378//3378 3379//3379
f 3317//3317 3379//3379 3380//3380
f 3318//3318 3380//3380 3381//3381
f 3319//3319 3381//3381 3382//3382
f 3320//3320 3382//3382 3383//3383
f 3321//3321 3383//3383 3384//3384
f 3322//3322 3384//3384 3385//3385
f 3323//3323 3385//3385 3386//3386
f 3324//3324 3386//3386 3387//3387
f 3325//3325 3387//3387 3388//3388
f 3326//3326 3388//3388 3389//3389
f 3327//3327 3389//3389 3390//3390
f 3328//3328 3390//3390 3391//3391
f 3329//3329 3391//3391 3392//3392
f 3330//3330 3392//3392 3393//3393
f 3331//3331 3393//3393 3394//3394
f 3332//3332 3394//3394 3395//3395
f 3333//3333 3395//3395 3396//3396
f 3334//3334 3396//3396 3397//3397
f 3335//3335 3397//3397 3398//3398
f 3336//3336 3398//3398 3399//3399
f 3337//3337 3399//3399 3400//3400
f 3338//3338 3400//3400 3401//3401
f 3339//3339 3401//3401 3402//3402
f 3340//3340 3402//3402 3403//3403
f 3341//3341 3403//3403 3404//3404
f 128//128 3341//3341 3404//3404
f 1//1 3405//3405 3342//3342
f 3343//3343 3405//3405 3406//3406
f 3344//3344 3406//3406 3407//3407
f 3345//3345 3407//3407 3408//3408
f 3346//3346 3408//3408 3409//3409
f 3347//3347 3409//3409 3410//3410
f 3348//3348 3410//3410 3411//3411
f 3349//3349 3411//3411 3412//3412
f 3350//3350 3412//3412 3413//3413
f 3351//3351 3413//3413 3414//3414
f 3352//3352 3414//3414 3415//3415
f 3353//3353 3415//3415 3416//3416
f 3354//3354 3416//3416 3417//3417
f 3355//3355 3417//3417 3418//3418
f 3356//3356 3418//3418 3419//3419
f 3357//3357 3419//3419 3420//3420
f 3358//3358 3420//3420 3421//3421
f 3359//3359 3421//3421 3422//3422
f 3360//3360 3422//3422 3423//3423
f 3361//3361 3423//3423 3424//3424
f 3362//3362 3424//3424 3425//3425
f 3363//3363 3425//3425 3426//3426
f 3364//3364 3426//3426 3427//3427
f 3365//3365 3427//3427 3428//3428
f 3366//3366 3428//3428 3429//3429
f 3367//3367 3429//3429 3430//3430
f 3368//3368 3430//3430 3431//3431
f 3369//3369 3431//3431 3432//3432
f 3370//3370 3432//3432 3433//3433
f 3371//3371 3433//3433 3434//3434
f 3372//3372 3434//3434 3435//3435
f 3373//3373 3435//3435 3436//3436
f 3374//3374 3436//3436 3437//3437
f 3375//3375 3437//3437 3438//3438
f 3376//3376 3438//3438 3439//3439
f 3377//3377 3439//3439 3440//3440
f 3378//3378 3440//3440 3441//3441
f 3379//3379 3441//3441 3442//3442
f 3380//3380 3442//3442 3443//3443
f 3381//3381 3443//3443 3444//3444
f 3382//3382 3444//3444 3445//3445
f 3383//3383 3445//3445 3446//3446
f 3384//3384 3446//3446 3447//3447
f 3385//3385 3447//3447 3448//3448
f 3386//3386 3448//3448 3449//3449
f 3387//3387 3449//3449 3450//3450
f 3388//3388 3450//3450 3451//3451
f 3389//3389 3451//3451 3452//3452
f 3390//3390 3452//3452 3453//3453
f 3391//3391 3453//3453 3454//3454
f 3392//3392 3454//3454 3455//3455
f 3393//3393 3455//3455 3456//3456
f 3394//3394 3456//3456 3457//3457
f 3395//3395 3457//3457 3458//3458
f 3396//3396 3458//3458 3459//3459
f 3397//3397 3459//3459 3460//3460
f 3398//3398 3460//3460 3461//3461
f 3399//3399 3461//3461 3462//3462
f 3400//3400 3462//3462 3463//3463
f 3401//3401 3463//3463 3464//3464
f 3402//3402 3464//3464 3465//3465
f 3403//3403 3465//3465 3466//3466
f 3404//3404 3466//3466 3467//3467
f 128//128 3404//3404 3467//3467
f 1//1 3468//3468 3405//3405
f 3406//3406 3468//3468 3469//3469
f 3407//3407 3469//3469 3470//3470
f 3408//3408 3470//3470 3471//3471
f 3409//3409 3471//3471 3472//3472
f 3410//3410 3472//3472 3473//3473
f 3411//3411 3473//3473 3474//3474
f 3412//3412 3474//3474 3475//3475
f 3413//3413 3475//3475 3476//3476
f 3414//3414 3476//3476 3477//3477
f 3415//3415 3477//3477 3478//3478
f 3416//3416 3478//3478 3479//3479
f 3417//3417 3479//3479 3480//3480
f 3418//3418 3480//3480 3481//3481
f 3419//3419 3481//3481 3482//3482
f 3420//3420 3482//3482 3483//3483
f 3421//3421 3483//3483 3484//3484
f 3422//3422 3484//3484 3485//3485
f 3423//3423 3485//3485 3486//3486
f 3424//3424 3486//3486 3487//3487
f 3425//3425 3487//3487 3488//3488
f 3426//3426 3488//3488 3489//3489
f 3427//3427 3489//3489 3490//3490
f 3428//3428 3490//3490 3491//3491
f 3429//3429 3491//3491 3492//3492
f 3430//3430 3492//3492 3493//3493
f 3431//3431 3493//3493 3494//3494
f 3432//3432 3494//3494 3495//3495
f 3433//3433 3495//3495 3496//3496
f 3434//3434 3496//3496 3497//3497
f 3435//3435 3497//3497 3498//3498
f 3436//3436 3498//3498 3499//3499
f 3437//3437 3499//3499 3500//3500
f 3438//3438 3500//3500 3501//3501
f 3439//3439 3501//3501 3502//3502
f 3440//3440 3502//3502 3503//3503
f 3441//3441 3503//3503 3504//3504
f 3442//3442 3504//3504 3505//3505
f 3443//3443 3505//3505 3506//3506
f 3444//3444 3506//3506 3507//3507
f 3445//3445 3507//3507 3508//3508
f 3446//3446 3508//3508 3509//3509
f 3447//3447 3509//3509 3510//3510
f 3448//3448 3510//3510 3511//3511
f 3449//3449 3511//3511 3512//3512
f 3450//3450 3512//3512 3513//3513
f 3451//3451 3513//3513 3514//3514
f 3452//3452 3514//3514 3515//3515
f 3453//3453 3515//3515 3516//3516
f 3454//3454 3516//3516 3517//3517
f 3455//3455 3517//3517 3518//3518
f 3456//3456 3518//3518 3519//3519
f 3457//3457 3519//3519 3520//3520
f 3458//3458 3520//3520 3521//3521
f 3459//3459 3521//3521 3522//3522
f 3460//3460 3522//3522 3523//3523
f 3461//3461 3523//3523 3524//3524
f 3462//3462 3524//3524 3525//3525
f 3463//3463 3525//3525 3526//3526
f 3464//3464 3526//3526 3527//3527
f 3465//3465 3527//3527 3528//3528
f 3466//3466 3528//3528 3529//3529
f 3467//3467 3529//3529 3530//3530
f 128//128 3467//3467 3530//3530
f 1//1 3531//3531 3468//3468
f 3469//3469 3531//3531 3532//3532
f 3470//3470 3532//3532 3533//3533
f 3471//3471 3533//3533 3534//3534
f 3472//3472 3534//3534 3535//3535
f 3473//3473 3535//3535 3536//3536
f 3474//3474 3536//3536 3537//3537
f 3475//3475 3537//3537 3538//3538
f 3476//3476 3538//3538 3539//3539
f 3477//3477 3539//3539 3540//3540
f 3478//3478 3540//3540 3541//3541
f 3479//3479 3541//3541 3542//3542
f 3480//3480 3542//3542 3543//3543
f 3481//3481 3543//3543 3544//3544
f 3482//3482 3544//3544 3545//3545
f 3483//3483 3545//3545 3546//3546
f 3484//3484 3546//3546 3547//3547
f 3485//3485 3547//3547 3548//3548
f 3486//3486 3548//3548 3549//3549
f 3487//3487 3549//3549 3550//3550
f 3488//3488 3550//3550 3551//3551
f 3489//3489 3551//3551 3552//3552
f 3490//3490 3552//3552 3553//3553
f 3491//3491 3553//3553 3554//3554
f 3492//3492 3554//3554 3555//3555
f 3493//3493 3555//3555 3556//3556
f 3494//3494 3556//3556 3557//3557
f 3495//3495 3557//3557 3558//3558
f 3496//3496 3558//3558 3559//3559
f 3497//3497 3559//3559 3560//3560
f 3498//3498 3560//3560 3561//3561
f 3499//3499 3561//3561 3562//3562
f 3500//3500 3562//3562 3563//3563
f 3501//3501 3563//3563 3564//3564
f 3502//3502 3564//3564 3565//3565
f 3503//3503 3565//3565 3566//3566
f 3504//3504 3566//3566 3567//3567
f 3505//3505 3567//3567 3568//3568
f 3506//3506 3568//3568 3569//3569
f 3507//3507 3569//3569 3570//3570
f 3508//3508 3570//3570 3571//3571
f 3509//3509 3571//3571 3572//3572
f 3510//3510 3572//3572 3573//3573
f 3511//3511 3573//3573 3574//3574
f 3512//3512 3574//3574 3575//3575
f 3513//3513 3575//3575 3576//3576
f 3514//3514 3576//3576 3577//3577
f 3515//3515 3577//3577 3578//3578
f 3516//3516 3578//3578 3579//3579
f 3517//3517 3579//3579 3580//3580
f 3518//3518 3580//3580 3581//3581
f 3519//3519 3581//3581 3582//3582
f 3520//3520 3582//3582 3583//3583
f 3521//3521 3583//3583 3584//3584
f 3522//3522 3584//3584 3585//3585
f 3523//3523 3585//3585 3586//3586
f 3524//3524 3586//3586 3587//3587
f 3525//3525 3587//3587 3588//3588
f 3526//3526 3588//3588 3589//3589
f 3527//3527 3589//3589 3590//3590
f 3528//3528 3590//3590 3591//3591
f 3529//3529 3591//3591 3592//3592
f 3530//3530 3592//3592 3593//3593
f 128//128 3530//3530 3593//3593
f 1//1 3594//3594 3531//3531
f 3532//3532 3594//3594 3595//3595
f 3533//3533 3595//3595 3596//3596
f 3534//3534 3596//3596 3597//3597
f 3535//3535 3597//3597 3598//3598
f 3536//3536 3598//3598 3599//3599
f 3537//3537 3599//3599 3600//3600
f 3538//3538 3600//3600 3601//3601
f 3539//3539 3601//3601 3602//3602
f 3540//3540 3602//3602 3603//3603
f 3541//3541 3603//3603 3604//3604
f 3542//3542 3604//3604 3605//3605
f 3543//3543 3605//3605 3606//3606
f 3544//3544 3606//3606 3607//3607
f 3545//3545 3607//3607 3608//3608
f 3546//3546 3608//3608 3609//3609
f 3547//3547 3609//3609 3610//3610
f 3548//3548 3610//3610 3611//3611
f 3549//3549 3611//3611 3612//3612
f 3550//3550 3612//3612 3613//3613
f 3551//3551 3613//3613 3614//3614
f 3552//3552 3614//3614 3615//3615
f 3553//3553 3615//3615 3616//3616
f 3554//3554 3616//3616 3617//3617
f 3555//3555 3617//3617 3618//3618
f 3556//3556 3618//3618 3619//3619
f 3557//3557 3619//3619 3620//3620
f 3558//3558 3620//3620 3621//3621
f 3559//3559 3621//3621 3622//3622
f 3560//3560 3622//3622 3623//3623
f 3561//3561 3623//3623 3624//3624
f 3562//3562 3624//3624 3625//3625
f 3563//3563 3625//3625 3626//3626
f 3564//3564 3626//3626 3627//3627
f 3565//3565 3627//3627 3628//3628
f 3566//3566 3628//3628 3629//3629
f 3567//3567 3629//3629 3630//3630
f 3568//3568 3630//3630 3631//3631
f 3569//3569 3631//3631 3632//3632
f 3570//3570 3632//3632 3633//3633
f 3571//3571 3633//3633 3634//3634
f 3572//3572 3634//3634 3635//3635
f 3573//3573 3635//3635 3636//3636
f 3574//3574 3636//3636 3637//3637
f 3575//3575 3637//3637 3638//3638
f 3576//3576 3638//3638 3639//3639
f 3577//3577 3639//3639 3640//3640
f 3578//3578 3640//3640 3641//3641
f 3579//3579 3641//3641 3642//3642
f 3580//3580 3642//3642 3643//3643
f 3581//3581 3643//3643 3644//3644
f 3582//3582 3644//3644 3645//3645
f 3583//3583 3645//3645 3646//3646
f 3584//3584 3646//3646 3647//3647
f 3585//3585 3647//3647 3648//3648
f 3586//3586 3648//3648 3649//3649
f 3587//3587 3649//3649 3650//3650
f 3588//3588 3650//3650 3651//3651
f 3589//3589 3651//3651 3652//3652
f 3590//3590 3652//3652 3653//3653
f 3591//3591 3653//3653 3654//3654
f 3592//3592 3654//3654 3655//3655
f 3593//3593 3655//3655 3656//3656
f 128//128 3593//3593 3656//3656
f 1//1 3657//3657 3594//3594
f 3595//3595 3657//3657 3658//3658
f 3596//3596 3658//3658 3659//3659
f 3597//3597 3659//3659 3660//3660
f 3598//3598 3660//3660 3661//3661
f 3599//3599 3661//3661 3662//3662
f 3600//3600 3662//3662 3663//3663
f 3601//3601 3663//3663 3664//3664
f 3602//3602 3664//3664 3665//3665
f 3603//3603 3665//3665 3666//3666
f 3604//3604 3666//3666 3667//3667
f 3605//3605 3667//3667 3668//3668
f 3606//3606 3668//3668 3669//3669
f 3607//3607 3669//3669 3670//3670
f 3608//3608 3670//3670 3671//3671
f 3609//3609 3671//3671 3672//3672
f 3610//3610 3672//3672 3673//3673
f 3611//3611 3673//3673 3674//3674
f 3612//3612 3674//3674 3675//3675
f 3613//3613 3675//3675 3676//3676
f 3614//3614 3676//3676 3677//3677
f 3615//3615 3677//3677 3678//3678
f 3616//3616 3678//3678 3679//3679
f 3617//3617 3679//3679 3680//3680
f 3618//3618 3680//3680 3681//3681
f 3619//3619 3681//3681 3682//3682
f 3620//3620 3682//3682 3683//3683
f 3621//3621 3683//3683 3684//3684
f 3622//3622 3684//3684 3685//3685
f 3623//3623 3685//3685 3686//3686
f 3624//3624 3686//3686 3687//3687
f 3625//3625 3687//3687 3688//3688
f 3626//3626 3688//3688 3689//3689
f 3627//3627 3689//3689 3690//3690
f 3628//3628 3690//3690 3691//3691
f 3629//3629 3691//3691 3692//3692
f 3630//3630 3692//3692 3693//3693
f 3631//3631 3693//3693 3694//3694
f 3632//3632 3694//3694 3695//3695
f 3633//3633 3695//3695 3696//3696
f 3634//3634 3696//3696 3697//3697
f 3635//3635 3697//3697 3698//3698
f 3636//3636 3698//3698 3699//3699
f 3637//3637 3699//3699 3700//3700
f 3638//3638 3700//3700 3701//3701
f 3639//3639 3701//3701 3702//3702
f 3640//3640 3702//3702 3703//3703
f 3641//3641 3703//3703 3704//3704
f 3642//3642 3704//3704 3705//3705
f 3643//3643 3705//3705 3706//3706
f 3644//3644 3706//3706 3707//3707
f 3645//3645 3707//3707 3708//3708
f 3646//3646 3708//3708 3709//3709
f 3647//3647 3709//3709 3710//3710
f 3648//3648 3710//3710 3711//3711
f 3649//3649 3711//3711 3712//3712
f 3650//3650 3712//3712 3713//3713
f 3651//3651 3713//3713 3714//3714
f 3652//3652 3714//3714 3715//3715
f 3653//3653 3715//3715 3716//3716
f 3654//3654 3716//3716 3717//3717
f 3655//3655 3717//3717 3718//3718
f 3656//3656 3718//3718 3719//3719
f 128//128 3656//3656 3719//3719
f 1//1 3720//3720 3657//3657
f 3658//3658 3720//3720 3721//3721
f 3659//3659 3721//3721 3722//3722
f 3660//3660 3722//3722 3723//3723
f 3661//3661 3723//3723 3724//3724
f 3662//3662 3724//3724 3725//3725
f 3663//3663 3725//3725 3726//3726
f 3664//3664 3726//3726 3727//3727
f 3665//3665 3727//3727 3728//3728
f 3666//3666 3728//3728 3729//3729
f 3667//3667 3729//3729 3730//3730
f 3668//3668 3730//3730 3731//3731
f 3669//3669 3731//3731 3732//3732
f 3670//3670 3732//3732 3733//3733
f 3671//3671 3733//3733 3734//3734
f 3672//3672 3734//3734 3735//3735
f 3673//3673 3735//3735 3736//3736
f 3674//3674 3736//3736 3737//3737
f 3675//3675 3737//3737 3738//3738
f 3676//3676 3738//3738 3739//3739
f 3677//3677 3739//3739 3740//3740
f 3678//3678 3740//3740 3741//3741
f 3679//3679 3741//3741 3742//3742
f 3680//3680 3742//3742 3743//3743
f 3681//3681 3743//3743 3744//3744
f 3682//3682 3744//3744 3745//3745
f 3683//3683 3745//3745 3746//3746
f 3684//3684 3746//3746 3747//3747
f 3685//3685 3747//3747 3748//3748
f 3686//3686 3748//3748 3749//3749
f 3687//3687 3749//3749 3750//3750
f 3688//3688 3750//3750 3751//3751
f 3689//3689 3751//3751 3752//3752
f 3690//3690 3752//3752 3753//3753
f 3691//3691 3753//3753 3754//3754
f 3692//3692 3754//3754 3755//3755
f 3693//3693 3755//3755 3756//3756
f 3694//3694 3756//3756 3757//3757
f 3695//3695 3757//3757 3758//3758
f 3696//3696 3758//3758 3759//3759
f 3697//3697 3759//3759 3760//3760
f 3698//3698 3760//3760 3761//3761
f 3699//3699 3761//3761 3762//3762
f 3700//3700 3762//3762 3763//3763
f 3701//3701 3763//3763 3764//3764
f 3702//3702 3764//3764 3765//3765
f 3703//3703 3765//3765 3766//3766
f 3704//3704 3766//3766 3767//3767
f 3705//3705 3767//3767 3768//3768
f 3706//3706 3768//3768 3769//3769
f 3707//3707 3769//3769 3770//3770
f 3708//3708 3770//3770 3771//3771
f 3709//3709 3771//3771 3772//3772
f 3710//3710 3772//3772 3773//3773
f 3711//3711 3773//3773 3774//3774
f 3712//3712 3774//3774 3775//3775
f 3713//3713 3775//3775 3776//3776
f 3714//3714 3776//3776 3777//3777
f 3715//3715 3777//3777 3778//3778
f 3716//3716 3778//3778 3779//3779
f 3717//3717 3779//3779 3780//3780
f 3718//3718 3780//3780 3781//3781
f 3719//3719 3781//3781 3782//3782
f 128//128 3719//3719 3782//3782
f 1//1 3783//3783 3720//3720
f 3721//3721 3783//3783 3784//3784
f 3722//3722 3784//3784 3785//3785
f 3723//3723 3785//3785 3786//3786
f 3724//3724 3786//3786 3787//3787
f 3725//3725 3787//3787 3788//3788
f 3726//3726 3788//3788 3789//3789
f 3727//3727 3789//3789 3790//3790
f 3728//3728 3790//3790 3791//3791
f 3729//3729 3791//3791 3792//3792
f 3730//3730 3792//3792 3793//3793
f 3731//3731 3793//3793 3794//3794
f 3732//3732 3794//3794 3795//3795
f 3733//3733 3795//3795 3796//3796
f 3734//3734 3796//3796 3797//3797
f 3735//3735 3797//3797 3798//3798
f 3736//3736 3798//3798 3799//3799
f 3737//3737 3799//3799 3800//3800
f 3738//3738 3800//3800 3801//3801
f 3739//3739 3801//3801 3802//3802
f 3740//3740 3802//3802 3803//3803
f 3741//3741 3803//3803 3804//3804
f 3742//3742 3804//3804 3805//3805
f 3743//3743 3805//3805 3806//3806
f 3744//3744 3806//3806 3807//3807
f 3745//3745 3807//3807 3808//3808
f 3746//3746 3808//3808 3809//3809
f 3747//3747 3809//3809 3810//3810
f 3748//3748 3810//3810 3811//3811
f 3749//3749 3811//3811 3812//3812
f 3750//3750 3812//3812 3813//3813
f 3751//3751 3813//3813 3814//3814
f 3752//3752 3814//3814 3815//3815
f 3753//3753 3815//3815 3816//3816
f 3754//3754 3816//3816 3817//3817
f 3755//3755 3817//3817 3818//3818
f 3756//3756 3818//3818 3819//3819
f 3757//3757 3819//3819 3820//3820
f 3758//3758 3820//3820 3821//3821
f 3759//3759 3821//3821 3822//3822
f 3760//3760 3822//3822 3823//3823
f 3761//3761 3823//3823 3824//3824
f 3762//3762 3824//3824 3825//3825
f 3763//3763 3825//3825 3826//3826
f 3764//3764 3826//3826 3827//3827
f 3765//3765 3827//3827 3828//3828
f 3766//3766 3828//3828 3829//3829
f 3767//3767 3829//3829 3830//3830
f 3768//3768 3830//3830 3831//3831
f 3769//3769 3831//3831 3832//3832
f 3770//3770 3832//3832 3833//3833
f 3771//3771 3833//3833 3834//3834
f 3772//3772 3834//3834 3835//3835
f 3773//3773 3835//3835 3836//3836
f 3774//3774 3836//3836 3837//3837
f 3775//3775 3837//3837 3838//3838
f 3776//3776 3838//3838 3839//3839
f 3777//3777 3839//3839 3840//3840
f 3778//3778 3840//3840 3841//3841
f 3779//3779 3841//3841 3842//3842
f 3780//3780 3842//3842 3843//3843
f 3781//3781 3843//3843 3844//3844
f 3782//3782 3844//3844 3845//3845
f 128//128 3782//3782 3845//3845
f 1//1 3846//3846 3783//3783
f 3784//3784 3846//3846 3847//3847
f 3785//3785 3847//3847 3848//3848
f 3786//3786 3848//3848 3849//3849
f 3787//3787 3849//3849 3850//3850
f 3788//3788 3850//3850 3851//3851
f 3789//3789 3851//3851 3852//3852
f 3790//3790 3852//3852 3853//3853
f 3791//3791 3853//3853 3854//3854
f 3792//3792 3854//3854 3855//3855
f 3793//3793 3855//3855 3856//3856
f 3794//3794 3856//3856 3857//3857
f 3795//3795 3857//3857 3858//3858
f 3796//3796 3858//3858 3859//3859
f 3797//3797 3859//3859 3860//3860
f 3798//3798 3860//3860 3861//3861
f 3799//3799 3861//3861 3862//3862
f 3800//3800 3862//3862 3863//3863
f 3801//3801 3863//3863 3864//3864
f 3802//3802 3864//3864 3865//3865
f 3803//3803 3865//3865 3866//3866
f 3804//3804 3866//3866 3867//3867
f 3805//3805 3867//3867 3868//3868
f 3806//3806 3868//3868 3869//3869
f 3807//3807 3869//3869 3870//3870
f 3808//3808 3870//3870 3871//3871
f 3809//3809 3871//3871 3872//3872
f 3810//3810 3872//3872 3873//3873
f 3811//3811 3873//3873 3874//3874
f 3812//3812 3874//3874 3875//3875
f 3813//3813 3875//3875 3876//3876
f 3814//3814 3876//3876 3877//3877
f 3815//3815 3877//3877 3878//3878
f 3816//3816 3878//3878 3879//3879
f 3817//3817 3879//3879 3880//3880
f 3818//3818 3880//3880 3881//3881
f 3819//3819 3881//3881 3882//3882
f 3820//3820 3882//3882 3883//3883
f 3821//3821 3883//3883 3884//3884
f 3822//3822 3884//3884 3885//3885
f 3823//3823 3885//3885 3886//3886
f 3824//3824 3886//3886 3887//3887
f 3825//3825 3887//3887 3888//3888
f 3826//3826 3888//3888 3889//3889
f 3827//3827 3889//3889 3890//3890
f 3828//3828 3890//3890 3891//3891
f 3829//3829 3891//3891 3892//3892
f 3830//3830 3892//3892 3893//3893
f 3831//3831 3893//3893 3894//3894
f 3832//3832 3894//3894 3895//3895
f 3833//3833 3895//3895 3896//3896
f 3834//3834 3896//3896 3897//3897
f 3835//3835 3897//3897 3898//3898
f 3836//3836 3898//3898 3899//3899
f 3837//3837 3899//3899 3900//3900
f 3838//3838 3900//3900 3901//3901
f 3839//3839 3901//3901 3902//3902
f 3840//3840 3902//3902 3903//3903
f 3841//3841 3903//3903 3904//3904
f 3842//3842 3904//3904 3905//3905
f 3843//3843 3905//3905 3906//3906
f 3844//3844 3906//3906 3907//3907
f 3845//3845 3907//3907 3908//3908
f 128//128 3845//3845 3908//3908
f 1//1 3909//3909 3846//3846
f 3847//3847 3909//3909 3910//3910
f 3848//3848 3910//3910 3911//3911
f 3849//3849 3911//3911 3912//3912
f 3850//3850 3912//3912 3913//3913
f 3851//3851 3913//3913 3914//3914
f 3852//3852 3914//3914 3915//3915
f 3853//3853 3915//3915 3916//3916
f 3854//3854 3916//3916 3917//3917
f 3855//3855 3917//3917 3918//3918
f 3856//3856 3918//3918 3919//3919
f 3857//3857 3919//3919 3920//3920
f 3858//3858 3920//3920 3921//3921
f 3859//3859 3921//3921 3922//3922
f 3860//3860 3922//3922 3923//3923
f 3861//3861 3923//3923 3924//3924
f 3862//3862 3924//3924 3925//3925
f 3863//3863 3925//3925 3926//3926
f 3864//3864 3926//3926 3927//3927
f 3865//3865 3927//3927 3928//3928
f 3866//3866 3928//3928 3929//3929
f 3867//3867 3929//3929 3930//3930
f 3868//3868 3930//3930 3931//3931
f 3869//3869 3931//3931 3932//3932
f 3870//3870 3932//3932 3933//3933
f 3871//3871 3933//3933 3934//3934
f 3872//3872 3934//3934 3935//3935
f 3873//3873 3935//3935 3936//3936
f 3874//3874 3936//3936 3937//3937
f 3875//3875 3937//3937 3938//3938
f 3876//3876 3938//3938 3939//3939
f 3877//3877 3939//3939 3940//3940
f 3878//3878 3940//3940 3941//3941
f 3879//3879 3941//3941 3942//3942
f 3880//3880 3942//3942 3943//3943
f 3881//3881 3943//3943 3944//3944
f 3882//3882 3944//3944 3945//3945
f 3883//3883 3945//3945 3946//3946
f 3884//3884 3946//3946 3947//3947
f 3885//3885 3947//3947 3948//3948
f 3886//3886 3948//3948 3949//3949
f 3887//3887 3949//3949 3950//3950
f 3888//3888 3950//3950 3951//3951
f 3889//3889 3951//3951 3952//3952
f 3890//3890 3952//3952 3953//3953
f 3891//3891 3953//3953 3954//3954
f 3892//3892 3954//3954 3955//3955
f 3893//3893 3955//3955 3956//3956
f 3894//3894 3956//3956 3957//3957
f 3895//3895 3957//3957 3958//3958
f 3896//3896 3958//3958 3959//3959
f 3897//3897 3959//3959 3960//3960
f 3898//3898 3960//3960 3961//3961
f 3899//3899 3961//3961 3962//3962
f 3900//3900 3962//3962 3963//3963
f 3901//3901 3963//3963 3964//3964
f 3902//3902 3964//3964 3965//3965
f 3903//3903 3965//3965 3966//3966
f 3904//3904 3966//3966 3967//3967
f 3905//3905 3967//3967 3968//3968
f 3906//3906 3968//3968 3969//3969
f 3907//3907 3969//3969 3970//3970
f 3908//3908 3970//3970 3971//3971
f 128//128 3908//3908 3971//3971
f 1//1 3972//3972 3909//3909
f 3910//3910 3972//3972 3973//3973
f 3911//3911 3973//3973 3974//3974
f 3912//3912 3974//3974 3975//3975
f 3913//3913 3975//3975 3976//3976
f 3914//3914 3976//3976 3977//3977
f 3915//3915 3977//3977 3978//3978
f 3916//3916 3978//3978 3979//3979
f 3917//3917 3979//3979 3980//3980
f 3918//3918 3980//3980 3981//3981
f 3919//3919 3981//3981 3982//3982
f 3920//3920 3982//3982 3983//3983
f 3921//3921 3983//3983 3984//3984
f 3922//3922 3984//3984 3985//3985
f 3923//3923 3985//3985 3986//3986
f 3924//3924 3986//3986 3987//3987
f 3925//3925 3987//3987 3988//3988
f 3926//3926 3988//3988 3989//3989
f 3927//3927 3989//3989 3990//3990
f 3928//3928 3990//3990 3991//3991
f 3929//3929 3991//3991 3992//3992
f 3930//3930 3992//3992 3993//3993
f 3931//3931 3993//3993 3994//3994
f 3932//3932 3994//3994 3995//3995
f 3933//3933 3995//3995 3996//3996
f 3934//3934 3996//3996 3997//3997
f 3935//3935 3997//3997 3998//3998
f 3936//3936 3998//3998 3999//3999
f 3937//3937 3999//3999 4000//4000
f 3938//3938 4000//4000 4001//4001
f 3939//3939 4001//4001 4002//4002
f 3940//3940 4002//4002 4003//4003
f 3941//3941 4003//4003 4004//4004
f 3942//3942 4004//4004 4005//4005
f 3943//3943 4005//4005 4006//4006
f 3944//3944 4006//4006 4007//4007
f 3945//3945 4007//4007 4008//4008
f 3946//3946 4008//4008 4009//4009
f 3947//3947 4009//4009 4010//4010
f 3948//3948 4010//4010 4011//4011
f 3949//3949 4011//4011 4012//4012
f 3950//3950 4012//4012 4013//4013
f 3951//3951 4013//4013 4014//4014
f 3952//3952 4014//4014 4015//4015
f 3953//3953 4015//4015 4016//4016
f 3954//3954 4016//4016 4017//4017
f 3955//3955 4017//4017 4018//4018
f 3956//3956 4018//4018 4019//4019
f 3957//3957 4019//4019 4020//4020
f 3958//3958 4020//4020 4021//4021
f 3959//3959 4021//4021 4022//4022
f 3960//3960 4022//4022 4023//4023
f 3961//3961 4023//4023 4024//4024
f 3962//3962 4024//4024 4025//4025
f 3963//3963 4025//4025 4026//4026
f 3964//3964 4026//4026 4027//4027
f 3965//3965 4027//4027 4028//4028
f 3966//3966 4028//4028 4029//4029
f 3967//3967 4029//4029 4030//4030
f 3968//3968 4030//4030 4031//4031
f 3969//3969 4031//4031 4032//4032
f 3970//3970 4032//4032 4033//4033
f 3971//3971 4033//4033 4034//4034
f 128//128 3971//3971 4034//4034
f 1//1 3//3 3972//3972
f 3973//3973 3//3 4//4
f 3974//3974 4//4 6//6
f 3975//3975 6//6 8//8
f 3976//3976 8//8 10//10
f 3977//3977 10//10 12//12
f 3978//3978 12//12 14//14
f 3979//3979 14//14 16//16
f 3980//3980 16//16 18//18
f 3981//3981 18//18 20//20
f 3982//3982 20//20 22//22
f 3983//3983 22//22 24//24
f 3984//3984 24//24 26//26
f 3985//3985 26//26 28//28
f 3986//3986 28//28 30//30
f 3987//3987 30//30 32//32
f 3988//3988 32//32 34//34
f 3989//3989 34//34 36//36
f 3990//3990 36//36 38//38
f 3991//3991 38//38 40//40
f 3992//3992 40//40 42//42
f 3993//3993 42//42 44//44
f 3994//3994 44//44 46//46
f 3995//3995 46//46 48//48
f 3996//3996 48//48 50//50
f 3997//3997 50//50 52//52
f 3998//3998 52//52 54//54
f 3999//3999 54//54 56//56
f 4000//4000 56//56 58//58
f 4001//4001 58//58 60//60
f 4002//4002 60//60 62//62
f 4003//4003 62//62 64//64
f 4004//4004 64//64 66//66
f 4005//4005 66//66 68//68
f 4006//4006 68//68 70//70
f 4007//4007 70//70 72//72
f 4008//4008 72//72 74//74
f 4009//4009 74//74 76//76
f 4010//4010 76//76 78//78
f 4011//4011 78//78 80//80
f 4012//4012 80//80 82//82
f 4013//4013 82//82 84//84
f 4014//4014 84//84 86//86
f 4015//4015 86//86 88//88
f 4016//4016 88//88 90//90
f 4017//4017 90//90 92//92
f 4018//4018 92//92 94//94
f 4019//4019 94//94 96//96
f 4020//4020 96//96 98//98
f 4021//4021 98//98 100//100
f 4022//4022 100//100 102//102
f 4023//4023 102//102 104//104
f 4024//4024 104//104 106//106
f 4025//4025 106//106 108//108
f 4026//4026 108//108 110//110
f 4027//4027 110//110 112//112
f 4028//4028 112//112 114//114
f 4029//4029 114//114 116//116
f 4030//4030 116//116 118//118
f 4031//4031 118//118 120//120
f 4032//4032 120//120 122//122
f 4033//4033 122//122 124//124
f 4034//4034 124//124 126//126
f 128//128 4034//4034 126//126
f 4//4 3//3 2//2
f 6//6 4//4 5//5
f 8//8 6//6 7//7
f 10//10 8//8 9//9
f 12//12 10//10 11//11
f 14//14 12//12 13//13
f 16//16 14//14 15//15
f 18//18 16//16 17//17
f 20//20 18//18 19//19
f 22//22 20//20 21//21
f 24//24 22//22 23//23
f 26//26 24//24 25//25
f 28//28 26//26 27//27
f 30//30 28//28 29//29
f 32//32 30//30 31//31
f 34//34 32//32 33//33
f 36//36 34//34 35//35
f 38//38 36//36 37//37
f 40//40 38//38 39//39
f 42//42 40//40 41//41
f 44//44 42//42 43//43
f 46//46 44//44 45//45
f 48//48 46//46 47//47
f 50//50 48//48 49//49
f 52//52 50//50 51//51
f 54//54 52//52 53//53
f 56//56 54//54 55//55
f 58//58 56//56 57//57
f 60//60 58//58 59//59
f 62//62 60//60 61//61
f 64//64 62//62 63//63
f 66//66 64//64 65//65
f 68//68 66//66 67//67
f 70//70 68//68 69//69
f 72//72 70//70 71//71
f 74//74 72//72 73//73
f 76//76 74//74 75//75
f 78//78 76//76 77//77
f 80//80 78//78 79//79
f 82//82 80//80 81//81
f 84//84 82//82 83//83
f 86//86 84//84 85//85
f 88//88 86//86 87//87
f 90//90 88//88 89//89
f 92//92 90//90 91//91
f 94//94 92//92 93//93
f 96//96 94//94 95//95
f 98//98 96//96 97//97
f 100//100 98//98 99//99
f 102//102 100//100 101//101
f 104//104 102//102 103//103
f 106//106 104//104 105//105
f 108//108 106//106 107//107
f 110//110 108//108 109//109
f 112//112 110//110 111//111
f 114//114 112//112 113//113
f 116//116 114//114 115//115
f 118//118 116//116 117//117
f 120//120 118//118 119//119
f 122//122 120//120 121//121
f 124//124 122//122 123//123
f 126//126 124//124 125//125
f 5//5 2//2 129//129
f 7//7 5//5 130//130
f 9//9 7//7 131//131
f 11//11 9//9 132//132
f 13//13 11//11 133//133
f 15//15 13//13 134//134
f 17//17 15//15 135//135
f 19//19 17//17 136//136
f 21//21 19//19 137//137
f 23//23 21//21 138//138
f 25//25 23//23 139//139
f 27//27 25//25 140//140
f 29//29 27//27 141//141
f 31//31 29//29 142//142
f 33//33 31//31 143//143
f 35//35 33//33 144//144
f 37//37 35//35 145//145
f 39//39 37//37 146//146
f 41//41 39//39 147//147
f 43//43 41//41 148//148
f 45//45 43//43 149//149
f 47//47 45//45 150//150
f 49//49 47//47 151//151
f 51//51 49//49 152//152
f 53//53 51//51 153//153
f 55//55 53//53 154//154
f 57//57 55//55 155//155
f 59//59 57//57 156//156
f 61//61 59//59 157//157
f 63//63 61//61 158//158
f 65//65 63//63 159//159
f 67//67 65//65 160//160
f 69//69 67//67 161//161
f 71//71 69//69 162//162
f 73//73 71//71 163//163
f 75//75 73//73 164//164
f 77//77 75//75 165//165
f 79//79 77//77 166//166
f 81//81 79//79 167//167
f 83//83 81//81 168//168
f 85//85 83//83 169//169
f 87//87 85//85 170//170
f 89//89 87//87 171//171
f 91//91 89//89 172//172
f 93//93 91//91 173//173
f 95//95 93//93 174//174
f 97//97 95//95 175//175
f 99//99 97//97 176//176
f 101//101 99//99 177//177
f 103//103 101//101 178//178
f 105//105 103//103 179//179
f 107//107 105//105 180//180
f 109//109 107//107 181//181
f 111//111 109//109 182//182
f 113//113 111//111 183//183
f 115//115 113//113 184//184
f 117//117 115//115 185//185
f 119//119 117//117 186//186
f 121//121 119//119 187//187
f 123//123 121//121 188//188
f 125//125 123//123 189//189
f 127//127 125//125 190//190
f 130//130 129//129 192//192
f 131//131 130//130 193//193
f 132//132 131//131 194//194
f 133//133 132//132 195//195
f 134//134 133//133 196//196
f 135//135 134//134 197//197
f 136//136 135//135 198//198
f 137//137 136//136 199//199
f 138//138 137//137 200//200
f 139//139 138//138 201//201
f 140//140 139//139 202//202
f 141//141 140//140 203//203
f 142//142 141//141 204//204
f 143//143 142//142 205//205
f 144//144 143//143 206//206
f 145//145 144//144 207//207
f 146//146 145//145 208//208
f 147//147 146//146 209//209
f 148//148 147//147 210//210
f 149//149 148//148 211//211
f 150//150 149//149 212//212
f 151//151 150//150 213//213
f 152//152 151//151 214//214
f 153//153 152//152 215//215
f 154//154 153//153 216//216
f 155//155 154//154 217//217
f 156//156 155//155 218//218
f 157//157 156//156 219//219
f 158//158 157//157 220//220
f 159//159 158//158 221//221
f 160//160 159//159 222//222
f 161//161 160//160 223//223
f 162//162 161//161 224//224
f 163//163 162//162 225//225
f 164//164 163//163 226//226
f 165//165 164//164 227//227
f 166//166 165//165 228//228
f 167//167 166//166 229//229
f 168//168 167//167 230//230
f 169//169 168//168 231//231
f 170//170 169//169 232//232
f 171//171 170//170 233//233
f 172//172 171//171 234//234
f 173//173 172//172 235//235
f 174//174 173//173 236//236
f 175//175 174//174 237//237
f 176//176 175//175 238//238
f 177//177 176//176 239//239
f 178//178 177//177 240//240
f 179//179 178//178 241//241
f 180//180 179//179 242//242
f 181//181 180//180 243//243
f 182//182 181//181 244//244
f 183//183 182//182 245//245
f 184//184 183//183 246//246
f 185//185 184//184 247//247
f 186//186 185//185 248//248
f 187//187 186//186 249//249
f 188//188 187//187 250//250
f 189//189 188//188 251//251
f 190//190 189//189 252//252
f 191//191 190//190 253//253
f 193//193 192//192 255//255
f 194//194 193//193 256//256
f 195//195 194//194 257//257
f 196//196 195//195 258//258
f 197//197 196//196 259//259
f 198//198 197//197 260//260
f 199//199 198//198 261//261
f 200//200 199//199 262//262
f 201//201 200//200 263//263
f 202//202 201//201 264//264
f 203//203 202//202 265//265
f 204//204 203//203 266//266
f 205//205 204//204 267//267
f 206//206 205//205 268//268
f 207//207 206//206 269//269
f 208//208 207//207 270//270
f 209//209 208//208 271//271
f 210//210 209//209 272//272
f 211//211 210//210 273//273
f 212//212 211//211 274//274
f 213//213 212//212 275//275
f 214//214 213//213 276//276
f 215//215 214//214 277//277
f 216//216 215//215 278//278
f 217//217 216//216 279//279
f 218//218 217//217 280//280
f 219//219 218//218 281//281
f 220//220 219//219 282//282
f 221//221 220//220 283//283
f 222//222 221//221 284//284
f 223//223 222//222 285//285
f 224//224 223//223 286//286
f 225//225 224//224 287//287
f 226//226 225//225 288//288
f 227//227 226//226 289//289
f 228//228 227//227 290//290
f 229//229 228//228 291//291
f 230//230 229//229 292//292
f 231//231 230//230 293//293
f 232//232 231//231 294//294
f 233//233 232//232 295//295
f 234//234 233//233 296//296
f 235//235 234//234 297//297
f 236//236 235//235 298//298
f 237//237 236//236 299//299
f 238//238 237//237 300//300
f 239//239 238//238 301//301
f 240//240 239//239 302//302
f 241//241 240//240 303//303
f 242//242 241//241 304//304
f 243//243 242//242 305//305
f 244//244 243//243 306//306
f 245//245 244//244 307//307
f 246//246 245//245 308//308
f 247//247 246//246 309//309
f 248//248 247//247 310//310
f 249//249 248//248 311//311
f 250//250 249//249 312//312
f 251//251 250//250 313//313
f 252//252 251//251 314//314
f 253//253 252//252 315//315
f 254//254 253//253 316//316
f 256//256 255//255 318//318
f 257//257 256//256 319//319
f 258//258 257//257 320//320
f 259//259 258//258 321//321
f 260//260 259//259 322//322
f 261//261 260//260 323//323
f 262//262 261//261 324//324
f 263//263 262//262 325//325
f 264//264 263//263 326//326
f 265//265 264//264 327//327
f 266//266 265//265 328//328
f 267//267 266//266 329//329
f 268//268 267//267 330//330
f 269//269 268//268 331//331
f 270//270 269//269 332//332
f 271//271 270//270 333//333
f 272//272 271//271 334//334
f 273//273 272//272 335//335
f 274//274 273//273 336//336
f 275//275 274//274 337//337
f 276//276 275//275 338//338
f 277//277 276//276 339//339
f 278//278 277//277 340//340
f 279//279 278//278 341//341
f 280//280 279//279 342//342
f 281//281 280//280 343//343
f 282//282 281//281 344//344
f 283//283 282//282 345//345
f 284//284 283//283 346//346
f 285//285 284//284 347//347
f 286//286 285//285 348//348
f 287//287 286//286 349//349
f 288//288 287//287 350//350
f 289//289 288//288 351//351
f 290//290 289//289 352//352
f 291//291 290//290 353//353
f 292//292 291//291 354//354
f 293//293 292//292 355//355
f 294//294 293//293 356//356
f 295//295 294//294 357//357
f 296//296 295//295 358//358
f 297//297 296//296 359//359
f 298//298 297//297 360//360
f 299//299 298//298 361//361
f 300//300 299//299 362//362
f 301//301 300//300 363//363
f 302//302 301//301 364//364
f 303//303 302//302 365//365
f 304//304 303//303 366//366
f 305//305 304//304 367//367
f 306//306 305//305 368//368
f 307//307 306//306 369//369
f 308//308 307//307 370//370
f 309//309 308//308 371//371
f 310//310 309//309 372//372
f 311//311 310//310 373//373
f 312//312 311//311 374//374
f 313//313 312//312 375//375
f 314//314 313//313 376//376
f 315//315 314//314 377//377
f 316//316 315//315 378//378
f 317//317 316//316 379//379
f 319//319 318//318 381//381
f 320//320 319//319 382//382
f 321//321 320//320 383//383
f 322//322 321//321 384//384
f 323//323 322//322 385//385
f 324//324 323//323 386//386
f 325//325 324//324 387//387
f 326//326 325//325 388//388
f 327//327 326//326 389//389
f 328//328 327//327 390//390
f 329//329 328//328 391//391
f 330//330 329//329 392//392
f 331//331 330//330 393//393
f 332//332 331//331 394//394
f 333//333 332//332 395//395
f 334//334 333//333 396//396
f 335//335 334//334 397//397
f 336//336 335//335 398//398
f 337//337 336//336 399//399
f 338//338 337//337 400//400
f 339//339 338//338 401//401
f 340//340 339//339 402//402
f 341//341 340//340 403//403
f 342//342 341//341 404//404
f 343//343 342//342 405//405
f 344//344 343//343 406//406
f 345//345 344//344 407//407
f 346//346 345//345 408//408
f 347//347 346//346 409//409
f 348//348 347//347 410//410
f 349//349 348//348 411//411
f 350//350 349//349 412//412
f 351//351 350//350 413//413
f 352//352 351//351 414//414
f 353//353 352//352 415//415
f 354//354 353//353 416//416
f 355//355 354//354 417//417
f 356//356 355//355 418//418
f 357//357 356//356 419//419
f 358//358 357//357 420//420
f 359//359 358//358 421//421
f 360//360 359//359 422//422
f 361//361 360//360 423//423
f 362//362 361//361 424//424
f 363//363 362//362 425//425
f 364//364 363//363 426//426
f 365//365 364//364 427//427
f 366//366 365//365 428//428
f 367//367 366//366 429//429
f 368//368 367//367 430//430
f 369//369 368//368 431//431
f 370//370 369//369 432//432
f 371//371 370//370 433//433
f 372//372 371//371 434//434
f 373//373 372//372 435//435
f 374//374 373//373 436//436
f 375//375 374//374 437//437
f 376//376 375//375 438//438
f 377//377 376//376 439//439
f 378//378 377//377 440//440
f 379//379 378//378 441//441
f 380//380 379//379 442//442
f 382//382 381//381 444//444
f 383//383 382//382 445//445
f 384//384 383//383 446//446
f 385//385 384//384 447//447
f 386//386 385//385 448//448
f 387//387 386//386 449//449
f 388//388 387//387 450//450
f 389//389 388//388 451//451
f 390//390 389//389 452//452
f 391//391 390//390 453//453
f 392//392 391//391 454//454
f 393//393 392//392 455//455
f 394//394 393//393 456//456
f 395//395 394//394 457//457
f 396//396 395//395 458//458
f 397//397 396//396 459//459
f 398//398 397//397 460//460
f 399//399 398//398 461//461
f 400//400 399//399 462//462
f 401//401 400//400 463//463
f 402//402 401//401 464//464
f 403//403 402//402 465//465
f 404//404 403//403 466//466
f 405//405 404//404 467//467
f 406//406 405//405 468//468
f 407//407 406//406 469//469
f 408//408 407//407 470//470
f 409//409 408//408 471//471
f 410//410 409//409 472//472
f 411//411 410//410 473//473
f 412//412 411//411 474//474
f 413//413 412//412 475//475
f 414//414 413//413 476//476
f 415//415 414//414 477//477
f 416//416 415//415 478//478
f 417//417 416//416 479//479
f 418//418 417//417 480//480
f 419//419 418//418 481//481
f 420//420 419//419 482//482
f 421//421 420//420 483//483
f 422//422 421//421 484//484
f 423//423 422//422 485//485
f 424//424 423//423 486//486
f 425//425 424//424 487//487
f 426//426 425//425 488//488
f 427//427 426//426 489//489
f 428//428 427//427 490//490
f 429//429 428//428 491//491
f 430//430 429//429 492//492
f 431//431 430//430 493//493
f 432//432 431//431 494//494
f 433//433 432//432 495//495
f 434//434 433//433 496//496
f 435//435 434//434 497//497
f 436//436 435//435 498//498
f 437//437 436//436 499//499
f 438//438 437//437 500//500
f 439//439 438//438 501//501
f 440//440 439//439 502//502
f 441//441 440//440 503//503
f 442//442 441//441 504//504
f 443//443 442//442 505//505
f 445//445 444//444 507//507
f 446//446 445//445 508//508
f 447//447 446//446 509//509
f 448//448 447//447 510//510
f 449//449 448//448 511//511
f 450//450 449//449 512//512
f 451//451 450//450 513//513
f 452//452 451//451 514//514
f 453//453 452//452 515//515
f 454//454 453//453 516//516
f 455//455 454//454 517//517
f 456//456 455//455 518//518
f 457//457 456//456 519//519
f 458//458 457//457 520//520
f 459//459 458//458 521//521
f 460//460 459//459 522//522
f 461//461 460//460 523//523
f 462//462 461//461 524//524
f 463//463 462//462 525//525
f 464//464 463//463 526//526
f 465//465 464//464 527//527
f 466//466 465//465 528//528
f 467//467 466//466 529//529
f 468//468 467//467 530//530
f 469//469 468//468 531//531
f 470//470 469//469 532//532
f 471//471 470//470 533//533
f 472//472 471//471 534//534
f 473//473 472//472 535//535
f 474//474 473//473 536//536
f 475//475 474//474 537//537
f 476//476 475//475 538//538
f 477//477 476//476 539//539
f 478//478 477//477 540//540
f 479//479 478//478 541//541
f 480//480 479//479 542//542
f 481//481 480//480 543//543
f 482//482 481//481 544//544
f 483//483 482//482 545//545
f 484//484 483//483 546//546
f 485//485 484//484 547//547
f 486//486 485//485 548//548
f 487//487 486//486 549//549
f 488//488 487//487 550//550
f 489//489 488//488 551//551
f 490//490 489//489 552//552
f 491//491 490//490 553//553
f 492//492 491//491 554//554
f 493//493 492//492 555//555
f 494//494 493//493 556//556
f 495//495 494//494 557//557
f 496//496 495//495 558//558
f 497//497 496//496 559//559
f 498//498 497//497 560//560
f 499//499 498//498 561//561
f 500//500 499//499 562//562
f 501//501 500//500 563//563
f 502//502 501//501 564//564
f 503//503 502//502 565//565
f 504//504 503//503 566//566
f 505//505 504//504 567//567
f 506//506 505//505 568//568
f 508//508 507//507 570//570
f 509//509 508//508 571//571
f 510//510 509//509 572//572
f 511//511 510//510 573//573
f 512//512 511//511 574//574
f 513//513 512//512 575//575
f 514//514 513//513 576//576
f 515//515 514//514 577//577
f 516//516 515//515 578//578
f 517//517 516//516 579//579
f 518//518 517//517 580//580
f 519//519 518//518 581//581
f 520//520 519//519 582//582
f 521//521 520//520 583//583
f 522//522 521//521 584//584
f 523//523 522//522 585//585
f 524//524 523//523 586//586
f 525//525 524//524 587//587
f 526//526 525//525 588//588
f 527//527 526//526 589//589
f 528//528 527//527 590//590
f 529//529 528//528 591//591
f 530//530 529//529 592//592
f 531//531 530//530 593//593
f 532//532 531//531 594//594
f 533//533 532//532 595//595
f 534//534 533//533 596//596
f 535//535 534//534 597//597
f 536//536 535//535 598//598
f 537//537 536//536 599//599
f 538//538 537//537 600//600
f 539//539 538//538 601//601
f 540//540 539//539 602//602
f 541//541 540//540 603//603
f 542//542 541//541 604//604
f 543//543 542//542 605//605
f 544//544 543//543 606//606
f 545//545 544//544 607//607
f 546//546 545//545 608//608
f 547//547 546//546 609//609
f 548//548 547//547 610//610
f 549//549 548//548 611//611
f 550//550 549//549 612//612
f 551//551 550//550 613//613
f 552//552 551//551 614//614
f 553//553 552//552 615//615
f 554//554 553//553 616//616
f 555//555 554//554 617//617
f 556//556 555//555 618//618
f 557//557 556//556 619//619
f 558//558 557//557 620//620
f 559//559 558//558 621//621
f 560//560 559//559 622//622
f 561//561 560//560 623//623
f 562//562 561//561 624//624
f 563//563 562//562 625//625
f 564//564 563//563 626//626
f 565//565 564//564 627//627
f 566//566 565//565 628//628
f 567//567 566//566 629//629
f 568//568 567//567 630//630
f 569//569 568//568 631//631
f 571//571 570//570 633//633
f 572//572 571//571 634//634
f 573//573 572//572 635//635
f 574//574 573//573 636//636
f 575//575 574//574 637//637
f 576//576 575//575 638//638
f 577//577 576//576 639//639
f 578//578 577//577 640//640
f 579//579 578//578 641//641
f 580//580 579//579 642//642
f 581//581 580//580 643//643
f 582//582 581//581 644//644
f 583//583 582//582 645//645
f 584//584 583//583 646//646
f 585//585 584//584 647//647
f 586//586 585//585 648//648
f 587//587 586//586 649//649
f 588//588 587//587 650//650
f 589//589 588//588 651//651
f 590//590 589//589 652//652
f 591//591 590//590 653//653
f 592//592 591//591 654//654
f 593//593 592//592 655//655
f 594//594 593//593 656//656
f 595//595 594//594 657//657
f 596//596 595//595 658//658
f 597//597 596//596 659//659
f 598//598 597//597 660//660
f 599//599 598//598 661//661
f 600//600 599//599 662//662
f 601//601 600//600 663//663
f 602//602 601//601 664//664
f 603//603 602//602 665//665
f 604//604 603//603 666//666
f 605//605 604//604 667//667
f 606//606 605//605 668//668
f 607//607 606//606 669//669
f 608//608 607//607 670//670
f 609//609 608//608 671//671
f 610//610 609//609 672//672
f 611//611 610//610 673//673
f 612//612 611//611 674//674
f 613//613 612//612 675//675
f 614//614 613//613 676//676
f 615//615 614//614 677//677
f 616//616 615//615 678//678
f 617//617 616//616 679//679
f 618//618 617//617 680//680
f 619//619 618//618 681//681
f 620//620 619//619 682//682
f 621//621 620//620 683//683
f 622//622 621//621 684//684
f 623//623 622//622 685//685
f 624//624 623//623 686//686
f 625//625 624//624 687//687
f 626//626 625//625 688//688
f 627//627 626//626 689//689
f 628//628 627//627 690//690
f 629//629 628//628 691//691
f 630//630 629//629 692//692
f 631//631 630//630 693//693
f 632//632 631//631 694//694
f 634//634 633//633 696//696
f 635//635 634//634 697//697
f 636//636 635//635 698//698
f 637//637 636//636 699//699
f 638//638 637//637 700//700
f 639//639 638//638 701//701
f 640//640 639//639 702//702
f 641//641 640//640 703//703
f 642//642 641//641 704//704
f 643//643 642//642 705//705
f 644//644 643//643 706//706
f 645//645 644//644 707//707
f 646//646 645//645 708//708
f 647//647 646//646 709//709
f 648//648 647//647 710//710
f 649//649 648//648 711//711
f 650//650 649//649 712//712
f 651//651 650//650 713//713
f 652//652 651//651 714//714
f 653//653 652//652 715//715
f 654//654 653//653 716//716
f 655//655 654//654 717//717
f 656//656 655//655 718//718
f 657//657 656//656 719//719
f 658//658 657//657 720//720
f 659//659 658//658 721//721
f 660//660 659//659 722//722
f 661//661 660//660 723//723
f 662//662 661//661 724//724
f 663//663 662//662 725//725
f 664//664 663//663 726//726
f 665//665 664//664 727//727
f 666//666 665//665 728//728
f 667//667 666//666 729//729
f 668//668 667//667 730//730
f 669//669 668//668 731//731
f 670//670 669//669 732//732
f 671//671 670//670 733//733
f 672//672 671//671 734//734
f 673//673 672//672 735//735
f 674//674 673//673 736//736
f 675//675 674//674 737//737
f 676//676 675//675 738//738
f 677//677 676//676 739//739
f 678//678 677//677 740//740
f 679//679 678//678 741//741
f 680//680 679//679 742//742
f 681//681 680//680 743//743
f 682//682 681//681 744//744
f 683//683 682//682 745//745
f 684//684 683//683 746//746
f 685//685 684//684 747//747
f 686//686 685//685 748//748
f 687//687 686//686 749//749
f 688//688 687//687 750//750
f 689//689 688//688 751//751
f 690//690 689//689 752//752
f 691//691 690//690 753//753
f 692//692 691//691 754//754
f 693//693 692//692 755//755
f 694//694 693//693 756//756
f 695//695 694//694 757//757
f 697//697 696//696 759//759
f 698//698 697//697 760//760
f 699//699 698//698 761//761
f 700//700 699//699 762//762
f 701//701 700//700 763//763
f 702//702 701//701 764//764
f 703//703 702//702 765//765
f 704//704 703//703 766//766
f 705//705 704//704 767//767
f 706//706 705//705 768//768
f 707//707 706//706 769//769
f 708//708 707//707 770//770
f 709//709 708//708 771//771
f 710//710 709//709 772//772
f 711//711 710//710 773//773
f 712//712 711//711 774//774
f 713//713 712//712 775//775
f 714//714 713//713 776//776
f 715//715 714//714 777//777
f 716//716 715//715 778//778
f 717//717 716//716 779//779
f 718//718 717//717 780//780
f 719//719 718//718 781//781
f 720//720 719//719 782//782
f 721//721 720//720 783//783
f 722//722 721//721 784//784
f 723//723 722//722 785//785
f 724//724 723//723 786//786
f 725//725 724//724 787//787
f 726//726 725//725 788//788
f 727//727 726//726 789//789
f 728//728 727//727 790//790
f 729//729 728//728 791//791
f 730//730 729//729 792//792
f 731//731 730//730 793//793
f 732//732 731//731 794//794
f 733//733 732//732 795//795
f 734//734 733//733 796//796
f 735//735 734//734 797//797
f 736//736 735//735 798//798
f 737//737 736//736 799//799
f 738//738 737//737 800//800
f 739//739 738//738 801//801
f 740//740 739//739 802//802
f 741//741 740//740 803//803
f 742//742 741//741 804//804
f 743//743 742//742 805//805
f 744//744 743//743 806//806
f 745//745 744//744 807//807
f 746//746 745//745 808//808
f 747//747 746//746 809//809
f 748//748 747//747 810//810
f 749//749 748//748 811//811
f 750//750 749//749 812//812
f 751//751 750//750 813//813
f 752//752 751//751 814//814
f 753//753 752//752 815//815
f 754//754 753//753 816//816
f 755//755 754//754 817//817
f 756//756 755//755 818//818
f 757//757 756//756 819//819
f 758//758 757//757 820//820
f 760//760 759//759 822//822
f 761//761 760//760 823//823
f 762//762 761//761 824//824
f 763//763 762//762 825//825
f 764//764 763//763 826//826
f 765//765 764//764 827//827
f 766//766 765//765 828//828
f 767//767 766//766 829//829
f 768//768 767//767 830//830
f 769//769 768//768 831//831
f 770//770 769//769 832//832
f 771//771 770//770 833//833
f 772//772 771//771 834//834
f 773//773 772//772 835//835
f 774//774 773//773 836//836
f 775//775 774//774 837//837
f 776//776 775//775 838//838
f 777//777 776//776 839//839
f 778//778 777//777 840//840
f 779//779 778//778 841//841
f 780//780 779//779 842//842
f 781//781 780//780 843//843
f 782//782 781//781 844//844
f 783//783 782//782 845//845
f 784//784 783//783 846//846
f 785//785 784//784 847//847
f 786//786 785//785 848//848
f 787//787 786//786 849//849
f 788//788 787//787 850//850
f 789//789 788//788 851//851
f 790//790 789//789 852//852
f 791//791 790//790 853//853
f 792//792 791//791 854//854
f 793//793 792//792 855//855
f 794//794 793//793 856//856
f 795//795 794//794 857//857
f 796//796 795//795 858//858
f 797//797 796//796 859//859
f 798//798 797//797 860//860
f 799//799 798//798 861//861
f 800//800 799//799 862//862
f 801//801 800//800 863//863
f 802//802 801//801 864//864
f 803//803 802//802 865//865
f 804//804 803//803 866//866
f 805//805 804//804 867//867
f 806//806 805//805 868//868
f 807//807 806//806 869//869
f 808//808 807//807 870//870
f 809//809 808//808 871//871
f 810//810 809//809 872//872
f 811//811 810//810 873//873
f 812//812 811//811 874//874
f 813//813 812//812 875//875
f 814//814 813//813 876//876
f 815//815 814//814 877//877
f 816//816 815//815 878//878
f 817//817 816//816 879//879
f 818//818 817//817 880//880
f 819//819 818//818 881//881
f 820//820 819//819 882//882
f 821//821 820//820 883//883
f 823//823 822//822 885//885
f 824//824 823//823 886//886
f 825//825 824//824 887//887
f 826//826 825//825 888//888
f 827//827 826//826 889//889
f 828//828 827//827 890//890
f 829//829 828//828 891//891
f 830//830 829//829 892//892
f 831//831 830//830 893//893
f 832//832 831//831 894//894
f 833//833 832//832 895//895
f 834//834 833//833 896//896
f 835//835 834//834 897//897
f 836//836 835//835 898//898
f 837//837 836//836 899//899
f 838//838 837//837 900//900
f 839//839 838//838 901//901
f 840//840 839//839 902//902
f 841//841 840//840 903//903
f 842//842 841//841 904//904
f 843//843 842//842 905//905
f 844//844 843//843 906//906
f 845//845 844//844 907//907
f 846//846 845//845 908//908
f 847//847 846//846 909//909
f 848//848 847//847 910//910
f 849//849 848//848 911//911
f 850//850 849//849 912//912
f 851//851 850//850 913//913
f 852//852 851//851 914//914
f 853//853 852//852 915//915
f 854//854 853//853 916//916
f 855//855 854//854 917//917
f 856//856 855//855 918//918
f 857//857 856//856 919//919
f 858//858 857//857 920//920
f 859//859 858//858 921//921
f 860//860 859//859 922//922
f 861//861 860//860 923//923
f 862//862 861//861 924//924
f 863//863 862//862 925//925
f 864//864 863//863 926//926
f 865//865 864//864 927//927
f 866//866 865//865 928//928
f 867//867 866//866 929//929
f 868//868 867//867 930//930
f 869//869 868//868 931//931
f 870//870 869//869 932//932
f 871//871 870//870 933//933
f 872//872 871//871 934//934
f 873//873 872//872 935//935
f 874//874 873//873 936//936
f 875//875 874//874 937//937
f 876//876 875//875 938//938
f 877//877 876//876 939//939
f 878//878 877//877 940//940
f 879//879 878//878 941//941
f 880//880 879//879 942//942
f 881//881 880//880 943//943
f 882//882 881//881 944//944
f 883//883 882//882 945//945
f 884//884 883//883 946//946
f 886//886 885//885 948//948
f 887//887 886//886 949//949
f 888//888 887//887 950//950
f 889//889 888//888 951//951
f 890//890 889//889 952//952
f 891//891 890//890 953//953
f 892//892 891//891 954//954
f 893//893 892//892 955//955
f 894//894 893//893 956//956
f 895//895 894//894 957//957
f 896//896 895//895 958//958
f 897//897 896//896 959//959
f 898//898 897//897 960//960
f 899//899 898//898 961//961
f 900//900 899//899 962//962
f 901//901 900//900 963//963
f 902//902 901//901 964//964
f 903//903 902//902 965//965
f 904//904 903//903 966//966
f 905//905 904//904 967//967
f 906//906 905//905 968//968
f 907//907 906//906 969//969
f 908//908 907//907 970//970
f 909//909 908//908 971//971
f 910//910 909//909 972//972
f 911//911 910//910 973//973
f 912//912 911//911 974//974
f 913//913 912//912 975//975
f 914//914 913//913 976//976
f 915//915 914//914 977//977
f 916//916 915//915 978//978
f 917//917 916//916 979//979
f 918//918 917//917 980//980
f 919//919 918//918 981//981
f 920//920 919//919 982//982
f 921//921 920//920 983//983
f 922//922 921//921 984//984
f 923//923 922//922 985//985
f 924//924 923//923 986//986
f 925//925 924//924 987//987
f 926//926 925//925 988//988
f 927//927 926//926 989//989
f 928//928 927//927 990//990
f 929//929 928//928 991//991
f 930//930 929//929 992//992
f 931//931 930//930 993//993
f 932//932 931//931 994//994
f 933//933 932//932 995//995
f 934//934 933//933 996//996
f 935//935 934//934 997//997
f 936//936 935//935 998//998
f 937//937 936//936 999//999
f 938//938 937//937 1000//1000
f 939//939 938//938 1001//1001
f 940//940 939//939 1002//1002
f 941//941 940//940 1003//1003
f 942//942 941//941 1004//1004
f 943//943 942//942 1005//1005
f 944//944 943//943 1006//1006
f 945//945 944//944 1007//1007
f 946//946 945//945 1008//1008
f 947//947 946//946 1009//1009
f 949//949 948//948 1011//1011
f 950//950 949//949 1012//1012
f 951//951 950//950 1013//1013
f 952//952 951//951 1014//1014
f 953//953 952//952 1015//1015
f 954//954 953//953 1016//1016
f 955//955 954//954 1017//1017
f 956//956 955//955 1018//1018
f 957//957 956//956 1019//1019
f 958//958 957//957 1020//1020
f 959//959 958//958 1021//1021
f 960//960 959//959 1022//1022
f 961//961 960//960 1023//1023
f 962//962 961//961 1024//1024
f 963//963 962//962 1025//1025
f 964//964 963//963 1026//1026
f 965//965 964//964 1027//1027
f 966//966 965//965 1028//1028
f 967//967 966//966 1029//1029
f 968//968 967//967 1030//1030
f 969//969 968//968 1031//1031
f 970//970 969//969 1032//1032
f 971//971 970//970 1033//1033
f 972//972 971//971 1034//1034
f 973//973 972//972 1035//1035
f 974//974 973//973 1036//1036
f 975//975 974//974 1037//1037
f 976//976 975//975 1038//1038
f 977//977 976//976 1039//1039
f 978//978 977//977 1040//1040
f 979//979 978//978 1041//1041
f 980//980 979//979 1042//1042
f 981//981 980//980 1043//1043
f 982//982 981//981 1044//1044
f 983//983 982//982 1045//1045
f 984//984 983//983 1046//1046
f 985//985 984//984 1047//1047
f 986//986 985//985 1048//1048
f 987//987 986//986 1049//1049
f 988//988 987//987 1050//1050
f 989//989 988//988 1051//1051
f 990//990 989//989 1052//1052
f 991//991 990//990 1053//1053
f 992//992 991//991 1054//1054
f 993//993 992//992 1055//1055
f 994//994 993//993 1056//1056
f 995//995 994//994 1057//1057
f 996//996 995//995 1058//1058
f 997//997 996//996 1059//1059
f 998//998 997//997 1060//1060
f 999//999 998//998 1061//1061
f 1000//1000 999//999 1062//1062
f 1001//1001 1000//1000 1063//1063
f 1002//1002 1001//1001 1064//1064
f 1003//1003 1002//1002 1065//1065
f 1004//1004 1003//1003 1066//1066
f 1005//1005 1004//1004 1067//1067
f 1006//1006 1005//1005 1068//1068
f 1007//1007 1006//1006 1069//1069
f 1008//1008 1007//1007 1070//1070
f 1009//1009 1008//1008 1071//1071
f 1010//1010 1009//1009 1072//1072
f 1012//1012 1011//1011 1074//1074
f 1013//1013 1012//1012 1075//1075
f 1014//1014 1013//1013 1076//1076
f 1015//1015 1014//1014 1077//1077
f 1016//1016 1015//1015 1078//1078
f 1017//1017 1016//1016 1079//1079
f 1018//1018 1017//1017 1080//1080
f 1019//1019 1018//1018 1081//1081
f 1020//1020 1019//1019 1082//1082
f 1021//1021 1020//1020 1083//1083
f 1022//1022 1021//1021 1084//1084
f 1023//1023 1022//1022 1085//1085
f 1024//1024 1023//1023 1086//1086
f 1025//1025 1024//1024 1087//1087
f 1026//1026 1025//1025 1088//1088
f 1027//1027 1026//1026 1089//1089
f 1028//1028 1027//1027 1090//1090
f 1029//1029 1028//1028 1091//1091
f 1030//1030 1029//1029 1092//1092
f 1031//1031 1030//1030 1093//1093
f 1032//1032 1031//1031 1094//1094
f 1033//1033 1032//1032 1095//1095
f 1034//1034 1033//1033 1096//1096
f 1035//1035 1034//1034 1097//1097
f 1036//1036 1035//1035 1098//1098
f 1037//1037 1036//1036 1099//1099
f 1038//1038 1037//1037 1100//1100
f 1039//1039 1038//1038 1101//1101
f 1040//1040 1039//1039 1102//1102
f 1041//1041 1040//1040 1103//1103
f 1042//1042 1041//1041 1104//1104
f 1043//1043 1042//1042 1105//1105
f 1044//1044 1043//1043 1106//1106
f 1045//1045 1044//1044 1107//1107
f 1046//1046 1045//1045 1108//1108
f 1047//1047 1046//1046 1109//1109
f 1048//1048 1047//1047 1110//1110
f 1049//1049 1048//1048 1111//1111
f 1050//1050 1049//1049 1112//1112
f 1051//1051 1050//1050 1113//1113
f 1052//1052 1051//1051 1114//1114
f 1053//1053 1052//1052 1115//1115
f 1054//1054 1053//1053 1116//1116
f 1055//1055 1054//1054 1117//1117
f 1056//1056 1055//1055 1118//1118
f 1057//1057 1056//1056 1119//1119
f 1058//1058 1057//1057 1120//1120
f 1059//1059 1058//1058 1121//1121
f 1060//1060 1059//1059 1122//1122
f 1061//1061 1060//1060 1123//1123
f 1062//1062 1061//1061 1124//1124
f 1063//1063 1062//1062 1125//1125
f 1064//1064 1063//1063 1126//1126
f 1065//1065 1064//1064 1127//1127
f 1066//1066 1065//1065 1128//1128
f 1067//1067 1066//1066 1129//1129
f 1068//1068 1067//1067 1130//1130
f 1069//1069 1068//1068 1131//1131
f 1070//1070 1069//1069 1132//1132
f 1071//1071 1070//1070 1133//1133
f 1072//1072 1071//1071 1134//1134
f 1073//1073 1072//1072 1135//1135
f 1075//1075 1074//1074 1137//1137
f 1076//1076 1075//1075 1138//1138
f 1077//1077 1076//1076 1139//1139
f 1078//1078 1077//1077 1140//1140
f 1079//1079 1078//1078 1141//1141
f 1080//1080 1079//1079 1142//1142
f 1081//1081 1080//1080 1143//1143
f 1082//1082 1081//1081 1144//1144
f 1083//1083 1082//1082 1145//1145
f 1084//1084 1083//1083 1146//1146
f 1085//1085 1084//1084 1147//1147
f 1086//1086 1085//1085 1148//1148
f 1087//1087 1086//1086 1149//1149
f 1088//1088 1087//1087 1150//1150
f 1089//1089 1088//1088 1151//1151
f 1090//1090 1089//1089 1152//1152
f 1091//1091 1090//1090 1153//1153
f 1092//1092 1091//1091 1154//1154
f 1093//1093 1092//1092 1155//1155
f 1094//1094 1093//1093 1156//1156
f 1095//1095 1094//1094 1157//1157
f 1096//1096 1095//1095 1158//1158
f 1097//1097 1096//1096 1159//1159
f 1098//1098 1097//1097 1160//1160
f 1099//1099 1098//1098 1161//1161
f 1100//1100 1099//1099 1162//1162
f 1101//1101 1100//1100 1163//1163
f 1102//1102 1101//1101 1164//1164
f 1103//1103 1102//1102 1165//1165
f 1104//1104 1103//1103 1166//1166
f 1105//1105 1104//1104 1167//1167
f 1106//1106 1105//1105 1168//1168
f 1107//1107 1106//1106 1169//1169
f 1108//1108 1107//1107 1170//1170
f 1109//1109 1108//1108 1171//1171
f 1110//1110 1109//1109 1172//1172
f 1111//1111 1110//1110 1173//1173
f 1112//1112 1111//1111 1174//1174
f 1113//1113 1112//1112 1175//1175
f 1114//1114 1113//1113 1176//1176
f 1115//1115 1114//1114 1177//1177
f 1116//1116 1115//1115 1178//1178
f 1117//1117 1116//1116 1179//1179
f 1118//1118 1117//1117 1180//1180
f 1119//1119 1118//1118 1181//1181
f 1120//1120 1119//1119 1182//1182
f 1121//1121 1120//1120 1183//1183
f 1122//1122 1121//1121 1184//1184
f 1123//1123 1122//1122 1185//1185
f 1124//1124 1123//1123 1186//1186
f 1125//1125 1124//1124 1187//1187
f 1126//1126 1125//1125 1188//1188
f 1127//1127 1126//1126 1189//1189
f 1128//1128 1127//1127 1190//1190
f 1129//1129 1128//1128 1191//1191
f 1130//1130 1129//1129 1192//1192
f 1131//1131 1130//1130 1193//1193
f 1132//1132 1131//1131 1194//1194
f 1133//1133 1132//1132 1195//1195
f 1134//1134 1133//1133 1196//1196
f 1135//1135 1134//1134 1197//1197
f 1136//1136 1135//1135 1198//1198
f 1138//1138 1137//1137 1200//1200
f 1139//1139 1138//1138 1201//1201
f 1140//1140 1139//1139 1202//1202
f 1141//1141 1140//1140 1203//1203
f 1142//1142 1141//1141 1204//1204
f 1143//1143 1142//1142 1205//1205
f 1144//1144 1143//1143 1206//1206
f 1145//1145 1144//1144 1207//1207
f 1146//1146 1145//1145 1208//1208
f 1147//1147 1146//1146 1209//1209
f 1148//1148 1147//1147 1210//1210
f 1149//1149 1148//1148 1211//1211
f 1150//1150 1149//1149 1212//1212
f 1151//1151 1150//1150 1213//1213
f 1152//1152 1151//1151 1214//1214
f 1153//1153 1152//1152 1215//1215
f 1154//1154 1153//1153 1216//1216
f 1155//1155 1154//1154 1217//1217
f 1156//1156 1155//1155 1218//1218
f 1157//1157 1156//1156 1219//1219
f 1158//1158 1157//1157 1220//1220
f 1159//1159 1158//1158 1221//1221
f 1160//1160 1159//1159 1222//1222
f 1161//1161 1160//1160 1223//1223
f 1162//1162 1161//1161 1224//1224
f 1163//1163 1162//1162 1225//1225
f 1164//1164 1163//1163 1226//1226
f 1165//1165 1164//1164 1227//1227
f 1166//1166 1165//1165 1228//1228
f 1167//1167 1166//1166 1229//1229
f 1168//1168 1167//1167 1230//1230
f 1169//1169 1168//1168 1231//1231
f 1170//1170 1169//1169 1232//1232
f 1171//1171 1170//1170 1233//1233
f 1172//1172 1171//1171 1234//1234
f 1173//1173 1172//1172 1235//1235
f 1174//1174 1173//1173 1236//1236
f 1175//1175 1174//1174 1237//1237
f 1176//1176 1175//1175 1238//1238
f 1177//1177 1176//1176 1239//1239
f 1178//1178 1177//1177 1240//1240
f 1179//1179 1178//1178 1241//1241
f 1180//1180 1179//1179 1242//1242
f 1181//1181 1180//1180 1243//1243
f 1182//1182 1181//1181 1244//1244
f 1183//1183 1182//1182 1245//1245
f 1184//1184 1183//1183 1246//1246
f 1185//1185 1184//1184 1247//1247
f 1186//1186 1185//1185 1248//1248
f 1187//1187 1186//1186 1249//1249
f 1188//1188 1187//1187 1250//1250
f 1189//1189 1188//1188 1251//1251
f 1190//1190 1189//1189 1252//1252
f 1191//1191 1190//1190 1253//1253
f 1192//1192 1191//1191 1254//1254
f 1193//1193 1192//1192 1255//1255
f 1194//1194 1193//1193 1256//1256
f 1195//1195 1194//1194 1257//1257
f 1196//1196 1195//1195 1258//1258
f 1197//1197 1196//1196 1259//1259
f 1198//1198 1197//1197 1260//1260
f 1199//1199 1198//1198 1261//1261
f 1201//1201 1200//1200 1263//1263
f 1202//1202 1201//1201 1264//1264
f 1203//1203 1202//1202 1265//1265
f 1204//1204 1203//1203 1266//1266
f 1205//1205 1204//1204 1267//1267
f 1206//1206 1205//1205 1268//1268
f 1207//1207 1206//1206 1269//1269
f 1208//1208 1207//1207 1270//1270
f 1209//1209 1208//1208 1271//1271
f 1210//1210 1209//1209 1272//1272
f 1211//1211 1210//1210 1273//1273
f 1212//1212 1211//1211 1274//1274
f 1213//1213 1212//1212 1275//1275
f 1214//1214 1213//1213 1276//1276
f 1215//1215 1214//1214 1277//1277
f 1216//1216 1215//1215 1278//1278
f 1217//1217 1216//1216 1279//1279
f 1218//1218 1217//1217 1280//1280
f 1219//1219 1218//1218 1281//1281
f 1220//1220 1219//1219 1282//1282
f 1221//1221 1220//1220 1283//1283
f 1222//1222 1221//1221 1284//1284
f 1223//1223 1222//1222 1285//1285
f 1224//1224 1223//1223 1286//1286
f 1225//1225 1224//1224 1287//1287
f 1226//1226 1225//1225 1288//1288
f 1227//1227 1226//1226 1289//1289
f 1228//1228 1227//1227 1290//1290
f 1229//1229 1228//1228 1291//1291
f 1230//1230 1229//1229 1292//1292
f 1231//1231 1230//1230 1293//1293
f 1232//1232 1231//1231 1294//1294
f 1233//1233 1232//1232 1295//1295
f 1234//1234 1233//1233 1296//1296
f 1235//1235 1234//1234 1297//1297
f 1236//1236 1235//1235 1298//1298
f 1237//1237 1236//1236 1299//1299
f 1238//1238 1237//1237 1300//1300
f 1239//1239 1238//1238 1301//1301
f 1240//1240 1239//1239 1302//1302
f 1241//1241 1240//1240 1303//1303
f 1242//1242 1241//1241 1304//1304
f 1243//1243 1242//1242 1305//1305
f 1244//1244 1243//1243 1306//1306
f 1245//1245 1244//1244 1307//1307
f 1246//1246 1245//1245 1308//1308
f 1247//1247 1246//1246 1309//1309
f 1248//1248 1247//1247 1310//1310
f 1249//1249 1248//1248 1311//1311
f 1250//1250 1249//1249 1312//1312
f 1251//1251 1250//1250 1313//1313
f 1252//1252 1251//1251 1314//1314
f 1253//1253 1252//1252 1315//1315
f 1254//1254 1253//1253 1316//1316
f 1255//1255 1254//1254 1317//1317
f 1256//1256 1255//1255 1318//1318
f 1257//1257 1256//1256 1319//1319
f 1258//1258 1257//1257 1320//1320
f 1259//1259 1258//1258 1321//1321
f 1260//1260 1259//1259 1322//1322
f 1261//1261 1260//1260 1323//1323
f 1262//1262 1261//1261 1324//1324
f 1264//1264 1263//1263 1326//1326
f 1265//1265 1264//1264 1327//1327
f 1266//1266 1265//1265 1328//1328
f 1267//1267 1266//1266 1329//1329
f 1268//1268 1267//1267 1330//1330
f 1269//1269 1268//1268 1331//1331
f 1270//1270 1269//1269 1332//1332
f 1271//1271 1270//1270 1333//1333
f 1272//1272 1271//1271 1334//1334
f 1273//1273 1272//1272 1335//1335
f 1274//1274 1273//1273 1336//1336
f 1275//1275 1274//1274 1337//1337
f 1276//1276 1275//1275 1338//1338
f 1277//1277 1276//1276 1339//1339
f 1278//1278 1277//1277 1340//1340
f 1279//1279 1278//1278 1341//1341
f 1280//1280 1279//1279 1342//1342
f 1281//1281 1280//1280 1343//1343
f 1282//1282 1281//1281 1344//1344
f 1283//1283 1282//1282 1345//1345
f 1284//1284 1283//1283 1346//1346
f 1285//1285 1284//1284 1347//1347
f 1286//1286 1285//1285 1348//1348
f 1287//1287 1286//1286 1349//1349
f 1288//1288 1287//1287 1350//1350
f 1289//1289 1288//1288 1351//1351
f 1290//1290 1289//1289 1352//1352
f 1291//1291 1290//1290 1353//1353
f 1292//1292 1291//1291 1354//1354
f 1293//1293 1292//1292 1355//1355
f 1294//1294 1293//1293 1356//1356
f 1295//1295 1294//1294 1357//1357
f 1296//1296 1295//1295 1358//1358
f 1297//1297 1296//1296 1359//1359
f 1298//1298 1297//1297 1360//1360
f 1299//1299 1298//1298 1361//1361
f 1300//1300 1299//1299 1362//1362
f 1301//1301 1300//1300 1363//1363
f 1302//1302 1301//1301 1364//1364
f 1303//1303 1302//1302 1365//1365
f 1304//1304 1303//1303 1366//1366
f 1305//1305 1304//1304 1367//1367
f 1306//1306 1305//1305 1368//1368
f 1307//1307 1306//1306 1369//1369
f 1308//1308 1307//1307 1370//1370
f 1309//1309 1308//1308 1371//1371
f 1310//1310 1309//1309 1372//1372
f 1311//1311 1310//1310 1373//1373
f 1312//1312 1311//1311 1374//1374
f 1313//1313 1312//1312 1375//1375
f 1314//1314 1313//1313 1376//1376
f 1315//1315 1314//1314 1377//1377
f 1316//1316 1315//1315 1378//1378
f 1317//1317 1316//1316 1379//1379
f 1318//1318 1317//1317 1380//1380
f 1319//1319 1318//1318 1381//1381
f 1320//1320 1319//1319 1382//1382
f 1321//1321 1320//1320 1383//1383
f 1322//1322 1321//1321 1384//1384
f 1323//1323 1322//1322 1385//1385
f 1324//1324 1323//1323 1386//1386
f 1325//1325 1324//1324 1387//1387
f 1327//1327 1326//1326 1389//1389
f 1328//1328 1327//1327 1390//1390
f 1329//1329 1328//1328 1391//1391
f 1330//1330 1329//1329 1392//1392
f 1331//1331 1330//1330 1393//1393
f 1332//1332 1331//1331 1394//1394
f 1333//1333 1332//1332 1395//1395
f 1334//1334 1333//1333 1396//1396
f 1335//1335 1334//1334 1397//1397
f 1336//1336 1335//1335 1398//1398
f 1337//1337 1336//1336 1399//1399
f 1338//1338 1337//1337 1400//1400
f 1339//1339 1338//1338 1401//1401
f 1340//1340 1339//1339 1402//1402
f 1341//1341 1340//1340 1403//1403
f 1342//1342 1341//1341 1404//1404
f 1343//1343 1342//1342 1405//1405
f 1344//1344 1343//1343 1406//1406
f 1345//1345 1344//1344 1407//1407
f 1346//1346 1345//1345 1408//1408
f 1347//1347 1346//1346 1409//1409
f 1348//1348 1347//1347 1410//1410
f 1349//1349 1348//1348 1411//1411
f 1350//1350 1349//1349 1412//1412
f 1351//1351 1350//1350 1413//1413
f 1352//1352 1351//1351 1414//1414
f 1353//1353 1352//1352 1415//1415
f 1354//1354 1353//1353 1416//1416
f 1355//1355 1354//1354 1417//1417
f 1356//1356 1355//1355 1418//1418
f 1357//1357 1356//1356 1419//1419
f 1358//1358 1357//1357 1420//1420
f 1359//1359 1358//1358 1421//1421
f 1360//1360 1359//1359 1422//1422
f 1361//1361 1360//1360 1423//1423
f 1362//1362 1361//1361 1424//1424
f 1363//1363 1362//1362 1425//1425
f 1364//1364 1363//1363 1426//1426
f 1365//1365 1364//1364 1427//1427
f 1366//1366 1365//1365 1428//1428
f 1367//1367 1366//1366 1429//1429
f 1368//1368 1367//1367 1430//1430
f 1369//1369 1368//1368 1431//1431
f 1370//1370 1369//1369 1432//1432
f 1371//1371 1370//1370 1433//1433
f 1372//1372 1371//1371 1434//1434
f 1373//1373 1372//1372 1435//1435
f 1374//1374 1373//1373 1436//1436
f 1375//1375 1374//1374 1437//1437
f 1376//1376 1375//1375 1438//1438
f 1377//1377 1376//1376 1439//1439
f 1378//1378 1377//1377 1440//1440
f 1379//1379 1378//1378 1441//1441
f 1380//1380 1379//1379 1442//1442
f 1381//1381 1380//1380 1443//1443
f 1382//1382 1381//1381 1444//1444
f 1383//1383 1382//1382 1445//1445
f 1384//1384 1383//1383 1446//1446
f 1385//1385 1384//1384 1447//1447
f 1386//1386 1385//1385 1448//1448
f 1387//1387 1386//1386 1449//1449
f 1388//1388 1387//1387 1450//1450
f 1390//1390 1389//1389 1452//1452
f 1391//1391 1390//1390 1453//1453
f 1392//1392 1391//1391 1454//1454
f 1393//1393 1392//1392 1455//1455
f 1394//1394 1393//1393 1456//1456
f 1395//1395 1394//1394 1457//1457
f 1396//1396 1395//1395 1458//1458
f 1397//1397 1396//1396 1459//1459
f 1398//1398 1397//1397 1460//1460
f 1399//1399 1398//1398 1461//1461
f 1400//1400 1399//1399 1462//1462
f 1401//1401 1400//1400 1463//1463
f 1402//1402 1401//1401 1464//1464
f 1403//1403 1402//1402 1465//1465
f 1404//1404 1403//1403 1466//1466
f 1405//1405 1404//1404 1467//1467
f 1406//1406 1405//1405 1468//1468
f 1407//1407 1406//1406 1469//1469
f 1408//1408 1407//1407 1470//1470
f 1409//1409 1408//1408 1471//1471
f 1410//1410 1409//1409 1472//1472
f 1411//1411 1410//1410 1473//1473
f 1412//1412 1411//1411 1474//1474
f 1413//1413 1412//1412 1475//1475
f 1414//1414 1413//1413 1476//1476
f 1415//1415 1414//1414 1477//1477
f 1416//1416 1415//1415 1478//1478
f 1417//1417 1416//1416 1479//1479
f 1418//1418 1417//1417 1480//1480
f 1419//1419 1418//1418 1481//1481
f 1420//1420 1419//1419 1482//1482
f 1421//1421 1420//1420 1483//1483
f 1422//1422 1421//1421 1484//1484
f 1423//1423 1422//1422 1485//1485
f 1424//1424 1423//1423 1486//1486
f 1425//1425 1424//1424 1487//1487
f 1426//1426 1425//1425 1488//1488
f 1427//1427 1426//1426 1489//1489
f 1428//1428 1427//1427 1490//1490
f 1429//1429 1428//1428 1491//1491
f 1430//1430 1429//1429 1492//1492
f 1431//1431 1430//1430 1493//1493
f 1432//1432 1431//1431 1494//1494
f 1433//1433 1432//1432 1495//1495
f 1434//1434 1433//1433 1496//1496
f 1435//1435 1434//1434 1497//1497
f 1436//1436 1435//1435 1498//1498
f 1437//1437 1436//1436 1499//1499
f 1438//1438 1437//1437 1500//1500
f 1439//1439 1438//1438 1501//1501
f 1440//1440 1439//1439 1502//1502
f 1441//1441 1440//1440 1503//1503
f 1442//1442 1441//1441 1504//1504
f 1443//1443 1442//1442 1505//1505
f 1444//1444 1443//1443 1506//1506
f 1445//1445 1444//1444 1507//1507
f 1446//1446 1445//1445 1508//1508
f 1447//1447 1446//1446 1509//1509
f 1448//1448 1447//1447 1510//1510
f 1449//1449 1448//1448 1511//1511
f 1450//1450 1449//1449 1512//1512
f 1451//1451 1450//1450 1513//1513
f 1453//1453 1452//1452 1515//1515
f 1454//1454 1453//1453 1516//1516
f 1455//1455 1454//1454 1517//1517
f 1456//1456 1455//1455 1518//1518
f 1457//1457 1456//1456 1519//1519
f 1458//1458 1457//1457 1520//1520
f 1459//1459 1458//1458 1521//1521
f 1460//1460 1459//1459 1522//1522
f 1461//1461 1460//1460 1523//1523
f 1462//1462 1461//1461 1524//1524
f 1463//1463 1462//1462 1525//1525
f 1464//1464 1463//1463 1526//1526
f 1465//1465 1464//1464 1527//1527
f 1466//1466 1465//1465 1528//1528
f 1467//1467 1466//1466 1529//1529
f 1468//1468 1467//1467 1530//1530
f 1469//1469 1468//1468 1531//1531
f 1470//1470 1469//1469 1532//1532
f 1471//1471 1470//1470 1533//1533
f 1472//1472 1471//1471 1534//1534
f 1473//1473 1472//1472 1535//1535
f 1474//1474 1473//1473 1536//1536
f 1475//1475 1474//1474 1537//1537
f 1476//1476 1475//1475 1538//1538
f 1477//1477 1476//1476 1539//1539
f 1478//1478 1477//1477 1540//1540
f 1479//1479 1478//1478 1541//1541
f 1480//1480 1479//1479 1542//1542
f 1481//1481 1480//1480 1543//1543
f 1482//1482 1481//1481 1544//1544
f 1483//1483 1482//1482 1545//1545
f 1484//1484 1483//1483 1546//1546
f 1485//1485 1484//1484 1547//1547
f 1486//1486 1485//1485 1548//1548
f 1487//1487 1486//1486 1549//1549
f 1488//1488 1487//1487 1550//1550
f 1489//1489 1488//1488 1551//1551
f 1490//1490 1489//1489 1552//1552
f 1491//1491 1490//1490 1553//1553
f 1492//1492 1491//1491 1554//1554
f 1493//1493 1492//1492 1555//1555
f 1494//1494 1493//1493 1556//1556
f 1495//1495 1494//1494 1557//1557
f 1496//1496 1495//1495 1558//1558
f 1497//1497 1496//1496 1559//1559
f 1498//1498 1497//1497 1560//1560
f 1499//1499 1498//1498 1561//1561
f 1500//1500 1499//1499 1562//1562
f 1501//1501 1500//1500 1563//1563
f 1502//1502 1501//1501 1564//1564
f 1503//1503 1502//1502 1565//1565
f 1504//1504 1503//1503 1566//1566
f 1505//1505 1504//1504 1567//1567
f 1506//1506 1505//1505 1568//1568
f 1507//1507 1506//1506 1569//1569
f 1508//1508 1507//1507 1570//1570
f 1509//1509 1508//1508 1571//1571
f 1510//1510 1509//1509 1572//1572
f 1511//1511 1510//1510 1573//1573
f 1512//1512 1511//1511 1574//1574
f 1513//1513 1512//1512 1575//1575
f 1514//1514 1513//1513 1576//1576
f 1516//1516 1515//1515 1578//1578
f 1517//1517 1516//1516 1579//1579
f 1518//1518 1517//1517 1580//1580
f 1519//1519 1518//1518 1581//1581
f 1520//1520 1519//1519 1582//1582
f 1521//1521 1520//1520 1583//1583
f 1522//1522 1521//1521 1584//1584
f 1523//1523 1522//1522 1585//1585
f 1524//1524 1523//1523 1586//1586
f 1525//1525 1524//1524 1587//1587
f 1526//1526 1525//1525 1588//1588
f 1527//1527 1526//1526 1589//1589
f 1528//1528 1527//1527 1590//1590
f 1529//1529 1528//1528 1591//1591
f 1530//1530 1529//1529 1592//1592
f 1531//1531 1530//1530 1593//1593
f 1532//1532 1531//1531 1594//1594
f 1533//1533 1532//1532 1595//1595
f 1534//1534 1533//1533 1596//1596
f 1535//1535 1534//1534 1597//1597
f 1536//1536 1535//1535 1598//1598
f 1537//1537 1536//1536 1599//1599
f 1538//1538 1537//1537 1600//1600
f 1539//1539 1538//1538 1601//1601
f 1540//1540 1539//1539 1602//1602
f 1541//1541 1540//1540 1603//1603
f 1542//1542 1541//1541 1604//1604
f 1543//1543 1542//1542 1605//1605
f 1544//1544 1543//1543 1606//1606
f 1545//1545 1544//1544 1607//1607
f 1546//1546 1545//1545 1608//1608
f 1547//1547 1546//1546 1609//1609
f 1548//1548 1547//1547 1610//1610
f 1549//1549 1548//1548 1611//1611
f 1550//1550 1549//1549 1612//1612
f 1551//1551 1550//1550 1613//1613
f 1552//1552 1551//1551 1614//1614
f 1553//1553 1552//1552 1615//1615
f 1554//1554 1553//1553 1616//1616
f 1555//1555 1554//1554 1617//1617
f 1556//1556 1555//1555 1618//1618
f 1557//1557 1556//1556 1619//1619
f 1558//1558 1557//1557 1620//1620
f 1559//1559 1558//1558 1621//1621
f 1560//1560 1559//1559 1622//1622
f 1561//1561 1560//1560 1623//1623
f 1562//1562 1561//1561 1624//1624
f 1563//1563 1562//1562 1625//1625
f 1564//1564 1563//1563 1626//1626
f 1565//1565 1564//1564 1627//1627
f 1566//1566 1565//1565 1628//1628
f 1567//1567 1566//1566 1629//1629
f 1568//1568 1567//1567 1630//1630
f 1569//1569 1568//1568 1631//1631
f 1570//1570 1569//1569 1632//1632
f 1571//1571 1570//1570 1633//1633
f 1572//1572 1571//1571 1634//1634
f 1573//1573 1572//1572 1635//1635
f 1574//1574 1573//1573 1636//1636
f 1575//1575 1574//1574 1637//1637
f 1576//1576 1575//1575 1638//1638
f 1577//1577 1576//1576 1639//1639
f 1579//1579 1578//1578 1641//1641
f 1580//1580 1579//1579 1642//1642
f 1581//1581 1580//1580 1643//1643
f 1582//1582 1581//1581 1644//1644
f 1583//1583 1582//1582 1645//1645
f 1584//1584 1583//1583 1646//1646
f 1585//1585 1584//1584 1647//1647
f 1586//1586 1585//1585 1648//1648
f 1587//1587 1586//1586 1649//1649
f 1588//1588 1587//1587 1650//1650
f 1589//1589 1588//1588 1651//1651
f 1590//1590 1589//1589 1652//1652
f 1591//1591 1590//1590 1653//1653
f 1592//1592 1591//1591 1654//1654
f 1593//1593 1592//1592 1655//1655
f 1594//1594 1593//1593 1656//1656
f 1595//1595 1594//1594 1657//1657
f 1596//1596 1595//1595 1658//1658
f 1597//1597 1596//1596 1659//1659
f 1598//1598 1597//1597 1660//1660
f 1599//1599 1598//1598 1661//1661
f 1600//1600 1599//1599 1662//1662
f 1601//1601 1600//1600 1663//1663
f 1602//1602 1601//1601 1664//1664
f 1603//1603 1602//1602 1665//1665
f 1604//1604 1603//1603 1666//1666
f 1605//1605 1604//1604 1667//1667
f 1606//1606 1605//1605 1668//1668
f 1607//1607 1606//1606 1669//1669
f 1608//1608 1607//1607 1670//1670
f 1609//1609 1608//1608 1671//1671
f 1610//1610 1609//1609 1672//1672
f 1611//1611 1610//1610 1673//1673
f 1612//1612 1611//1611 1674//1674
f 1613//1613 1612//1612 1675//1675
f 1614//1614 1613//1613 1676//1676
f 1615//1615 1614//1614 1677//1677
f 1616//1616 1615//1615 1678//1678
f 1617//1617 1616//1616 1679//1679
f 1618//1618 1617//1617 1680//1680
f 1619//1619 1618//1618 1681//1681
f 1620//1620 1619//1619 1682//1682
f 1621//1621 1620//1620 1683//1683
f 1622//1622 1621//1621 1684//1684
f 1623//1623 1622//1622 1685//1685
f 1624//1624 1623//1623 1686//1686
f 1625//1625 1624//1624 1687//1687
f 1626//1626 1625//1625 1688//1688
f 1627//1627 1626//1626 1689//1689
f 1628//1628 1627//1627 1690//1690
f 1629//1629 1628//1628 1691//1691
f 1630//1630 1629//1629 1692//1692
f 1631//1631 1630//1630 1693//1693
f 1632//1632 1631//1631 1694//1694
f 1633//1633 1632//1632 1695//1695
f 1634//1634 1633//1633 1696//1696
f 1635//1635 1634//1634 1697//1697
f 1636//1636 1635//1635 1698//1698
f 1637//1637 1636//1636 1699//1699
f 1638//1638 1637//1637 1700//1700
f 1639//1639 1638//1638 1701//1701
f 1640//1640 1639//1639 1702//1702
f 1642//1642 1641//1641 1704//1704
f 1643//1643 1642//1642 1705//1705
f 1644//1644 1643//1643 1706//1706
f 1645//1645 1644//1644 1707//1707
f 1646//1646 1645//1645 1708//1708
f 1647//1647 1646//1646 1709//1709
f 1648//1648 1647//1647 1710//1710
f 1649//1649 1648//1648 1711//1711
f 1650//1650 1649//1649 1712//1712
f 1651//1651 1650//1650 1713//1713
f 1652//1652 1651//1651 1714//1714
f 1653//1653 1652//1652 1715//1715
f 1654//1654 1653//1653 1716//1716
f 1655//1655 1654//1654 1717//1717
f 1656//1656 1655//1655 1718//1718
f 1657//1657 1656//1656 1719//1719
f 1658//1658 1657//1657 1720//1720
f 1659//1659 1658//1658 1721//1721
f 1660//1660 1659//1659 1722//1722
f 1661//1661 1660//1660 1723//1723
f 1662//1662 1661//1661 1724//1724
f 1663//1663 1662//1662 1725//1725
f 1664//1664 1663//1663 1726//1726
f 1665//1665 1664//1664 1727//1727
f 1666//1666 1665//1665 1728//1728
f 1667//1667 1666//1666 1729//1729
f 1668//1668 1667//1667 1730//1730
f 1669//1669 1668//1668 1731//1731
f 1670//1670 1669//1669 1732//1732
f 1671//1671 1670//1670 1733//1733
f 1672//1672 1671//1671 1734//1734
f 1673//1673 1672//1672 1735//1735
f 1674//1674 1673//1673 1736//1736
f 1675//1675 1674//1674 1737//1737
f 1676//1676 1675//1675 1738//1738
f 1677//1677 1676//1676 1739//1739
f 1678//1678 1677//1677 1740//1740
f 1679//1679 1678//1678 1741//1741
f 1680//1680 1679//1679 1742//1742
f 1681//1681 1680//1680 1743//1743
f 1682//1682 1681//1681 1744//1744
f 1683//1683 1682//1682 1745//1745
f 1684//1684 1683//1683 1746//1746
f 1685//1685 1684//1684 1747//1747
f 1686//1686 1685//1685 1748//1748
f 1687//1687 1686//1686 1749//1749
f 1688//1688 1687//1687 1750//1750
f 1689//1689 1688//1688 1751//1751
f 1690//1690 1689//1689 1752//1752
f 1691//1691 1690//1690 1753//1753
f 1692//1692 1691//1691 1754//1754
f 1693//1693 1692//1692 1755//1755
f 1694//1694 1693//1693 1756//1756
f 1695//1695 1694//1694 1757//1757
f 1696//1696 1695//1695 1758//1758
f 1697//1697 1696//1696 1759//1759
f 1698//1698 1697//1697 1760//1760
f 1699//1699 1698//1698 1761//1761
f 1700//1700 1699//1699 1762//1762
f 1701//1701 1700//1700 1763//1763
f 1702//1702 1701//1701 1764//1764
f 1703//1703 1702//1702 1765//1765
f 1705//1705 1704//1704 1767//1767
f 1706//1706 1705//1705 1768//1768
f 1707//1707 1706//1706 1769//1769
f 1708//1708 1707//1707 1770//1770
f 1709//1709 1708//1708 1771//1771
f 1710//1710 1709//1709 1772//1772
f 1711//1711 1710//1710 1773//1773
f 1712//1712 1711//1711 1774//1774
f 1713//1713 1712//1712 1775//1775
f 1714//1714 1713//1713 1776//1776
f 1715//1715 1714//1714 1777//1777
f 1716//1716 1715//1715 1778//1778
f 1717//1717 1716//1716 1779//1779
f 1718//1718 1717//1717 1780//1780
f 1719//1719 1718//1718 1781//1781
f 1720//1720 1719//1719 1782//1782
f 1721//1721 1720//1720 1783//1783
f 1722//1722 1721//1721 1784//1784
f 1723//1723 1722//1722 1785//1785
f 1724//1724 1723//1723 1786//1786
f 1725//1725 1724//1724 1787//1787
f 1726//1726 1725//1725 1788//1788
f 1727//1727 1726//1726 1789//1789
f 1728//1728 1727//1727 1790//1790
f 1729//1729 1728//1728 1791//1791
f 1730//1730 1729//1729 1792//1792
f 1731//1731 1730//1730 1793//1793
f 1732//1732 1731//1731 1794//1794
f 1733//1733 1732//1732 1795//1795
f 1734//1734 1733//1733 1796//1796
f 1735//1735 1734//1734 1797//1797
f 1736//1736 1735//1735 1798//1798
f 1737//1737 1736//1736 1799//1799
f 1738//1738 1737//1737 1800//1800
f 1739//1739 1738//1738 1801//1801
f 1740//1740 1739//1739 1802//1802
f 1741//1741 1740//1740 1803//1803
f 1742//1742 1741//1741 1804//1804
f 1743//1743 1742//1742 1805//1805
f 1744//1744 1743//1743 1806//1806
f 1745//1745 1744//1744 1807//1807
f 1746//1746 1745//1745 1808//1808
f 1747//1747 1746//1746 1809//1809
f 1748//1748 1747//1747 1810//1810
f 1749//1749 1748//1748 1811//1811
f 1750//1750 1749//1749 1812//1812
f 1751//1751 1750//1750 1813//1813
f 1752//1752 1751//1751 1814//1814
f 1753//1753 1752//1752 1815//1815
f 1754//1754 1753//1753 1816//1816
f 1755//1755 1754//1754 1817//1817
f 1756//1756 1755//1755 1818//1818
f 1757//1757 1756//1756 1819//1819
f 1758//1758 1757//1757 1820//1820
f 1759//1759 1758//1758 1821//1821
f 1760//1760 1759//1759 1822//1822
f 1761//1761 1760//1760 1823//1823
f 1762//1762 1761//1761 1824//1824
f 1763//1763 1762//1762 1825//1825
f 1764//1764 1763//1763 1826//1826
f 1765//1765 1764//1764 1827//1827
f 1766//1766 1765//1765 1828//1828
f 1768//1768 1767//1767 1830//1830
f 1769//1769 1768//1768 1831//1831
f 1770//1770 1769//1769 1832//1832
f 1771//1771 1770//1770 1833//1833
f 1772//1772 1771//1771 1834//1834
f 1773//1773 1772//1772 1835//1835
f 1774//1774 1773//1773 1836//1836
f 1775//1775 1774//1774 1837//1837
f 1776//1776 1775//1775 1838//1838
f 1777//1777 1776//1776 1839//1839
f 1778//1778 1777//1777 1840//1840
f 1779//1779 1778//1778 1841//1841
f 1780//1780 1779//1779 1842//1842
f 1781//1781 1780//1780 1843//1843
f 1782//1782 1781//1781 1844//1844
f 1783//1783 1782//1782 1845//1845
f 1784//1784 1783//1783 1846//1846
f 1785//1785 1784//1784 1847//1847
f 1786//1786 1785//1785 1848//1848
f 1787//1787 1786//1786 1849//1849
f 1788//1788 1787//1787 1850//1850
f 1789//1789 1788//1788 1851//1851
f 1790//1790 1789//1789 1852//1852
f 1791//1791 1790//1790 1853//1853
f 1792//1792 1791//1791 1854//1854
f 1793//1793 1792//1792 1855//1855
f 1794//1794 1793//1793 1856//1856
f 1795//1795 1794//1794 1857//1857
f 1796//1796 1795//1795 1858//1858
f 1797//1797 1796//1796 1859//1859
f 1798//1798 1797//1797 1860//1860
f 1799//1799 1798//1798 1861//1861
f 1800//1800 1799//1799 1862//1862
f 1801//1801 1800//1800 1863//1863
f 1802//1802 1801//1801 1864//1864
f 1803//1803 1802//1802 1865//1865
f 1804//1804 1803//1803 1866//1866
f 1805//1805 1804//1804 1867//1867
f 1806//1806 1805//1805 1868//1868
f 1807//1807 1806//1806 1869//1869
f 1808//1808 1807//1807 1870//1870
f 1809//1809 1808//1808 1871//1871
f 1810//1810 1809//1809 1872//1872
f 1811//1811 1810//1810 1873//1873
f 1812//1812 1811//1811 1874//1874
f 1813//1813 1812//1812 1875//1875
f 1814//1814 1813//1813 1876//1876
f 1815//1815 1814//1814 1877//1877
f 1816//1816 1815//1815 1878//1878
f 1817//1817 1816//1816 1879//1879
f 1818//1818 1817//1817 1880//1880
f 1819//1819 1818//1818 1881//1881
f 1820//1820 1819//1819 1882//1882
f 1821//1821 1820//1820 1883//1883
f 1822//1822 1821//1821 1884//1884
f 1823//1823 1822//1822 1885//1885
f 1824//1824 1823//1823 1886//1886
f 1825//1825 1824//1824 1887//1887
f 1826//1826 1825//1825 1888//1888
f 1827//1827 1826//1826 1889//1889
f 1828//1828 1827//1827 1890//1890
f 1829//1829 1828//1828 1891//1891
f 1831//1831 1830//1830 1893//1893
f 1832//1832 1831//1831 1894//1894
f 1833//1833 1832//1832 1895//1895
f 1834//1834 1833//1833 1896//1896
f 1835//1835 1834//1834 1897//1897
f 1836//1836 1835//1835 1898//1898
f 1837//1837 1836//1836 1899//1899
f 1838//1838 1837//1837 1900//1900
f 1839//1839 1838//1838 1901//1901
f 1840//1840 1839//1839 1902//1902
f 1841//1841 1840//1840 1903//1903
f 1842//1842 1841//1841 1904//1904
f 1843//1843 1842//1842 1905//1905
f 1844//1844 1843//1843 1906//1906
f 1845//1845 1844//1844 1907//1907
f 1846//1846 1845//1845 1908//1908
f 1847//1847 1846//1846 1909//1909
f 1848//1848 1847//1847 1910//1910
f 1849//1849 1848//1848 1911//1911
f 1850//1850 1849//1849 1912//1912
f 1851//1851 1850//1850 1913//1913
f 1852//1852 1851//1851 1914//1914
f 1853//1853 1852//1852 1915//1915
f 1854//1854 1853//1853 1916//1916
f 1855//1855 1854//1854 1917//1917
f 1856//1856 1855//1855 1918//1918
f 1857//1857 1856//1856 1919//1919
f 1858//1858 1857//1857 1920//1920
f 1859//1859 1858//1858 1921//1921
f 1860//1860 1859//1859 1922//1922
f 1861//1861 1860//1860 1923//1923
f 1862//1862 1861//1861 1924//1924
f 1863//1863 1862//1862 1925//1925
f 1864//1864 1863//1863 1926//1926
f 1865//1865 1864//1864 1927//1927
f 1866//1866 1865//1865 1928//1928
f 1867//1867 1866//1866 1929//1929
f 1868//1868 1867//1867 1930//1930
f 1869//1869 1868//1868 1931//1931
f 1870//1870 1869//1869 1932//1932
f 1871//1871 1870//1870 1933//1933
f 1872//1872 1871//1871 1934//1934
f 1873//1873 1872//1872 1935//1935
f 1874//1874 1873//1873 1936//1936
f 1875//1875 1874//1874 1937//1937
f 1876//1876 1875//1875 1938//1938
f 1877//1877 1876//1876 1939//1939
f 1878//1878 1877//1877 1940//1940
f 1879//1879 1878//1878 1941//1941
f 1880//1880 1879//1879 1942//1942
f 1881//1881 1880//1880 1943//1943
f 1882//1882 1881//1881 1944//1944
f 1883//1883 1882//1882 1945//1945
f 1884//1884 1883//1883 1946//1946
f 1885//1885 1884//1884 1947//1947
f 1886//1886 1885//1885 1948//1948
f 1887//1887 1886//1886 1949//1949
f 1888//1888 1887//1887 1950//1950
f 1889//1889 1888//1888 1951//1951
f 1890//1890 1889//1889 1952//1952
f 1891//1891 1890//1890 1953//1953
f 1892//1892 1891//1891 1954//1954
f 1894//1894 1893//1893 1956//1956
f 1895//1895 1894//1894 1957//1957
f 1896//1896 1895//1895 1958//1958
f 1897//1897 1896//1896 1959//1959
f 1898//1898 1897//1897 1960//1960
f 1899//1899 1898//1898 1961//1961
f 1900//1900 1899//1899 1962//1962
f 1901//1901 1900//1900 1963//1963
f 1902//1902 1901//1901 1964//1964
f 1903//1903 1902//1902 1965//1965
f 1904//1904 1903//1903 1966//1966
f 1905//1905 1904//1904 1967//1967
f 1906//1906 1905//1905 1968//1968
f 1907//1907 1906//1906 1969//1969
f 1908//1908 1907//1907 1970//1970
f 1909//1909 1908//1908 1971//1971
f 1910//1910 1909//1909 1972//1972
f 1911//1911 1910//1910 1973//1973
f 1912//1912 1911//1911 1974//1974
f 1913//1913 1912//1912 1975//1975
f 1914//1914 1913//1913 1976//1976
f 1915//1915 1914//1914 1977//1977
f 1916//1916 1915//1915 1978//1978
f 1917//1917 1916//1916 1979//1979
f 1918//1918 1917//1917 1980//1980
f 1919//1919 1918//1918 1981//1981
f 1920//1920 1919//1919 1982//1982
f 1921//1921 1920//1920 1983//1983
f 1922//1922 1921//1921 1984//1984
f 1923//1923 1922//1922 1985//1985
f 1924//1924 1923//1923 1986//1986
f 1925//1925 1924//1924 1987//1987
f 1926//1926 1925//1925 1988//1988
f 1927//1927 1926//1926 1989//1989
f 1928//1928 1927//1927 1990//1990
f 1929//1929 1928//1928 1991//1991
f 1930//1930 1929//1929 1992//1992
f 1931//1931 1930//1930 1993//1993
f 1932//1932 1931//1931 1994//1994
f 1933//1933 1932//1932 1995//1995
f 1934//1934 1933//1933 1996//1996
f 1935//1935 1934//1934 1997//1997
f 1936//1936 1935//1935 1998//1998
f 1937//1937 1936//1936 1999//1999
f 1938//1938 1937//1937 2000//2000
f 1939//1939 1938//1938 2001//2001
f 1940//1940 1939//1939 2002//2002
f 1941//1941 1940//1940 2003//2003
f 1942//1942 1941//1941 2004//2004
f 1943//1943 1942//1942 2005//2005
f 1944//1944 1943//1943 2006//2006
f 1945//1945 1944//1944 2007//2007
f 1946//1946 1945//1945 2008//2008
f 1947//1947 1946//1946 2009//2009
f 1948//1948 1947//1947 2010//2010
f 1949//1949 1948//1948 2011//2011
f 1950//1950 1949//1949 2012//2012
f 1951//1951 1950//1950 2013//2013
f 1952//1952 1951//1951 2014//2014
f 1953//1953 1952//1952 2015//2015
f 1954//1954 1953//1953 2016//2016
f 1955//1955 1954//1954 2017//2017
f 1957//1957 1956//1956 2019//2019
f 1958//1958 1957//1957 2020//2020
f 1959//1959 1958//1958 2021//2021
f 1960//1960 1959//1959 2022//2022
f 1961//1961 1960//1960 2023//2023
f 1962//1962 1961//1961 2024//2024
f 1963//1963 1962//1962 2025//2025
f 1964//1964 1963//1963 2026//2026
f 1965//1965 1964//1964 2027//2027
f 1966//1966 1965//1965 2028//2028
f 1967//1967 1966//1966 2029//2029
f 1968//1968 1967//1967 2030//2030
f 1969//1969 1968//1968 2031//2031
f 1970//1970 1969//1969 2032//2032
f 1971//1971 1970//1970 2033//2033
f 1972//1972 1971//1971 2034//2034
f 1973//1973 1972//1972 2035//2035
f 1974//1974 1973//1973 2036//2036
f 1975//1975 1974//1974 2037//2037
f 1976//1976 1975//1975 2038//2038
f 1977//1977 1976//1976 2039//2039
f 1978//1978 1977//1977 2040//2040
f 1979//1979 1978//1978 2041//2041
f 1980//1980 1979//1979 2042//2042
f 1981//1981 1980//1980 2043//2043
f 1982//1982 1981//1981 2044//2044
f 1983//1983 1982//1982 2045//2045
f 1984//1984 1983//1983 2046//2046
f 1985//1985 1984//1984 2047//2047
f 1986//1986 1985//1985 2048//2048
f 1987//1987 1986//1986 2049//2049
f 1988//1988 1987//1987 2050//2050
f 1989//1989 1988//1988 2051//2051
f 1990//1990 1989//1989 2052//2052
f 1991//1991 1990//1990 2053//2053
f 1992//1992 1991//1991 2054//2054
f 1993//1993 1992//1992 2055//2055
f 1994//1994 1993//1993 2056//2056
f 1995//1995 1994//1994 2057//2057
f 1996//1996 1995//1995 2058//2058
f 1997//1997 1996//1996 2059//2059
f 1998//1998 1997//1997 2060//2060
f 1999//1999 1998//1998 2061//2061
f 2000//2000 1999//1999 2062//2062
f 2001//2001 2000//2000 2063//2063
f 2002//2002 2001//2001 2064//2064
f 2003//2003 2002//2002 2065//2065
f 2004//2004 2003//2003 2066//2066
f 2005//2005 2004//2004 2067//2067
f 2006//2006 2005//2005 2068//2068
f 2007//2007 2006//2006 2069//2069
f 2008//2008 2007//2007 2070//2070
f 2009//2009 2008//2008 2071//2071
f 2010//2010 2009//2009 2072//2072
f 2011//2011 2010//2010 2073//2073
f 2012//2012 2011//2011 2074//2074
f 2013//2013 2012//2012 2075//2075
f 2014//2014 2013//2013 2076//2076
f 2015//2015 2014//2014 2077//2077
f 2016//2016 2015//2015 2078//2078
f 2017//2017 2016//2016 2079//2079
f 2018//2018 2017//2017 2080//2080
f 2020//2020 2019//2019 2082//2082
f 2021//2021 2020//2020 2083//2083
f 2022//2022 2021//2021 2084//2084
f 2023//2023 2022//2022 2085//2085
f 2024//2024 2023//2023 2086//2086
f 2025//2025 2024//2024 2087//2087
f 2026//2026 2025//2025 2088//2088
f 2027//2027 2026//2026 2089//2089
f 2028//2028 2027//2027 2090//2090
f 2029//2029 2028//2028 2091//2091
f 2030//2030 2029//2029 2092//2092
f 2031//2031 2030//2030 2093//2093
f 2032//2032 2031//2031 2094//2094
f 2033//2033 2032//2032 2095//2095
f 2034//2034 2033//2033 2096//2096
f 2035//2035 2034//2034 2097//2097
f 2036//2036 2035//2035 2098//2098
f 2037//2037 2036//2036 2099//2099
f 2038//2038 2037//2037 2100//2100
f 2039//2039 2038//2038 2101//2101
f 2040//2040 2039//2039 2102//2102
f 2041//2041 2040//2040 2103//2103
f 2042//2042 2041//2041 2104//2104
f 2043//2043 2042//2042 2105//2105
f 2044//2044 2043//2043 2106//2106
f 2045//2045 2044//2044 2107//2107
f 2046//2046 2045//2045 2108//2108
f 2047//2047 2046//2046 2109//2109
f 2048//2048 2047//2047 2110//2110
f 2049//2049 2048//2048 2111//2111
f 2050//2050 2049//2049 2112//2112
f 2051//2051 2050//2050 2113//2113
f 2052//2052 2051//2051 2114//2114
f 2053//2053 2052//2052 2115//2115
f 2054//2054 2053//2053 2116//2116
f 2055//2055 2054//2054 2117//2117
f 2056//2056 2055//2055 2118//2118
f 2057//2057 2056//2056 2119//2119
f 2058//2058 2057//2057 2120//2120
f 2059//2059 2058//2058 2121//2121
f 2060//2060 2059//2059 2122//2122
f 2061//2061 2060//2060 2123//2123
f 2062//2062 2061//2061 2124//2124
f 2063//2063 2062//2062 2125//2125
f 2064//2064 2063//2063 2126//2126
f 2065//2065 2064//2064 2127//2127
f 2066//2066 2065//2065 2128//2128
f 2067//2067 2066//2066 2129//2129
f 2068//2068 2067//2067 2130//2130
f 2069//2069 2068//2068 2131//2131
f 2070//2070 2069//2069 2132//2132
f 2071//2071 2070//2070 2133//2133
f 2072//2072 2071//2071 2134//2134
f 2073//2073 2072//2072 2135//2135
f 2074//2074 2073//2073 2136//2136
f 2075//2075 2074//2074 2137//2137
f 2076//2076 2075//2075 2138//2138
f 2077//2077 2076//2076 2139//2139
f 2078//2078 2077//2077 2140//2140
f 2079//2079 2078//2078 2141//2141
f 2080//2080 2079//2079 2142//2142
f 2081//2081 2080//2080 2143//2143
f 2083//2083 2082//2082 2145//2145
f 2084//2084 2083//2083 2146//2146
f 2085//2085 2084//2084 2147//2147
f 2086//2086 2085//2085 2148//2148
f 2087//2087 2086//2086 2149//2149
f 2088//2088 2087//2087 2150//2150
f 2089//2089 2088//2088 2151//2151
f 2090//2090 2089//2089 2152//2152
f 2091//2091 2090//2090 2153//2153
f 2092//2092 2091//2091 2154//2154
f 2093//2093 2092//2092 2155//2155
f 2094//2094 2093//2093 2156//2156
f 2095//2095 2094//2094 2157//2157
f 2096//2096 2095//2095 2158//2158
f 2097//2097 2096//2096 2159//2159
f 2098//2098 2097//2097 2160//2160
f 2099//2099 2098//2098 2161//2161
f 2100//2100 2099//2099 2162//2162
f 2101//2101 2100//2100 2163//2163
f 2102//2102 2101//2101 2164//2164
f 2103//2103 2102//2102 2165//2165
f 2104//2104 2103//2103 2166//2166
f 2105//2105 2104//2104 2167//2167
f 2106//2106 2105//2105 2168//2168
f 2107//2107 2106//2106 2169//2169
f 2108//2108 2107//2107 2170//2170
f 2109//2109 2108//2108 2171//2171
f 2110//2110 2109//2109 2172//2172
f 2111//2111 2110//2110 2173//2173
f 2112//2112 2111//2111 2174//2174
f 2113//2113 2112//2112 2175//2175
f 2114//2114 2113//2113 2176//2176
f 2115//2115 2114//2114 2177//2177
f 2116//2116 2115//2115 2178//2178
f 2117//2117 2116//2116 2179//2179
f 2118//2118 2117//2117 2180//2180
f 2119//2119 2118//2118 2181//2181
f 2120//2120 2119//2119 2182//2182
f 2121//2121 2120//2120 2183//2183
f 2122//2122 2121//2121 2184//2184
f 2123//2123 2122//2122 2185//2185
f 2124//2124 2123//2123 2186//2186
f 2125//2125 2124//2124 2187//2187
f 2126//2126 2125//2125 2188//2188
f 2127//2127 2126//2126 2189//2189
f 2128//2128 2127//2127 2190//2190
f 2129//2129 2128//2128 2191//2191
f 2130//2130 2129//2129 2192//2192
f 2131//2131 2130//2130 2193//2193
f 2132//2132 2131//2131 2194//2194
f 2133//2133 2132//2132 2195//2195
f 2134//2134 2133//2133 2196//2196
f 2135//2135 2134//2134 2197//2197
f 2136//2136 2135//2135 2198//2198
f 2137//2137 2136//2136 2199//2199
f 2138//2138 2137//2137 2200//2200
f 2139//2139 2138//2138 2201//2201
f 2140//2140 2139//2139 2202//2202
f 2141//2141 2140//2140 2203//2203
f 2142//2142 2141//2141 2204//2204
f 2143//2143 2142//2142 2205//2205
f 2144//2144 2143//2143 2206//2206
f 2146//2146 2145//2145 2208//2208
f 2147//2147 2146//2146 2209//2209
f 2148//2148 2147//2147 2210//2210
f 2149//2149 2148//2148 2211//2211
f 2150//2150 2149//2149 2212//2212
f 2151//2151 2150//2150 2213//2213
f 2152//2152 2151//2151 2214//2214
f 2153//2153 2152//2152 2215//2215
f 2154//2154 2153//2153 2216//2216
f 2155//2155 2154//2154 2217//2217
f 2156//2156 2155//2155 2218//2218
f 2157//2157 2156//2156 2219//2219
f 2158//2158 2157//2157 2220//2220
f 2159//2159 2158//2158 2221//2221
f 2160//2160 2159//2159 2222//2222
f 2161//2161 2160//2160 2223//2223
f 2162//2162 2161//2161 2224//2224
f 2163//2163 2162//2162 2225//2225
f 2164//2164 2163//2163 2226//2226
f 2165//2165 2164//2164 2227//2227
f 2166//2166 2165//2165 2228//2228
f 2167//2167 2166//2166 2229//2229
f 2168//2168 2167//2167 2230//2230
f 2169//2169 2168//2168 2231//2231
f 2170//2170 2169//2169 2232//2232
f 2171//2171 2170//2170 2233//2233
f 2172//2172 2171//2171 2234//2234
f 2173//2173 2172//2172 2235//2235
f 2174//2174 2173//2173 2236//2236
f 2175//2175 2174//2174 2237//2237
f 2176//2176 2175//2175 2238//2238
f 2177//2177 2176//2176 2239//2239
f 2178//2178 2177//2177 2240//2240
f 2179//2179 2178//2178 2241//2241
f 2180//2180 2179//2179 2242//2242
f 2181//2181 2180//2180 2243//2243
f 2182//2182 2181//2181 2244//2244
f 2183//2183 2182//2182 2245//2245
f 2184//2184 2183//2183 2246//2246
f 2185//2185 2184//2184 2247//2247
f 2186//2186 2185//2185 2248//2248
f 2187//2187 2186//2186 2249//2249
f 2188//2188 2187//2187 2250//2250
f 2189//2189 2188//2188 2251//2251
f 2190//2190 2189//2189 2252//2252
f 2191//2191 2190//2190 2253//2253
f 2192//2192 2191//2191 2254//2254
f 2193//2193 2192//2192 2255//2255
f 2194//2194 2193//2193 2256//2256
f 2195//2195 2194//2194 2257//2257
f 2196//2196 2195//2195 2258//2258
f 2197//2197 2196//2196 2259//2259
f 2198//2198 2197//2197 2260//2260
f 2199//2199 2198//2198 2261//2261
f 2200//2200 2199//2199 2262//2262
f 2201//2201 2200//2200 2263//2263
f 2202//2202 2201//2201 2264//2264
f 2203//2203 2202//2202 2265//2265
f 2204//2204 2203//2203 2266//2266
f 2205//2205 2204//2204 2267//2267
f 2206//2206 2205//2205 2268//2268
f 2207//2207 2206//2206 2269//2269
f 2209//2209 2208//2208 2271//2271
f 2210//2210 2209//2209 2272//2272
f 2211//2211 2210//2210 2273//2273
f 2212//2212 2211//2211 2274//2274
f 2213//2213 2212//2212 2275//2275
f 2214//2214 2213//2213 2276//2276
f 2215//2215 2214//2214 2277//2277
f 2216//2216 2215//2215 2278//2278
f 2217//2217 2216//2216 2279//2279
f 2218//2218 2217//2217 2280//2280
f 2219//2219 2218//2218 2281//2281
f 2220//2220 2219//2219 2282//2282
f 2221//2221 2220//2220 2283//2283
f 2222//2222 2221//2221 2284//2284
f 2223//2223 2222//2222 2285//2285
f 2224//2224 2223//2223 2286//2286
f 2225//2225 2224//2224 2287//2287
f 2226//2226 2225//2225 2288//2288
f 2227//2227 2226//2226 2289//2289
f 2228//2228 2227//2227 2290//2290
f 2229//2229 2228//2228 2291//2291
f 2230//2230 2229//2229 2292//2292
f 2231//2231 2230//2230 2293//2293
f 2232//2232 2231//2231 2294//2294
f 2233//2233 2232//2232 2295//2295
f 2234//2234 2233//2233 2296//2296
f 2235//2235 2234//2234 2297//2297
f 2236//2236 2235//2235 2298//2298
f 2237//2237 2236//2236 2299//2299
f 2238//2238 2237//2237 2300//2300
f 2239//2239 2238//2238 2301//2301
f 2240//2240 2239//2239 2302//2302
f 2241//2241 2240//2240 2303//2303
f 2242//2242 2241//2241 2304//2304
f 2243//2243 2242//2242 2305//2305
f 2244//2244 2243//2243 2306//2306
f 2245//2245 2244//2244 2307//2307
f 2246//2246 2245//2245 2308//2308
f 2247//2247 2246//2246 2309//2309
f 2248//2248 2247//2247 2310//2310
f 2249//2249 2248//2248 2311//2311
f 2250//2250 2249//2249 2312//2312
f 2251//2251 2250//2250 2313//2313
f 2252//2252 2251//2251 2314//2314
f 2253//2253 2252//2252 2315//2315
f 2254//2254 2253//2253 2316//2316
f 2255//2255 2254//2254 2317//2317
f 2256//2256 2255//2255 2318//2318
f 2257//2257 2256//2256 2319//2319
f 2258//2258 2257//2257 2320//2320
f 2259//2259 2258//2258 2321//2321
f 2260//2260 2259//2259 2322//2322
f 2261//2261 2260//2260 2323//2323
f 2262//2262 2261//2261 2324//2324
f 2263//2263 2262//2262 2325//2325
f 2264//2264 2263//2263 2326//2326
f 2265//2265 2264//2264 2327//2327
f 2266//2266 2265//2265 2328//2328
f 2267//2267 2266//2266 2329//2329
f 2268//2268 2267//2267 2330//2330
f 2269//2269 2268//2268 2331//2331
f 2270//2270 2269//2269 2332//2332
f 2272//2272 2271//2271 2334//2334
f 2273//2273 2272//2272 2335//2335
f 2274//2274 2273//2273 2336//2336
f 2275//2275 2274//2274 2337//2337
f 2276//2276 2275//2275 2338//2338
f 2277//2277 2276//2276 2339//2339
f 2278//2278 2277//2277 2340//2340
f 2279//2279 2278//2278 2341//2341
f 2280//2280 2279//2279 2342//2342
f 2281//2281 2280//2280 2343//2343
f 2282//2282 2281//2281 2344//2344
f 2283//2283 2282//2282 2345//2345
f 2284//2284 2283//2283 2346//2346
f 2285//2285 2284//2284 2347//2347
f 2286//2286 2285//2285 2348//2348
f 2287//2287 2286//2286 2349//2349
f 2288//2288 2287//2287 2350//2350
f 2289//2289 2288//2288 2351//2351
f 2290//2290 2289//2289 2352//2352
f 2291//2291 2290//2290 2353//2353
f 2292//2292 2291//2291 2354//2354
f 2293//2293 2292//2292 2355//2355
f 2294//2294 2293//2293 2356//2356
f 2295//2295 2294//2294 2357//2357
f 2296//2296 2295//2295 2358//2358
f 2297//2297 2296//2296 2359//2359
f 2298//2298 2297//2297 2360//2360
f 2299//2299 2298//2298 2361//2361
f 2300//2300 2299//2299 2362//2362
f 2301//2301 2300//2300 2363//2363
f 2302//2302 2301//2301 2364//2364
f 2303//2303 2302//2302 2365//2365
f 2304//2304 2303//2303 2366//2366
f 2305//2305 2304//2304 2367//2367
f 2306//2306 2305//2305 2368//2368
f 2307//2307 2306//2306 2369//2369
f 2308//2308 2307//2307 2370//2370
f 2309//2309 2308//2308 2371//2371
f 2310//2310 2309//2309 2372//2372
f 2311//2311 2310//2310 2373//2373
f 2312//2312 2311//2311 2374//2374
f 2313//2313 2312//2312 2375//2375
f 2314//2314 2313//2313 2376//2376
f 2315//2315 2314//2314 2377//2377
f 2316//2316 2315//2315 2378//2378
f 2317//2317 2316//2316 2379//2379
f 2318//2318 2317//2317 2380//2380
f 2319//2319 2318//2318 2381//2381
f 2320//2320 2319//2319 2382//2382
f 2321//2321 2320//2320 2383//2383
f 2322//2322 2321//2321 2384//2384
f 2323//2323 2322//2322 2385//2385
f 2324//2324 2323//2323 2386//2386
f 2325//2325 2324//2324 2387//2387
f 2326//2326 2325//2325 2388//2388
f 2327//2327 2326//2326 2389//2389
f 2328//2328 2327//2327 2390//2390
f 2329//2329 2328//2328 2391//2391
f 2330//2330 2329//2329 2392//2392
f 2331//2331 2330//2330 2393//2393
f 2332//2332 2331//2331 2394//2394
f 2333//2333 2332//2332 2395//2395
f 2335//2335 2334//2334 2397//2397
f 2336//2336 2335//2335 2398//2398
f 2337//2337 2336//2336 2399//2399
f 2338//2338 2337//2337 2400//2400
f 2339//2339 2338//2338 2401//2401
f 2340//2340 2339//2339 2402//2402
f 2341//2341 2340//2340 2403//2403
f 2342//2342 2341//2341 2404//2404
f 2343//2343 2342//2342 2405//2405
f 2344//2344 2343//2343 2406//2406
f 2345//2345 2344//2344 2407//2407
f 2346//2346 2345//2345 2408//2408
f 2347//2347 2346//2346 2409//2409
f 2348//2348 2347//2347 2410//2410
f 2349//2349 2348//2348 2411//2411
f 2350//2350 2349//2349 2412//2412
f 2351//2351 2350//2350 2413//2413
f 2352//2352 2351//2351 2414//2414
f 2353//2353 2352//2352 2415//2415
f 2354//2354 2353//2353 2416//2416
f 2355//2355 2354//2354 2417//2417
f 2356//2356 2355//2355 2418//2418
f 2357//2357 2356//2356 2419//2419
f 2358//2358 2357//2357 2420//2420
f 2359//2359 2358//2358 2421//2421
f 2360//2360 2359//2359 2422//2422
f 2361//2361 2360//2360 2423//2423
f 2362//2362 2361//2361 2424//2424
f 2363//2363 2362//2362 2425//2425
f 2364//2364 2363//2363 2426//2426
f 2365//2365 2364//2364 2427//2427
f 2366//2366 2365//2365 2428//2428
f 2367//2367 2366//2366 2429//2429
f 2368//2368 2367//2367 2430//2430
f 2369//2369 2368//2368 2431//2431
f 2370//2370 2369//2369 2432//2432
f 2371//2371 2370//2370 2433//2433
f 2372//2372 2371//2371 2434//2434
f 2373//2373 2372//2372 2435//2435
f 2374//2374 2373//2373 2436//2436
f 2375//2375 2374//2374 2437//2437
f 2376//2376 2375//2375 2438//2438
f 2377//2377 2376//2376 2439//2439
f 2378//2378 2377//2377 2440//2440
f 2379//2379 2378//2378 2441//2441
f 2380//2380 2379//2379 2442//2442
f 2381//2381 2380//2380 2443//2443
f 2382//2382 2381//2381 2444//2444
f 2383//2383 2382//2382 2445//2445
f 2384//2384 2383//2383 2446//2446
f 2385//2385 2384//2384 2447//2447
f 2386//2386 2385//2385 2448//2448
f 2387//2387 2386//2386 2449//2449
f 2388//2388 2387//2387 2450//2450
f 2389//2389 2388//2388 2451//2451
f 2390//2390 2389//2389 2452//2452
f 2391//2391 2390//2390 2453//2453
f 2392//2392 2391//2391 2454//2454
f 2393//2393 2392//2392 2455//2455
f 2394//2394 2393//2393 2456//2456
f 2395//2395 2394//2394 2457//2457
f 2396//2396 2395//2395 2458//2458
f 2398//2398 2397//2397 2460//2460
f 2399//2399 2398//2398 2461//2461
f 2400//2400 2399//2399 2462//2462
f 2401//2401 2400//2400 2463//2463
f 2402//2402 2401//2401 2464//2464
f 2403//2403 2402//2402 2465//2465
f 2404//2404 2403//2403 2466//2466
f 2405//2405 2404//2404 2467//2467
f 2406//2406 2405//2405 2468//2468
f 2407//2407 2406//2406 2469//2469
f 2408//2408 2407//2407 2470//2470
f 2409//2409 2408//2408 2471//2471
f 2410//2410 2409//2409 2472//2472
f 2411//2411 2410//2410 2473//2473
f 2412//2412 2411//2411 2474//2474
f 2413//2413 2412//2412 2475//2475
f 2414//2414 2413//2413 2476//2476
f 2415//2415 2414//2414 2477//2477
f 2416//2416 2415//2415 2478//2478
f 2417//2417 2416//2416 2479//2479
f 2418//2418 2417//2417 2480//2480
f 2419//2419 2418//2418 2481//2481
f 2420//2420 2419//2419 2482//2482
f 2421//2421 2420//2420 2483//2483
f 2422//2422 2421//2421 2484//2484
f 2423//2423 2422//2422 2485//2485
f 2424//2424 2423//2423 2486//2486
f 2425//2425 2424//2424 2487//2487
f 2426//2426 2425//2425 2488//2488
f 2427//2427 2426//2426 2489//2489
f 2428//2428 2427//2427 2490//2490
f 2429//2429 2428//2428 2491//2491
f 2430//2430 2429//2429 2492//2492
f 2431//2431 2430//2430 2493//2493
f 2432//2432 2431//2431 2494//2494
f 2433//2433 2432//2432 2495//2495
f 2434//2434 2433//2433 2496//2496
f 2435//2435 2434//2434 2497//2497
f 2436//2436 2435//2435 2498//2498
f 2437//2437 2436//2436 2499//2499
f 2438//2438 2437//2437 2500//2500
f 2439//2439 2438//2438 2501//2501
f 2440//2440 2439//2439 2502//2502
f 2441//2441 2440//2440 2503//2503
f 2442//2442 2441//2441 2504//2504
f 2443//2443 2442//2442 2505//2505
f 2444//2444 2443//2443 2506//2506
f 2445//2445 2444//2444 2507//2507
f 2446//2446 2445//2445 2508//2508
f 2447//2447 2446//2446 2509//2509
f 2448//2448 2447//2447 2510//2510
f 2449//2449 2448//2448 2511//2511
f 2450//2450 2449//2449 2512//2512
f 2451//2451 2450//2450 2513//2513
f 2452//2452 2451//2451 2514//2514
f 2453//2453 2452//2452 2515//2515
f 2454//2454 2453//2453 2516//2516
f 2455//2455 2454//2454 2517//2517
f 2456//2456 2455//2455 2518//2518
f 2457//2457 2456//2456 2519//2519
f 2458//2458 2457//2457 2520//2520
f 2459//2459 2458//2458 2521//2521
f 2461//2461 2460//2460 2523//2523
f 2462//2462 2461//2461 2524//2524
f 2463//2463 2462//2462 2525//2525
f 2464//2464 2463//2463 2526//2526
f 2465//2465 2464//2464 2527//2527
f 2466//2466 2465//2465 2528//2528
f 2467//2467 2466//2466 2529//2529
f 2468//2468 2467//2467 2530//2530
f 2469//2469 2468//2468 2531//2531
f 2470//2470 2469//2469 2532//2532
f 2471//2471 2470//2470 2533//2533
f 2472//2472 2471//2471 2534//2534
f 2473//2473 2472//2472 2535//2535
f 2474//2474 2473//2473 2536//2536
f 2475//2475 2474//2474 2537//2537
f 2476//2476 2475//2475 2538//2538
f 2477//2477 2476//2476 2539//2539
f 2478//2478 2477//2477 2540//2540
f 2479//2479 2478//2478 2541//2541
f 2480//2480 2479//2479 2542//2542
f 2481//2481 2480//2480 2543//2543
f 2482//2482 2481//2481 2544//2544
f 2483//2483 2482//2482 2545//2545
f 2484//2484 2483//2483 2546//2546
f 2485//2485 2484//2484 2547//2547
f 2486//2486 2485//2485 2548//2548
f 2487//2487 2486//2486 2549//2549
f 2488//2488 2487//2487 2550//2550
f 2489//2489 2488//2488 2551//2551
f 2490//2490 2489//2489 2552//2552
f 2491//2491 2490//2490 2553//2553
f 2492//2492 2491//2491 2554//2554
f 2493//2493 2492//2492 2555//2555
f 2494//2494 2493//2493 2556//2556
f 2495//2495 2494//2494 2557//2557
f 2496//2496 2495//2495 2558//2558
f 2497//2497 2496//2496 2559//2559
f 2498//2498 2497//2497 2560//2560
f 2499//2499 2498//2498 2561//2561
f 2500//2500 2499//2499 2562//2562
f 2501//2501 2500//2500 2563//2563
f 2502//2502 2501//2501 2564//2564
f 2503//2503 2502//2502 2565//2565
f 2504//2504 2503//2503 2566//2566
f 2505//2505 2504//2504 2567//2567
f 2506//2506 2505//2505 2568//2568
f 2507//2507 2506//2506 2569//2569
f 2508//2508 2507//2507 2570//2570
f 2509//2509 2508//2508 2571//2571
f 2510//2510 2509//2509 2572//2572
f 2511//2511 2510//2510 2573//2573
f 2512//2512 2511//2511 2574//2574
f 2513//2513 2512//2512 2575//2575
f 2514//2514 2513//2513 2576//2576
f 2515//2515 2514//2514 2577//2577
f 2516//2516 2515//2515 2578//2578
f 2517//2517 2516//2516 2579//2579
f 2518//2518 2517//2517 2580//2580
f 2519//2519 2518//2518 2581//2581
f 2520//2520 2519//2519 2582//2582
f 2521//2521 2520//2520 2583//2583
f 2522//2522 2521//2521 2584//2584
f 2524//2524 2523//2523 2586//2586
f 2525//2525 2524//2524 2587//2587
f 2526//2526 2525//2525 2588//2588
f 2527//2527 2526//2526 2589//2589
f 2528//2528 2527//2527 2590//2590
f 2529//2529 2528//2528 2591//2591
f 2530//2530 2529//2529 2592//2592
f 2531//2531 2530//2530 2593//2593
f 2532//2532 2531//2531 2594//2594
f 2533//2533 2532//2532 2595//2595
f 2534//2534 2533//2533 2596//2596
f 2535//2535 2534//2534 2597//2597
f 2536//2536 2535//2535 2598//2598
f 2537//2537 2536//2536 2599//2599
f 2538//2538 2537//2537 2600//2600
f 2539//2539 2538//2538 2601//2601
f 2540//2540 2539//2539 2602//2602
f 2541//2541 2540//2540 2603//2603
f 2542//2542 2541//2541 2604//2604
f 2543//2543 2542//2542 2605//2605
f 2544//2544 2543//2543 2606//2606
f 2545//2545 2544//2544 2607//2607
f 2546//2546 2545//2545 2608//2608
f 2547//2547 2546//2546 2609//2609
f 2548//2548 2547//2547 2610//2610
f 2549//2549 2548//2548 2611//2611
f 2550//2550 2549//2549 2612//2612
f 2551//2551 2550//2550 2613//2613
f 2552//2552 2551//2551 2614//2614
f 2553//2553 2552//2552 2615//2615
f 2554//2554 2553//2553 2616//2616
f 2555//2555 2554//2554 2617//2617
f 2556//2556 2555//2555 2618//2618
f 2557//2557 2556//2556 2619//2619
f 2558//2558 2557//2557 2620//2620
f 2559//2559 2558//2558 2621//2621
f 2560//2560 2559//2559 2622//2622
f 2561//2561 2560//2560 2623//2623
f 2562//2562 2561//2561 2624//2624
f 2563//2563 2562//2562 2625//2625
f 2564//2564 2563//2563 2626//2626
f 2565//2565 2564//2564 2627//2627
f 2566//2566 2565//2565 2628//2628
f 2567//2567 2566//2566 2629//2629
f 2568//2568 2567//2567 2630//2630
f 2569//2569 2568//2568 2631//2631
f 2570//2570 2569//2569 2632//2632
f 2571//2571 2570//2570 2633//2633
f 2572//2572 2571//2571 2634//2634
f 2573//2573 2572//2572 2635//2635
f 2574//2574 2573//2573 2636//2636
f 2575//2575 2574//2574 2637//2637
f 2576//2576 2575//2575 2638//2638
f 2577//2577 2576//2576 2639//2639
f 2578//2578 2577//2577 2640//2640
f 2579//2579 2578//2578 2641//2641
f 2580//2580 2579//2579 2642//2642
f 2581//2581 2580//2580 2643//2643
f 2582//2582 2581//2581 2644//2644
f 2583//2583 2582//2582 2645//2645
f 2584//2584 2583//2583 2646//2646
f 2585//2585 2584//2584 2647//2647
f 2587//2587 2586//2586 2649//2649
f 2588//2588 2587//2587 2650//2650
f 2589//2589 2588//2588 2651//2651
f 2590//2590 2589//2589 2652//2652
f 2591//2591 2590//2590 2653//2653
f 2592//2592 2591//2591 2654//2654
f 2593//2593 2592//2592 2655//2655
f 2594//2594 2593//2593 2656//2656
f 2595//2595 2594//2594 2657//2657
f 2596//2596 2595//2595 2658//2658
f 2597//2597 2596//2596 2659//2659
f 2598//2598 2597//2597 2660//2660
f 2599//2599 2598//2598 2661//2661
f 2600//2600 2599//2599 2662//2662
f 2601//2601 2600//2600 2663//2663
f 2602//2602 2601//2601 2664//2664
f 2603//2603 2602//2602 2665//2665
f 2604//2604 2603//2603 2666//2666
f 2605//2605 2604//2604 2667//2667
f 2606//2606 2605//2605 2668//2668
f 2607//2607 2606//2606 2669//2669
f 2608//2608 2607//2607 2670//2670
f 2609//2609 2608//2608 2671//2671
f 2610//2610 2609//2609 2672//2672
f 2611//2611 2610//2610 2673//2673
f 2612//2612 2611//2611 2674//2674
f 2613//2613 2612//2612 2675//2675
f 2614//2614 2613//2613 2676//2676
f 2615//2615 2614//2614 2677//2677
f 2616//2616 2615//2615 2678//2678
f 2617//2617 2616//2616 2679//2679
f 2618//2618 2617//2617 2680//2680
f 2619//2619 2618//2618 2681//2681
f 2620//2620 2619//2619 2682//2682
f 2621//2621 2620//2620 2683//2683
f 2622//2622 2621//2621 2684//2684
f 2623//2623 2622//2622 2685//2685
f 2624//2624 2623//2623 2686//2686
f 2625//2625 2624//2624 2687//2687
f 2626//2626 2625//2625 2688//2688
f 2627//2627 2626//2626 2689//2689
f 2628//2628 2627//2627 2690//2690
f 2629//2629 2628//2628 2691//2691
f 2630//2630 2629//2629 2692//2692
f 2631//2631 2630//2630 2693//2693
f 2632//2632 2631//2631 2694//2694
f 2633//2633 2632//2632 2695//2695
f 2634//2634 2633//2633 2696//2696
f 2635//2635 2634//2634 2697//2697
f 2636//2636 2635//2635 2698//2698
f 2637//2637 2636//2636 2699//2699
f 2638//2638 2637//2637 2700//2700
f 2639//2639 2638//2638 2701//2701
f 2640//2640 2639//2639 2702//2702
f 2641//2641 2640//2640 2703//2703
f 2642//2642 2641//2641 2704//2704
f 2643//2643 2642//2642 2705//2705
f 2644//2644 2643//2643 2706//2706
f 2645//2645 2644//2644 2707//2707
f 2646//2646 2645//2645 2708//2708
f 2647//2647 2646//2646 2709//2709
f 2648//2648 2647//2647 2710//2710
f 2650//2650 2649//2649 2712//2712
f 2651//2651 2650//2650 2713//2713
f 2652//2652 2651//2651 2714//2714
f 2653//2653 2652//2652 2715//2715
f 2654//2654 2653//2653 2716//2716
f 2655//2655 2654//2654 2717//2717
f 2656//2656 2655//2655 2718//2718
f 2657//2657 2656//2656 2719//2719
f 2658//2658 2657//2657 2720//2720
f 2659//2659 2658//2658 2721//2721
f 2660//2660 2659//2659 2722//2722
f 2661//2661 2660//2660 2723//2723
f 2662//2662 2661//2661 2724//2724
f 2663//2663 2662//2662 2725//2725
f 2664//2664 2663//2663 2726//2726
f 2665//2665 2664//2664 2727//2727
f 2666//2666 2665//2665 2728//2728
f 2667//2667 2666//2666 2729//2729
f 2668//2668 2667//2667 2730//2730
f 2669//2669 2668//2668 2731//2731
f 2670//2670 2669//2669 2732//2732
f 2671//2671 2670//2670 2733//2733
f 2672//2672 2671//2671 2734//2734
f 2673//2673 2672//2672 2735//2735
f 2674//2674 2673//2673 2736//2736
f 2675//2675 2674//2674 2737//2737
f 2676//2676 2675//2675 2738//2738
f 2677//2677 2676//2676 2739//2739
f 2678//2678 2677//2677 2740//2740
f 2679//2679 2678//2678 2741//2741
f 2680//2680 2679//2679 2742//2742
f 2681//2681 2680//2680 2743//2743
f 2682//2682 2681//2681 2744//2744
f 2683//2683 2682//2682 2745//2745
f 2684//2684 2683//2683 2746//2746
f 2685//2685 2684//2684 2747//2747
f 2686//2686 2685//2685 2748//2748
f 2687//2687 2686//2686 2749//2749
f 2688//2688 2687//2687 2750//2750
f 2689//2689 2688//2688 2751//2751
f 2690//2690 2689//2689 2752//2752
f 2691//2691 2690//2690 2753//2753
f 2692//2692 2691//2691 2754//2754
f 2693//2693 2692//2692 2755//2755
f 2694//2694 2693//2693 2756//2756
f 2695//2695 2694//2694 2757//2757
f 2696//2696 2695//2695 2758//2758
f 2697//2697 2696//2696 2759//2759
f 2698//2698 2697//2697 2760//2760
f 2699//2699 2698//2698 2761//2761
f 2700//2700 2699//2699 2762//2762
f 2701//2701 2700//2700 2763//2763
f 2702//2702 2701//2701 2764//2764
f 2703//2703 2702//2702 2765//2765
f 2704//2704 2703//2703 2766//2766
f 2705//2705 2704//2704 2767//2767
f 2706//2706 2705//2705 2768//2768
f 2707//2707 2706//2706 2769//2769
f 2708//2708 2707//2707 2770//2770
f 2709//2709 2708//2708 2771//2771
f 2710//2710 2709//2709 2772//2772
f 2711//2711 2710//2710 2773//2773
f 2713//2713 2712//2712 2775//2775
f 2714//2714 2713//2713 2776//2776
f 2715//2715 2714//2714 2777//2777
f 2716//2716 2715//2715 2778//2778
f 2717//2717 2716//2716 2779//2779
f 2718//2718 2717//2717 2780//2780
f 2719//2719 2718//2718 2781//2781
f 2720//2720 2719//2719 2782//2782
f 2721//2721 2720//2720 2783//2783
f 2722//2722 2721//2721 2784//2784
f 2723//2723 2722//2722 2785//2785
f 2724//2724 2723//2723 2786//2786
f 2725//2725 2724//2724 2787//2787
f 2726//2726 2725//2725 2788//2788
f 2727//2727 2726//2726 2789//2789
f 2728//2728 2727//2727 2790//2790
f 2729//2729 2728//2728 2791//2791
f 2730//2730 2729//2729 2792//2792
f 2731//2731 2730//2730 2793//2793
f 2732//2732 2731//2731 2794//2794
f 2733//2733 2732//2732 2795//2795
f 2734//2734 2733//2733 2796//2796
f 2735//2735 2734//2734 2797//2797
f 2736//2736 2735//2735 2798//2798
f 2737//2737 2736//2736 2799//2799
f 2738//2738 2737//2737 2800//2800
f 2739//2739 2738//2738 2801//2801
f 2740//2740 2739//2739 2802//2802
f 2741//2741 2740//2740 2803//2803
f 2742//2742 2741//2741 2804//2804
f 2743//2743 2742//2742 2805//2805
f 2744//2744 2743//2743 2806//2806
f 2745//2745 2744//2744 2807//2807
f 2746//2746 2745//2745 2808//2808
f 2747//2747 2746//2746 2809//2809
f 2748//2748 2747//2747 2810//2810
f 2749//2749 2748//2748 2811//2811
f 2750//2750 2749//2749 2812//2812
f 2751//2751 2750//2750 2813//2813
f 2752//2752 2751//2751 2814//2814
f 2753//2753 2752//2752 2815//2815
f 2754//2754 2753//2753 2816//2816
f 2755//2755 2754//2754 2817//2817
f 2756//2756 2755//2755 2818//2818
f 2757//2757 2756//2756 2819//2819
f 2758//2758 2757//2757 2820//2820
f 2759//2759 2758//2758 2821//2821
f 2760//2760 2759//2759 2822//2822
f 2761//2761 2760//2760 2823//2823
f 2762//2762 2761//2761 2824//2824
f 2763//2763 2762//2762 2825//2825
f 2764//2764 2763//2763 2826//2826
f 2765//2765 2764//2764 2827//2827
f 2766//2766 2765//2765 2828//2828
f 2767//2767 2766//2766 2829//2829
f 2768//2768 2767//2767 2830//2830
f 2769//2769 2768//2768 2831//2831
f 2770//2770 2769//2769 2832//2832
f 2771//2771 2770//2770 2833//2833
f 2772//2772 2771//2771 2834//2834
f 2773//2773 2772//2772 2835//2835
f 2774//2774 2773//2773 2836//2836
f 2776//2776 2775//2775 2838//2838
f 2777//2777 2776//2776 2839//2839
f 2778//2778 2777//2777 2840//2840
f 2779//2779 2778//2778 2841//2841
f 2780//2780 2779//2779 2842//2842
f 2781//2781 2780//2780 2843//2843
f 2782//2782 2781//2781 2844//2844
f 2783//2783 2782//2782 2845//2845
f 2784//2784 2783//2783 2846//2846
f 2785//2785 2784//2784 2847//2847
f 2786//2786 2785//2785 2848//2848
f 2787//2787 2786//2786 2849//2849
f 2788//2788 2787//2787 2850//2850
f 2789//2789 2788//2788 2851//2851
f 2790//2790 2789//2789 2852//2852
f 2791//2791 2790//2790 2853//2853
f 2792//2792 2791//2791 2854//2854
f 2793//2793 2792//2792 2855//2855
f 2794//2794 2793//2793 2856//2856
f 2795//2795 2794//2794 2857//2857
f 2796//2796 2795//2795 2858//2858
f 2797//2797 2796//2796 2859//2859
f 2798//2798 2797//2797 2860//2860
f 2799//2799 2798//2798 2861//2861
f 2800//2800 2799//2799 2862//2862
f 2801//2801 2800//2800 2863//2863
f 2802//2802 2801//2801 2864//2864
f 2803//2803 2802//2802 2865//2865
f 2804//2804 2803//2803 2866//2866
f 2805//2805 2804//2804 2867//2867
f 2806//2806 2805//2805 2868//2868
f 2807//2807 2806//2806 2869//2869
f 2808//2808 2807//2807 2870//2870
f 2809//2809 2808//2808 2871//2871
f 2810//2810 2809//2809 2872//2872
f 2811//2811 2810//2810 2873//2873
f 2812//2812 2811//2811 2874//2874
f 2813//2813 2812//2812 2875//2875
f 2814//2814 2813//2813 2876//2876
f 2815//2815 2814//2814 2877//2877
f 2816//2816 2815//2815 2878//2878
f 2817//2817 2816//2816 2879//2879
f 2818//2818 2817//2817 2880//2880
f 2819//2819 2818//2818 2881//2881
f 2820//2820 2819//2819 2882//2882
f 2821//2821 2820//2820 2883//2883
f 2822//2822 2821//2821 2884//2884
f 2823//2823 2822//2822 2885//2885
f 2824//2824 2823//2823 2886//2886
f 2825//2825 2824//2824 2887//2887
f 2826//2826 2825//2825 2888//2888
f 2827//2827 2826//2826 2889//2889
f 2828//2828 2827//2827 2890//2890
f 2829//2829 2828//2828 2891//2891
f 2830//2830 2829//2829 2892//2892
f 2831//2831 2830//2830 2893//2893
f 2832//2832 2831//2831 2894//2894
f 2833//2833 2832//2832 2895//2895
f 2834//2834 2833//2833 2896//2896
f 2835//2835 2834//2834 2897//2897
f 2836//2836 2835//2835 2898//2898
f 2837//2837 2836//2836 2899//2899
f 2839//2839 2838//2838 2901//2901
f 2840//2840 2839//2839 2902//2902
f 2841//2841 2840//2840 2903//2903
f 2842//2842 2841//2841 2904//2904
f 2843//2843 2842//2842 2905//2905
f 2844//2844 2843//2843 2906//2906
f 2845//2845 2844//2844 2907//2907
f 2846//2846 2845//2845 2908//2908
f 2847//2847 2846//2846 2909//2909
f 2848//2848 2847//2847 2910//2910
f 2849//2849 2848//2848 2911//2911
f 2850//2850 2849//2849 2912//2912
f 2851//2851 2850//2850 2913//2913
f 2852//2852 2851//2851 2914//2914
f 2853//2853 2852//2852 2915//2915
f 2854//2854 2853//2853 2916//2916
f 2855//2855 2854//2854 2917//2917
f 2856//2856 2855//2855 2918//2918
f 2857//2857 2856//2856 2919//2919
f 2858//2858 2857//2857 2920//2920
f 2859//2859 2858//2858 2921//2921
f 2860//2860 2859//2859 2922//2922
f 2861//2861 2860//2860 2923//2923
f 2862//2862 2861//2861 2924//2924
f 2863//2863 2862//2862 2925//2925
f 2864//2864 2863//2863 2926//2926
f 2865//2865 2864//2864 2927//2927
f 2866//2866 2865//2865 2928//2928
f 2867//2867 2866//2866 2929//2929
f 2868//2868 2867//2867 2930//2930
f 2869//2869 2868//2868 2931//2931
f 2870//2870 2869//2869 2932//2932
f 2871//2871 2870//2870 2933//2933
f 2872//2872 2871//2871 2934//2934
f 2873//2873 2872//2872 2935//2935
f 2874//2874 2873//2873 2936//2936
f 2875//2875 2874//2874 2937//2937
f 2876//2876 2875//2875 2938//2938
f 2877//2877 2876//2876 2939//2939
f 2878//2878 2877//2877 2940//2940
f 2879//2879 2878//2878 2941//2941
f 2880//2880 2879//2879 2942//2942
f 2881//2881 2880//2880 2943//2943
f 2882//2882 2881//2881 2944//2944
f 2883//2883 2882//2882 2945//2945
f 2884//2884 2883//2883 2946//2946
f 2885//2885 2884//2884 2947//2947
f 2886//2886 2885//2885 2948//2948
f 2887//2887 2886//2886 2949//2949
f 2888//2888 2887//2887 2950//2950
f 2889//2889 2888//2888 2951//2951
f 2890//2890 2889//2889 2952//2952
f 2891//2891 2890//2890 2953//2953
f 2892//2892 2891//2891 2954//2954
f 2893//2893 2892//2892 2955//2955
f 2894//2894 2893//2893 2956//2956
f 2895//2895 2894//2894 2957//2957
f 2896//2896 2895//2895 2958//2958
f 2897//2897 2896//2896 2959//2959
f 2898//2898 2897//2897 2960//2960
f 2899//2899 2898//2898 2961//2961
f 2900//2900 2899//2899 2962//2962
f 2902//2902 2901//2901 2964//2964
f 2903//2903 2902//2902 2965//2965
f 2904//2904 2903//2903 2966//2966
f 2905//2905 2904//2904 2967//2967
f 2906//2906 2905//2905 2968//2968
f 2907//2907 2906//2906 2969//2969
f 2908//2908 2907//2907 2970//2970
f 2909//2909 2908//2908 2971//2971
f 2910//2910 2909//2909 2972//2972
f 2911//2911 2910//2910 2973//2973
f 2912//2912 2911//2911 2974//2974
f 2913//2913 2912//2912 2975//2975
f 2914//2914 2913//2913 2976//2976
f 2915//2915 2914//2914 2977//2977
f 2916//2916 2915//2915 2978//2978
f 2917//2917 2916//2916 2979//2979
f 2918//2918 2917//2917 2980//2980
f 2919//2919 2918//2918 2981//2981
f 2920//2920 2919//2919 2982//2982
f 2921//2921 2920//2920 2983//2983
f 2922//2922 2921//2921 2984//2984
f 2923//2923 2922//2922 2985//2985
f 2924//2924 2923//2923 2986//2986
f 2925//2925 2924//2924 2987//2987
f 2926//2926 2925//2925 2988//2988
f 2927//2927 2926//2926 2989//2989
f 2928//2928 2927//2927 2990//2990
f 2929//2929 2928//2928 2991//2991
f 2930//2930 2929//2929 2992//2992
f 2931//2931 2930//2930 2993//2993
f 2932//2932 2931//2931 2994//2994
f 2933//2933 2932//2932 2995//2995
f 2934//2934 2933//2933 2996//2996
f 2935//2935 2934//2934 2997//2997
f 2936//2936 2935//2935 2998//2998
f 2937//2937 2936//2936 2999//2999
f 2938//2938 2937//2937 3000//3000
f 2939//2939 2938//2938 3001//3001
f 2940//2940 2939//2939 3002//3002
f 2941//2941 2940//2940 3003//3003
f 2942//2942 2941//2941 3004//3004
f 2943//2943 2942//2942 3005//3005
f 2944//2944 2943//2943 3006//3006
f 2945//2945 2944//2944 3007//3007
f 2946//2946 2945//2945 3008//3008
f 2947//2947 2946//2946 3009//3009
f 2948//2948 2947//2947 3010//3010
f 2949//2949 2948//2948 3011//3011
f 2950//2950 2949//2949 3012//3012
f 2951//2951 2950//2950 3013//3013
f 2952//2952 2951//2951 3014//3014
f 2953//2953 2952//2952 3015//3015
f 2954//2954 2953//2953 3016//3016
f 2955//2955 2954//2954 3017//3017
f 2956//2956 2955//2955 3018//3018
f 2957//2957 2956//2956 3019//3019
f 2958//2958 2957//2957 3020//3020
f 2959//2959 2958//2958 3021//3021
f 2960//2960 2959//2959 3022//3022
f 2961//2961 2960//2960 3023//3023
f 2962//2962 2961//2961 3024//3024
f 2963//2963 2962//2962 3025//3025
f 2965//2965 2964//2964 3027//3027
f 2966//2966 2965//2965 3028//3028
f 2967//2967 2966//2966 3029//3029
f 2968//2968 2967//2967 3030//3030
f 2969//2969 2968//2968 3031//3031
f 2970//2970 2969//2969 3032//3032
f 2971//2971 2970//2970 3033//3033
f 2972//2972 2971//2971 3034//3034
f 2973//2973 2972//2972 3035//3035
f 2974//2974 2973//2973 3036//3036
f 2975//2975 2974//2974 3037//3037
f 2976//2976 2975//2975 3038//3038
f 2977//2977 2976//2976 3039//3039
f 2978//2978 2977//2977 3040//3040
f 2979//2979 2978//2978 3041//3041
f 2980//2980 2979//2979 3042//3042
f 2981//2981 2980//2980 3043//3043
f 2982//2982 2981//2981 3044//3044
f 2983//2983 2982//2982 3045//3045
f 2984//2984 2983//2983 3046//3046
f 2985//2985 2984//2984 3047//3047
f 2986//2986 2985//2985 3048//3048
f 2987//2987 2986//2986 3049//3049
f 2988//2988 2987//2987 3050//3050
f 2989//2989 2988//2988 3051//3051
f 2990//2990 2989//2989 3052//3052
f 2991//2991 2990//2990 3053//3053
f 2992//2992 2991//2991 3054//3054
f 2993//2993 2992//2992 3055//3055
f 2994//2994 2993//2993 3056//3056
f 2995//2995 2994//2994 3057//3057
f 2996//2996 2995//2995 3058//3058
f 2997//2997 2996//2996 3059//3059
f 2998//2998 2997//2997 3060//3060
f 2999//2999 2998//2998 3061//3061
f 3000//3000 2999//2999 3062//3062
f 3001//3001 3000//3000 3063//3063
f 3002//3002 3001//3001 3064//3064
f 3003//3003 3002//3002 3065//3065
f 3004//3004 3003//3003 3066//3066
f 3005//3005 3004//3004 3067//3067
f 3006//3006 3005//3005 3068//3068
f 3007//3007 3006//3006 3069//3069
f 3008//3008 3007//3007 3070//3070
f 3009//3009 3008//3008 3071//3071
f 3010//3010 3009//3009 3072//3072
f 3011//3011 3010//3010 3073//3073
f 3012//3012 3011//3011 3074//3074
f 3013//3013 3012//3012 3075//3075
f 3014//3014 3013//3013 3076//3076
f 3015//3015 3014//3014 3077//3077
f 3016//3016 3015//3015 3078//3078
f 3017//3017 3016//3016 3079//3079
f 3018//3018 3017//3017 3080//3080
f 3019//3019 3018//3018 3081//3081
f 3020//3020 3019//3019 3082//3082
f 3021//3021 3020//3020 3083//3083
f 3022//3022 3021//3021 3084//3084
f 3023//3023 3022//3022 3085//3085
f 3024//3024 3023//3023 3086//3086
f 3025//3025 3024//3024 3087//3087
f 3026//3026 3025//3025 3088//3088
f 3028//3028 3027//3027 3090//3090
f 3029//3029 3028//3028 3091//3091
f 3030//3030 3029//3029 3092//3092
f 3031//3031 3030//3030 3093//3093
f 3032//3032 3031//3031 3094//3094
f 3033//3033 3032//3032 3095//3095
f 3034//3034 3033//3033 3096//3096
f 3035//3035 3034//3034 3097//3097
f 3036//3036 3035//3035 3098//3098
f 3037//3037 3036//3036 3099//3099
f 3038//3038 3037//3037 3100//3100
f 3039//3039 3038//3038 3101//3101
f 3040//3040 3039//3039 3102//3102
f 3041//3041 3040//3040 3103//3103
f 3042//3042 3041//3041 3104//3104
f 3043//3043 3042//3042 3105//3105
f 3044//3044 3043//3043 3106//3106
f 3045//3045 3044//3044 3107//3107
f 3046//3046 3045//3045 3108//3108
f 3047//3047 3046//3046 3109//3109
f 3048//3048 3047//3047 3110//3110
f 3049//3049 3048//3048 3111//3111
f 3050//3050 3049//3049 3112//3112
f 3051//3051 3050//3050 3113//3113
f 3052//3052 3051//3051 3114//3114
f 3053//3053 3052//3052 3115//3115
f 3054//3054 3053//3053 3116//3116
f 3055//3055 3054//3054 3117//3117
f 3056//3056 3055//3055 3118//3118
f 3057//3057 3056//3056 3119//3119
f 3058//3058 3057//3057 3120//3120
f 3059//3059 3058//3058 3121//3121
f 3060//3060 3059//3059 3122//3122
f 3061//3061 3060//3060 3123//3123
f 3062//3062 3061//3061 3124//3124
f 3063//3063 3062//3062 3125//3125
f 3064//3064 3063//3063 3126//3126
f 3065//3065 3064//3064 3127//3127
f 3066//3066 3065//3065 3128//3128
f 3067//3067 3066//3066 3129//3129
f 3068//3068 3067//3067 3130//3130
f 3069//3069 3068//3068 3131//3131
f 3070//3070 3069//3069 3132//3132
f 3071//3071 3070//3070 3133//3133
f 3072//3072 3071//3071 3134//3134
f 3073//3073 3072//3072 3135//3135
f 3074//3074 3073//3073 3136//3136
f 3075//3075 3074//3074 3137//3137
f 3076//3076 3075//3075 3138//3138
f 3077//3077 3076//3076 3139//3139
f 3078//3078 3077//3077 3140//3140
f 3079//3079 3078//3078 3141//3141
f 3080//3080 3079//3079 3142//3142
f 3081//3081 3080//3080 3143//3143
f 3082//3082 3081//3081 3144//3144
f 3083//3083 3082//3082 3145//3145
f 3084//3084 3083//3083 3146//3146
f 3085//3085 3084//3084 3147//3147
f 3086//3086 3085//3085 3148//3148
f 3087//3087 3086//3086 3149//3149
f 3088//3088 3087//3087 3150//3150
f 3089//3089 3088//3088 3151//3151
f 3091//3091 3090//3090 3153//3153
f 3092//3092 3091//3091 3154//3154
f 3093//3093 3092//3092 3155//3155
f 3094//3094 3093//3093 3156//3156
f 3095//3095 3094//3094 3157//3157
f 3096//3096 3095//3095 3158//3158
f 3097//3097 3096//3096 3159//3159
f 3098//3098 3097//3097 3160//3160
f 3099//3099 3098//3098 3161//3161
f 3100//3100 3099//3099 3162//3162
f 3101//3101 3100//3100 3163//3163
f 3102//3102 3101//3101 3164//3164
f 3103//3103 3102//3102 3165//3165
f 3104//3104 3103//3103 3166//3166
f 3105//3105 3104//3104 3167//3167
f 3106//3106 3105//3105 3168//3168
f 3107//3107 3106//3106 3169//3169
f 3108//3108 3107//3107 3170//3170
f 3109//3109 3108//3108 3171//3171
f 3110//3110 3109//3109 3172//3172
f 3111//3111 3110//3110 3173//3173
f 3112//3112 3111//3111 3174//3174
f 3113//3113 3112//3112 3175//3175
f 3114//3114 3113//3113 3176//3176
f 3115//3115 3114//3114 3177//3177
f 3116//3116 3115//3115 3178//3178
f 3117//3117 3116//3116 3179//3179
f 3118//3118 3117//3117 3180//3180
f 3119//3119 3118//3118 3181//3181
f 3120//3120 3119//3119 3182//3182
f 3121//3121 3120//3120 3183//3183
f 3122//3122 3121//3121 3184//3184
f 3123//3123 3122//3122 3185//3185
f 3124//3124 3123//3123 3186//3186
f 3125//3125 3124//3124 3187//3187
f 3126//3126 3125//3125 3188//3188
f 3127//3127 3126//3126 3189//3189
f 3128//3128 3127//3127 3190//3190
f 3129//3129 3128//3128 3191//3191
f 3130//3130 3129//3129 3192//3192
f 3131//3131 3130//3130 3193//3193
f 3132//3132 3131//3131 3194//3194
f 3133//3133 3132//3132 3195//3195
f 3134//3134 3133//3133 3196//3196
f 3135//3135 3134//3134 3197//3197
f 3136//3136 3135//3135 3198//3198
f 3137//3137 3136//3136 3199//3199
f 3138//3138 3137//3137 3200//3200
f 3139//3139 3138//3138 3201//3201
f 3140//3140 3139//3139 3202//3202
f 3141//3141 3140//3140 3203//3203
f 3142//3142 3141//3141 3204//3204
f 3143//3143 3142//3142 3205//3205
f 3144//3144 3143//3143 3206//3206
f 3145//3145 3144//3144 3207//3207
f 3146//3146 3145//3145 3208//3208
f 3147//3147 3146//3146 3209//3209
f 3148//3148 3147//3147 3210//3210
f 3149//3149 3148//3148 3211//3211
f 3150//3150 3149//3149 3212//3212
f 3151//3151 3150//3150 3213//3213
f 3152//3152 3151//3151 3214//3214
f 3154//3154 3153//3153 3216//3216
f 3155//3155 3154//3154 3217//3217
f 3156//3156 3155//3155 3218//3218
f 3157//3157 3156//3156 3219//3219
f 3158//3158 3157//3157 3220//3220
f 3159//3159 3158//3158 3221//3221
f 3160//3160 3159//3159 3222//3222
f 3161//3161 3160//3160 3223//3223
f 3162//3162 3161//3161 3224//3224
f 3163//3163 3162//3162 3225//3225
f 3164//3164 3163//3163 3226//3226
f 3165//3165 3164//3164 3227//3227
f 3166//3166 3165//3165 3228//3228
f 3167//3167 3166//3166 3229//3229
f 3168//3168 3167//3167 3230//3230
f 3169//3169 3168//3168 3231//3231
f 3170//3170 3169//3169 3232//3232
f 3171//3171 3170//3170 3233//3233
f 3172//3172 3171//3171 3234//3234
f 3173//3173 3172//3172 3235//3235
f 3174//3174 3173//3173 3236//3236
f 3175//3175 3174//3174 3237//3237
f 3176//3176 3175//3175 3238//3238
f 3177//3177 3176//3176 3239//3239
f 3178//3178 3177//3177 3240//3240
f 3179//3179 3178//3178 3241//3241
f 3180//3180 3179//3179 3242//3242
f 3181//3181 3180//3180 3243//3243
f 3182//3182 3181//3181 3244//3244
f 3183//3183 3182//3182 3245//3245
f 3184//3184 3183//3183 3246//3246
f 3185//3185 3184//3184 3247//3247
f 3186//3186 3185//3185 3248//3248
f 3187//3187 3186//3186 3249//3249
f 3188//3188 3187//3187 3250//3250
f 3189//3189 3188//3188 3251//3251
f 3190//3190 3189//3189 3252//3252
f 3191//3191 3190//3190 3253//3253
f 3192//3192 3191//3191 3254//3254
f 3193//3193 3192//3192 3255//3255
f 3194//3194 3193//3193 3256//3256
f 3195//3195 3194//3194 3257//3257
f 3196//3196 3195//3195 3258//3258
f 3197//3197 3196//3196 3259//3259
f 3198//3198 3197//3197 3260//3260
f 3199//3199 3198//3198 3261//3261
f 3200//3200 3199//3199 3262//3262
f 3201//3201 3200//3200 3263//3263
f 3202//3202 3201//3201 3264//3264
f 3203//3203 3202//3202 3265//3265
f 3204//3204 3203//3203 3266//3266
f 3205//3205 3204//3204 3267//3267
f 3206//3206 3205//3205 3268//3268
f 3207//3207 3206//3206 3269//3269
f 3208//3208 3207//3207 3270//3270
f 3209//3209 3208//3208 3271//3271
f 3210//3210 3209//3209 3272//3272
f 3211//3211 3210//3210 3273//3273
f 3212//3212 3211//3211 3274//3274
f 3213//3213 3212//3212 3275//3275
f 3214//3214 3213//3213 3276//3276
f 3215//3215 3214//3214 3277//3277
f 3217//3217 3216//3216 3279//3279
f 3218//3218 3217//3217 3280//3280
f 3219//3219 3218//3218 3281//3281
f 3220//3220 3219//3219 3282//3282
f 3221//3221 3220//3220 3283//3283
f 3222//3222 3221//3221 3284//3284
f 3223//3223 3222//3222 3285//3285
f 3224//3224 3223//3223 3286//3286
f 3225//3225 3224//3224 3287//3287
f 3226//3226 3225//3225 3288//3288
f 3227//3227 3226//3226 3289//3289
f 3228//3228 3227//3227 3290//3290
f 3229//3229 3228//3228 3291//3291
f 3230//3230 3229//3229 3292//3292
f 3231//3231 3230//3230 3293//3293
f 3232//3232 3231//3231 3294//3294
f 3233//3233 3232//3232 3295//3295
f 3234//3234 3233//3233 3296//3296
f 3235//3235 3234//3234 3297//3297
f 3236//3236 3235//3235 3298//3298
f 3237//3237 3236//3236 3299//3299
f 3238//3238 3237//3237 3300//3300
f 3239//3239 3238//3238 3301//3301
f 3240//3240 3239//3239 3302//3302
f 3241//3241 3240//3240 3303//3303
f 3242//3242 3241//3241 3304//3304
f 3243//3243 3242//3242 3305//3305
f 3244//3244 3243//3243 3306//3306
f 3245//3245 3244//3244 3307//3307
f 3246//3246 3245//3245 3308//3308
f 3247//3247 3246//3246 3309//3309
f 3248//3248 3247//3247 3310//3310
f 3249//3249 3248//3248 3311//3311
f 3250//3250 3249//3249 3312//3312
f 3251//3251 3250//3250 3313//3313
f 3252//3252 3251//3251 3314//3314
f 3253//3253 3252//3252 3315//3315
f 3254//3254 3253//3253 3316//3316
f 3255//3255 3254//3254 3317//3317
f 3256//3256 3255//3255 3318//3318
f 3257//3257 3256//3256 3319//3319
f 3258//3258 3257//3257 3320//3320
f 3259//3259 3258//3258 3321//3321
f 3260//3260 3259//3259 3322//3322
f 3261//3261 3260//3260 3323//3323
f 3262//3262 3261//3261 3324//3324
f 3263//3263 3262//3262 3325//3325
f 3264//3264 3263//3263 3326//3326
f 3265//3265 3264//3264 3327//3327
f 3266//3266 3265//3265 3328//3328
f 3267//3267 3266//3266 3329//3329
f 3268//3268 3267//3267 3330//3330
f 3269//3269 3268//3268 3331//3331
f 3270//3270 3269//3269 3332//3332
f 3271//3271 3270//3270 3333//3333
f 3272//3272 3271//3271 3334//3334
f 3273//3273 3272//3272 3335//3335
f 3274//3274 3273//3273 3336//3336
f 3275//3275 3274//3274 3337//3337
f 3276//3276 3275//3275 3338//3338
f 3277//3277 3276//3276 3339//3339
f 3278//3278 3277//3277 3340//3340
f 3280//3280 3279//3279 3342//3342
f 3281//3281 3280//3280 3343//3343
f 3282//3282 3281//3281 3344//3344
f 3283//3283 3282//3282 3345//3345
f 3284//3284 3283//3283 3346//3346
f 3285//3285 3284//3284 3347//3347
f 3286//3286 3285//3285 3348//3348
f 3287//3287 3286//3286 3349//3349
f 3288//3288 3287//3287 3350//3350
f 3289//3289 3288//3288 3351//3351
f 3290//3290 3289//3289 3352//3352
f 3291//3291 3290//3290 3353//3353
f 3292//3292 3291//3291 3354//3354
f 3293//3293 3292//3292 3355//3355
f 3294//3294 3293//3293 3356//3356
f 3295//3295 3294//3294 3357//3357
f 3296//3296 3295//3295 3358//3358
f 3297//3297 3296//3296 3359//3359
f 3298//3298 3297//3297 3360//3360
f 3299//3299 3298//3298 3361//3361
f 3300//3300 3299//3299 3362//3362
f 3301//3301 3300//3300 3363//3363
f 3302//3302 3301//3301 3364//3364
f 3303//3303 3302//3302 3365//3365
f 3304//3304 3303//3303 3366//3366
f 3305//3305 3304//3304 3367//3367
f 3306//3306 3305//3305 3368//3368
f 3307//3307 3306//3306 3369//3369
f 3308//3308 3307//3307 3370//3370
f 3309//3309 3308//3308 3371//3371
f 3310//3310 3309//3309 3372//3372
f 3311//3311 3310//3310 3373//3373
f 3312//3312 3311//3311 3374//3374
f 3313//3313 3312//3312 3375//3375
f 3314//3314 3313//3313 3376//3376
f 3315//3315 3314//3314 3377//3377
f 3316//3316 3315//3315 3378//3378
f 3317//3317 3316//3316 3379//3379
f 3318//3318 3317//3317 3380//3380
f 3319//3319 3318//3318 3381//3381
f 3320//3320 3319//3319 3382//3382
f 3321//3321 3320//3320 3383//3383
f 3322//3322 3321//3321 3384//3384
f 3323//3323 3322//3322 3385//3385
f 3324//3324 3323//3323 3386//3386
f 3325//3325 3324//3324 3387//3387
f 3326//3326 3325//3325 3388//3388
f 3327//3327 3326//3326 3389//3389
f 3328//3328 3327//3327 3390//3390
f 3329//3329 3328//3328 3391//3391
f 3330//3330 3329//3329 3392//3392
f 3331//3331 3330//3330 3393//3393
f 3332//3332 3331//3331 3394//3394
f 3333//3333 3332//3332 3395//3395
f 3334//3334 3333//3333 3396//3396
f 3335//3335 3334//3334 3397//3397
f 3336//3336 3335//3335 3398//3398
f 3337//3337 3336//3336 3399//3399
f 3338//3338 3337//3337 3400//3400
f 3339//3339 3338//3338 3401//3401
f 3340//3340 3339//3339 3402//3402
f 3341//3341 3340//3340 3403//3403
f 3343//3343 3342//3342 3405//3405
f 3344//3344 3343//3343 3406//3406
f 3345//3345 3344//3344 3407//3407
f 3346//3346 3345//3345 3408//3408
f 3347//3347 3346//3346 3409//3409
f 3348//3348 3347//3347 3410//3410
f 3349//3349 3348//3348 3411//3411
f 3350//3350 3349//3349 3412//3412
f 3351//3351 3350//3350 3413//3413
f 3352//3352 3351//3351 3414//3414
f 3353//3353 3352//3352 3415//3415
f 3354//3354 3353//3353 3416//3416
f 3355//3355 3354//3354 3417//3417
f 3356//3356 3355//3355 3418//3418
f 3357//3357 3356//3356 3419//3419
f 3358//3358 3357//3357 3420//3420
f 3359//3359 3358//3358 3421//3421
f 3360//3360 3359//3359 3422//3422
f 3361//3361 3360//3360 3423//3423
f 3362//3362 3361//3361 3424//3424
f 3363//3363 3362//3362 3425//3425
f 3364//3364 3363//3363 3426//3426
f 3365//3365 3364//3364 3427//3427
f 3366//3366 3365//3365 3428//3428
f 3367//3367 3366//3366 3429//3429
f 3368//3368 3367//3367 3430//3430
f 3369//3369 3368//3368 3431//3431
f 3370//3370 3369//3369 3432//3432
f 3371//3371 3370//3370 3433//3433
f 3372//3372 3371//3371 3434//3434
f 3373//3373 3372//3372 3435//3435
f 3374//3374 3373//3373 3436//3436
f 3375//3375 3374//3374 3437//3437
f 3376//3376 3375//3375 3438//3438
f 3377//3377 3376//3376 3439//3439
f 3378//3378 3377//3377 3440//3440
f 3379//3379 3378//3378 3441//3441
f 3380//3380 3379//3379 3442//3442
f 3381//3381 3380//3380 3443//3443
f 3382//3382 3381//3381 3444//3444
f 3383//3383 3382//3382 3445//3445
f 3384//3384 3383//3383 3446//3446
f 3385//3385 3384//3384 3447//3447
f 3386//3386 3385//3385 3448//3448
f 3387//3387 3386//3386 3449//3449
f 3388//3388 3387//3387 3450//3450
f 3389//3389 3388//3388 3451//3451
f 3390//3390 3389//3389 3452//3452
f 3391//3391 3390//3390 3453//3453
f 3392//3392 3391//3391 3454//3454
f 3393//3393 3392//3392 3455//3455
f 3394//3394 3393//3393 3456//3456
f 3395//3395 3394//3394 3457//3457
f 3396//3396 3395//3395 3458//3458
f 3397//3397 3396//3396 3459//3459
f 3398//3398 3397//3397 3460//3460
f 3399//3399 3398//3398 3461//3461
f 3400//3400 3399//3399 3462//3462
f 3401//3401 3400//3400 3463//3463
f 3402//3402 3401//3401 3464//3464
f 3403//3403 3402//3402 3465//3465
f 3404//3404 3403//3403 3466//3466
f 3406//3406 3405//3405 3468//3468
f 3407//3407 3406//3406 3469//3469
f 3408//3408 3407//3407 3470//3470
f 3409//3409 3408//3408 3471//3471
f 3410//3410 3409//3409 3472//3472
f 3411//3411 3410//3410 3473//3473
f 3412//3412 3411//3411 3474//3474
f 3413//3413 3412//3412 3475//3475
f 3414//3414 3413//3413 3476//3476
f 3415//3415 3414//3414 3477//3477
f 3416//3416 3415//3415 3478//3478
f 3417//3417 3416//3416 3479//3479
f 3418//3418 3417//3417 3480//3480
f 3419//3419 3418//3418 3481//3481
f 3420//3420 3419//3419 3482//3482
f 3421//3421 3420//3420 3483//3483
f 3422//3422 3421//3421 3484//3484
f 3423//3423 3422//3422 3485//3485
f 3424//3424 3423//3423 3486//3486
f 3425//3425 3424//3424 3487//3487
f 3426//3426 3425//3425 3488//3488
f 3427//3427 3426//3426 3489//3489
f 3428//3428 3427//3427 3490//3490
f 3429//3429 3428//3428 3491//3491
f 3430//3430 3429//3429 3492//3492
f 3431//3431 3430//3430 3493//3493
f 3432//3432 3431//3431 3494//3494
f 3433//3433 3432//3432 3495//3495
f 3434//3434 3433//3433 3496//3496
f 3435//3435 3434//3434 3497//3497
f 3436//3436 3435//3435 3498//3498
f 3437//3437 3436//3436 3499//3499
f 3438//3438 3437//3437 3500//3500
f 3439//3439 3438//3438 3501//3501
f 3440//3440 3439//3439 3502//3502
f 3441//3441 3440//3440 3503//3503
f 3442//3442 3441//3441 3504//3504
f 3443//3443 3442//3442 3505//3505
f 3444//3444 3443//3443 3506//3506
f 3445//3445 3444//3444 3507//3507
f 3446//3446 3445//3445 3508//3508
f 3447//3447 3446//3446 3509//3509
f 3448//3448 3447//3447 3510//3510
f 3449//3449 3448//3448 3511//3511
f 3450//3450 3449//3449 3512//3512
f 3451//3451 3450//3450 3513//3513
f 3452//3452 3451//3451 3514//3514
f 3453//3453 3452//3452 3515//3515
f 3454//3454 3453//3453 3516//3516
f 3455//3455 3454//3454 3517//3517
f 3456//3456 3455//3455 3518//3518
f 3457//3457 3456//3456 3519//3519
f 3458//3458 3457//3457 3520//3520
f 3459//3459 3458//3458 3521//3521
f 3460//3460 3459//3459 3522//3522
f 3461//3461 3460//3460 3523//3523
f 3462//3462 3461//3461 3524//3524
f 3463//3463 3462//3462 3525//3525
f 3464//3464 3463//3463 3526//3526
f 3465//3465 3464//3464 3527//3527
f 3466//3466 3465//3465 3528//3528
f 3467//3467 3466//3466 3529//3529
f 3469//3469 3468//3468 3531//3531
f 3470//3470 3469//3469 3532//3532
f 3471//3471 3470//3470 3533//3533
f 3472//3472 3471//3471 3534//3534
f 3473//3473 3472//3472 3535//3535
f 3474//3474 3473//3473 3536//3536
f 3475//3475 3474//3474 3537//3537
f 3476//3476 3475//3475 3538//3538
f 3477//3477 3476//3476 3539//3539
f 3478//3478 3477//3477 3540//3540
f 3479//3479 3478//3478 3541//3541
f 3480//3480 3479//3479 3542//3542
f 3481//3481 3480//3480 3543//3543
f 3482//3482 3481//3481 3544//3544
f 3483//3483 3482//3482 3545//3545
f 3484//3484 3483//3483 3546//3546
f 3485//3485 3484//3484 3547//3547
f 3486//3486 3485//3485 3548//3548
f 3487//3487 3486//3486 3549//3549
f 3488//3488 3487//3487 3550//3550
f 3489//3489 3488//3488 3551//3551
f 3490//3490 3489//3489 3552//3552
f 3491//3491 3490//3490 3553//3553
f 3492//3492 3491//3491 3554//3554
f 3493//3493 3492//3492 3555//3555
f 3494//3494 3493//3493 3556//3556
f 3495//3495 3494//3494 3557//3557
f 3496//3496 3495//3495 3558//3558
f 3497//3497 3496//3496 3559//3559
f 3498//3498 3497//3497 3560//3560
f 3499//3499 3498//3498 3561//3561
f 3500//3500 3499//3499 3562//3562
f 3501//3501 3500//3500 3563//3563
f 3502//3502 3501//3501 3564//3564
f 3503//3503 3502//3502 3565//3565
f 3504//3504 3503//3503 3566//3566
f 3505//3505 3504//3504 3567//3567
f 3506//3506 3505//3505 3568//3568
f 3507//3507 3506//3506 3569//3569
f 3508//3508 3507//3507 3570//3570
f 3509//3509 3508//3508 3571//3571
f 3510//3510 3509//3509 3572//3572
f 3511//3511 3510//3510 3573//3573
f 3512//3512 3511//3511 3574//3574
f 3513//3513 3512//3512 3575//3575
f 3514//3514 3513//3513 3576//3576
f 3515//3515 3514//3514 3577//3577
f 3516//3516 3515//3515 3578//3578
f 3517//3517 3516//3516 3579//3579
f 3518//3518 3517//3517 3580//3580
f 3519//3519 3518//3518 3581//3581
f 3520//3520 3519//3519 3582//3582
f 3521//3521 3520//3520 3583//3583
f 3522//3522 3521//3521 3584//3584
f 3523//3523 3522//3522 3585//3585
f 3524//3524 3523//3523 3586//3586
f 3525//3525 3524//3524 3587//3587
f 3526//3526 3525//3525 3588//3588
f 3527//3527 3526//3526 3589//3589
f 3528//3528 3527//3527 3590//3590
f 3529//3529 3528//3528 3591//3591
f 3530//3530 3529//3529 3592//3592
f 3532//3532 3531//3531 3594//3594
f 3533//3533 3532//3532 3595//3595
f 3534//3534 3533//3533 3596//3596
f 3535//3535 3534//3534 3597//3597
f 3536//3536 3535//3535 3598//3598
f 3537//3537 3536//3536 3599//3599
f 3538//3538 3537//3537 3600//3600
f 3539//3539 3538//3538 3601//3601
f 3540//3540 3539//3539 3602//3602
f 3541//3541 3540//3540 3603//3603
f 3542//3542 3541//3541 3604//3604
f 3543//3543 3542//3542 3605//3605
f 3544//3544 3543//3543 3606//3606
f 3545//3545 3544//3544 3607//3607
f 3546//3546 3545//3545 3608//3608
f 3547//3547 3546//3546 3609//3609
f 3548//3548 3547//3547 3610//3610
f 3549//3549 3548//3548 3611//3611
f 3550//3550 3549//3549 3612//3612
f 3551//3551 3550//3550 3613//3613
f 3552//3552 3551//3551 3614//3614
f 3553//3553 3552//3552 3615//3615
f 3554//3554 3553//3553 3616//3616
f 3555//3555 3554//3554 3617//3617
f 3556//3556 3555//3555 3618//3618
f 3557//3557 3556//3556 3619//3619
f 3558//3558 3557//3557 3620//3620
f 3559//3559 3558//3558 3621//3621
f 3560//3560 3559//3559 3622//3622
f 3561//3561 3560//3560 3623//3623
f 3562//3562 3561//3561 3624//3624
f 3563//3563 3562//3562 3625//3625
f 3564//3564 3563//3563 3626//3626
f 3565//3565 3564//3564 3627//3627
f 3566//3566 3565//3565 3628//3628
f 3567//3567 3566//3566 3629//3629
f 3568//3568 3567//3567 3630//3630
f 3569//3569 3568//3568 3631//3631
f 3570//3570 3569//3569 3632//3632
f 3571//3571 3570//3570 3633//3633
f 3572//3572 3571//3571 3634//3634
f 3573//3573 3572//3572 3635//3635
f 3574//3574 3573//3573 3636//3636
f 3575//3575 3574//3574 3637//3637
f 3576//3576 3575//3575 3638//3638
f 3577//3577 3576//3576 3639//3639
f 3578//3578 3577//3577 3640//3640
f 3579//3579 3578//3578 3641//3641
f 3580//3580 3579//3579 3642//3642
f 3581//3581 3580//3580 3643//3643
f 3582//3582 3581//3581 3644//3644
f 3583//3583 3582//3582 3645//3645
f 3584//3584 3583//3583 3646//3646
f 3585//3585 3584//3584 3647//3647
f 3586//3586 3585//3585 3648//3648
f 3587//3587 3586//3586 3649//3649
f 3588//3588 3587//3587 3650//3650
f 3589//3589 3588//3588 3651//3651
f 3590//3590 3589//3589 3652//3652
f 3591//3591 3590//3590 3653//3653
f 3592//3592 3591//3591 3654//3654
f 3593//3593 3592//3592 3655//3655
f 3595//3595 3594//3594 3657//3657
f 3596//3596 3595//3595 3658//3658
f 3597//3597 3596//3596 3659//3659
f 3598//3598 3597//3597 3660//3660
f 3599//3599 3598//3598 3661//3661
f 3600//3600 3599//3599 3662//3662
f 3601//3601 3600//3600 3663//3663
f 3602//3602 3601//3601 3664//3664
f 3603//3603 3602//3602 3665//3665
f 3604//3604 3603//3603 3666//3666
f 3605//3605 3604//3604 3667//3667
f 3606//3606 3605//3605 3668//3668
f 3607//3607 3606//3606 3669//3669
f 3608//3608 3607//3607 3670//3670
f 3609//3609 3608//3608 3671//3671
f 3610//3610 3609//3609 3672//3672
f 3611//3611 3610//3610 3673//3673
f 3612//3612 3611//3611 3674//3674
f 3613//3613 3612//3612 3675//3675
f 3614//3614 3613//3613 3676//3676
f 3615//3615 3614//3614 3677//3677
f 3616//3616 3615//3615 3678//3678
f 3617//3617 3616//3616 3679//3679
f 3618//3618 3617//3617 3680//3680
f 3619//3619 3618//3618 3681//3681
f 3620//3620 3619//3619 3682//3682
f 3621//3621 3620//3620 3683//3683
f 3622//3622 3621//3621 3684//3684
f 3623//3623 3622//3622 3685//3685
f 3624//3624 3623//3623 3686//3686
f 3625//3625 3624//3624 3687//3687
f 3626//3626 3625//3625 3688//3688
f 3627//3627 3626//3626 3689//3689
f 3628//3628 3627//3627 3690//3690
f 3629//3629 3628//3628 3691//3691
f 3630//3630 3629//3629 3692//3692
f 3631//3631 3630//3630 3693//3693
f 3632//3632 3631//3631 3694//3694
f 3633//3633 3632//3632 3695//3695
f 3634//3634 3633//3633 3696//3696
f 3635//3635 3634//3634 3697//3697
f 3636//3636 3635//3635 3698//3698
f 3637//3637 3636//3636 3699//3699
f 3638//3638 3637//3637 3700//3700
f 3639//3639 3638//3638 3701//3701
f 3640//3640 3639//3639 3702//3702
f 3641//3641 3640//3640 3703//3703
f 3642//3642 3641//3641 3704//3704
f 3643//3643 3642//3642 3705//3705
f 3644//3644 3643//3643 3706//3706
f 3645//3645 3644//3644 3707//3707
f 3646//3646 3645//3645 3708//3708
f 3647//3647 3646//3646 3709//3709
f 3648//3648 3647//3647 3710//3710
f 3649//3649 3648//3648 3711//3711
f 3650//3650 3649//3649 3712//3712
f 3651//3651 3650//3650 3713//3713
f 3652//3652 3651//3651 3714//3714
f 3653//3653 3652//3652 3715//3715
f 3654//3654 3653//3653 3716//3716
f 3655//3655 3654//3654 3717//3717
f 3656//3656 3655//3655 3718//3718
f 3658//3658 3657//3657 3720//3720
f 3659//3659 3658//3658 3721//3721
f 3660//3660 3659//3659 3722//3722
f 3661//3661 3660//3660 3723//3723
f 3662//3662 3661//3661 3724//3724
f 3663//3663 3662//3662 3725//3725
f 3664//3664 3663//3663 3726//3726
f 3665//3665 3664//3664 3727//3727
f 3666//3666 3665//3665 3728//3728
f 3667//3667 3666//3666 3729//3729
f 3668//3668 3667//3667 3730//3730
f 3669//3669 3668//3668 3731//3731
f 3670//3670 3669//3669 3732//3732
f 3671//3671 3670//3670 3733//3733
f 3672//3672 3671//3671 3734//3734
f 3673//3673 3672//3672 3735//3735
f 3674//3674 3673//3673 3736//3736
f 3675//3675 3674//3674 3737//3737
f 3676//3676 3675//3675 3738//3738
f 3677//3677 3676//3676 3739//3739
f 3678//3678 3677//3677 3740//3740
f 3679//3679 3678//3678 3741//3741
f 3680//3680 3679//3679 3742//3742
f 3681//3681 3680//3680 3743//3743
f 3682//3682 3681//3681 3744//3744
f 3683//3683 3682//3682 3745//3745
f 3684//3684 3683//3683 3746//3746
f 3685//3685 3684//3684 3747//3747
f 3686//3686 3685//3685 3748//3748
f 3687//3687 3686//3686 3749//3749
f 3688//3688 3687//3687 3750//3750
f 3689//3689 3688//3688 3751//3751
f 3690//3690 3689//3689 3752//3752
f 3691//3691 3690//3690 3753//3753
f 3692//3692 3691//3691 3754//3754
f 3693//3693 3692//3692 3755//3755
f 3694//3694 3693//3693 3756//3756
f 3695//3695 3694//3694 3757//3757
f 3696//3696 3695//3695 3758//3758
f 3697//3697 3696//3696 3759//3759
f 3698//3698 3697//3697 3760//3760
f 3699//3699 3698//3698 3761//3761
f 3700//3700 3699//3699 3762//3762
f 3701//3701 3700//3700 3763//3763
f 3702//3702 3701//3701 3764//3764
f 3703//3703 3702//3702 3765//3765
f 3704//3704 3703//3703 3766//3766
f 3705//3705 3704//3704 3767//3767
f 3706//3706 3705//3705 3768//3768
f 3707//3707 3706//3706 3769//3769
f 3708//3708 3707//3707 3770//3770
f 3709//3709 3708//3708 3771//3771
f 3710//3710 3709//3709 3772//3772
f 3711//3711 3710//3710 3773//3773
f 3712//3712 3711//3711 3774//3774
f 3713//3713 3712//3712 3775//3775
f 3714//3714 3713//3713 3776//3776
f 3715//3715 3714//3714 3777//3777
f 3716//3716 3715//3715 3778//3778
f 3717//3717 3716//3716 3779//3779
f 3718//3718 3717//3717 3780//3780
f 3719//3719 3718//3718 3781//3781
f 3721//3721 3720//3720 3783//3783
f 3722//3722 3721//3721 3784//3784
f 3723//3723 3722//3722 3785//3785
f 3724//3724 3723//3723 3786//3786
f 3725//3725 3724//3724 3787//3787
f 3726//3726 3725//3725 3788//3788
f 3727//3727 3726//3726 3789//3789
f 3728//3728 3727//3727 3790//3790
f 3729//3729 3728//3728 3791//3791
f 3730//3730 3729//3729 3792//3792
f 3731//3731 3730//3730 3793//3793
f 3732//3732 3731//3731 3794//3794
f 3733//3733 3732//3732 3795//3795
f 3734//3734 3733//3733 3796//3796
f 3735//3735 3734//3734 3797//3797
f 3736//3736 3735//3735 3798//3798
f 3737//3737 3736//3736 3799//3799
f 3738//3738 3737//3737 3800//3800
f 3739//3739 3738//3738 3801//3801
f 3740//3740 3739//3739 3802//3802
f 3741//3741 3740//3740 3803//3803
f 3742//3742 3741//3741 3804//3804
f 3743//3743 3742//3742 3805//3805
f 3744//3744 3743//3743 3806//3806
f 3745//3745 3744//3744 3807//3807
f 3746//3746 3745//3745 3808//3808
f 3747//3747 3746//3746 3809//3809
f 3748//3748 3747//3747 3810//3810
f 3749//3749 3748//3748 3811//3811
f 3750//3750 3749//3749 3812//3812
f 3751//3751 3750//3750 3813//3813
f 3752//3752 3751//3751 3814//3814
f 3753//3753 3752//3752 3815//3815
f 3754//3754 3753//3753 3816//3816
f 3755//3755 3754//3754 3817//3817
f 3756//3756 3755//3755 3818//3818
f 3757//3757 3756//3756 3819//3819
f 3758//3758 3757//3757 3820//3820
f 3759//3759 3758//3758 3821//3821
f 3760//3760 3759//3759 3822//3822
f 3761//3761 3760//3760 3823//3823
f 3762//3762 3761//3761 3824//3824
f 3763//3763 3762//3762 3825//3825
f 3764//3764 3763//3763 3826//3826
f 3765//3765 3764//3764 3827//3827
f 3766//3766 3765//3765 3828//3828
f 3767//3767 3766//3766 3829//3829
f 3768//3768 3767//3767 3830//3830
f 3769//3769 3768//3768 3831//3831
f 3770//3770 3769//3769 3832//3832
f 3771//3771 3770//3770 3833//3833
f 3772//3772 3771//3771 3834//3834
f 3773//3773 3772//3772 3835//3835
f 3774//3774 3773//3773 3836//3836
f 3775//3775 3774//3774 3837//3837
f 3776//3776 3775//3775 3838//3838
f 3777//3777 3776//3776 3839//3839
f 3778//3778 3777//3777 3840//3840
f 3779//3779 3778//3778 3841//3841
f 3780//3780 3779//3779 3842//3842
f 3781//3781 3780//3780 3843//3843
f 3782//3782 3781//3781 3844//3844
f 3784//3784 3783//3783 3846//3846
f 3785//3785 3784//3784 3847//3847
f 3786//3786 3785//3785 3848//3848
f 3787//3787 3786//3786 3849//3849
f 3788//3788 3787//3787 3850//3850
f 3789//3789 3788//3788 3851//3851
f 3790//3790 3789//3789 3852//3852
f 3791//3791 3790//3790 3853//3853
f 3792//3792 3791//3791 3854//3854
f 3793//3793 3792//3792 3855//3855
f 3794//3794 3793//3793 3856//3856
f 3795//3795 3794//3794 3857//3857
f 3796//3796 3795//3795 3858//3858
f 3797//3797 3796//3796 3859//3859
f 3798//3798 3797//3797 3860//3860
f 3799//3799 3798//3798 3861//3861
f 3800//3800 3799//3799 3862//3862
f 3801//3801 3800//3800 3863//3863
f 3802//3802 3801//3801 3864//3864
f 3803//3803 3802//3802 3865//3865
f 3804//3804 3803//3803 3866//3866
f 3805//3805 3804//3804 3867//3867
f 3806//3806 3805//3805 3868//3868
f 3807//3807 3806//3806 3869//3869
f 3808//3808 3807//3807 3870//3870
f 3809//3809 3808//3808 3871//3871
f 3810//3810 3809//3809 3872//3872
f 3811//3811 3810//3810 3873//3873
f 3812//3812 3811//3811 3874//3874
f 3813//3813 3812//3812 3875//3875
f 3814//3814 3813//3813 3876//3876
f 3815//3815 3814//3814 3877//3877
f 3816//3816 3815//3815 3878//3878
f 3817//3817 3816//3816 3879//3879
f 3818//3818 3817//3817 3880//3880
f 3819//3819 3818//3818 3881//3881
f 3820//3820 3819//3819 3882//3882
f 3821//3821 3820//3820 3883//3883
f 3822//3822 3821//3821 3884//3884
f 3823//3823 3822//3822 3885//3885
f 3824//3824 3823//3823 3886//3886
f 3825//3825 3824//3824 3887//3887
f 3826//3826 3825//3825 3888//3888
f 3827//3827 3826//3826 3889//3889
f 3828//3828 3827//3827 3890//3890
f 3829//3829 3828//3828 3891//3891
f 3830//3830 3829//3829 3892//3892
f 3831//3831 3830//3830 3893//3893
f 3832//3832 3831//3831 3894//3894
f 3833//3833 3832//3832 3895//3895
f 3834//3834 3833//3833 3896//3896
f 3835//3835 3834//3834 3897//3897
f 3836//3836 3835//3835 3898//3898
f 3837//3837 3836//3836 3899//3899
f 3838//3838 3837//3837 3900//3900
f 3839//3839 3838//3838 3901//3901
f 3840//3840 3839//3839 3902//3902
f 3841//3841 3840//3840 3903//3903
f 3842//3842 3841//3841 3904//3904
f 3843//3843 3842//3842 3905//3905
f 3844//3844 3843//3843 3906//3906
f 3845//3845 3844//3844 3907//3907
f 3847//3847 3846//3846 3909//3909
f 3848//3848 3847//3847 3910//3910
f 3849//3849 3848//3848 3911//3911
f 3850//3850 3849//3849 3912//3912
f 3851//3851 3850//3850 3913//3913
f 3852//3852 3851//3851 3914//3914
f 3853//3853 3852//3852 3915//3915
f 3854//3854 3853//3853 3916//3916
f 3855//3855 3854//3854 3917//3917
f 3856//3856 3855//3855 3918//3918
f 3857//3857 3856//3856 3919//3919
f 3858//3858 3857//3857 3920//3920
f 3859//3859 3858//3858 3921//3921
f 3860//3860 3859//3859 3922//3922
f 3861//3861 3860//3860 3923//3923
f 3862//3862 3861//3861 3924//3924
f 3863//3863 3862//3862 3925//3925
f 3864//3864 3863//3863 3926//3926
f 3865//3865 3864//3864 3927//3927
f 3866//3866 3865//3865 3928//3928
f 3867//3867 3866//3866 3929//3929
f 3868//3868 3867//3867 3930//3930
f 3869//3869 3868//3868 3931//3931
f 3870//3870 3869//3869 3932//3932
f 3871//3871 3870//3870 3933//3933
f 3872//3872 3871//3871 3934//3934
f 3873//3873 3872//3872 3935//3935
f 3874//3874 3873//3873 3936//3936
f 3875//3875 3874//3874 3937//3937
f 3876//3876 3875//3875 3938//3938
f 3877//3877 3876//3876 3939//3939
f 3878//3878 3877//3877 3940//3940
f 3879//3879 3878//3878 3941//3941
f 3880//3880 3879//3879 3942//3942
f 3881//3881 3880//3880 3943//3943
f 3882//3882 3881//3881 3944//3944
f 3883//3883 3882//3882 3945//3945
f 3884//3884 3883//3883 3946//3946
f 3885//3885 3884//3884 3947//3947
f 3886//3886 3885//3885 3948//3948
f 3887//3887 3886//3886 3949//3949
f 3888//3888 3887//3887 3950//3950
f 3889//3889 3888//3888 3951//3951
f 3890//3890 3889//3889 3952//3952
f 3891//3891 3890//3890 3953//3953
f 3892//3892 3891//3891 3954//3954
f 3893//3893 3892//3892 3955//3955
f 3894//3894 3893//3893 3956//3956
f 3895//3895 3894//3894 3957//3957
f 3896//3896 3895//3895 3958//3958
f 3897//3897 3896//3896 3959//3959
f 3898//3898 3897//3897 3960//3960
f 3899//3899 3898//3898 3961//3961
f 3900//3900 3899//3899 3962//3962
f 3901//3901 3900//3900 3963//3963
f 3902//3902 3901//3901 3964//3964
f 3903//3903 3902//3902 3965//3965
f 3904//3904 3903//3903 3966//3966
f 3905//3905 3904//3904 3967//3967
f 3906//3906 3905//3905 3968//3968
f 3907//3907 3906//3906 3969//3969
f 3908//3908 3907//3907 3970//3970
f 3910//3910 3909//3909 3972//3972
f 3911//3911 3910//3910 3973//3973
f 3912//3912 3911//3911 3974//3974
f 3913//3913 3912//3912 3975//3975
f 3914//3914 3913//3913 3976//3976
f 3915//3915 3914//3914 3977//3977
f 3916//3916 3915//3915 3978//3978
f 3917//3917 3916//3916 3979//3979
f 3918//3918 3917//3917 3980//3980
f 3919//3919 3918//3918 3981//3981
f 3920//3920 3919//3919 3982//3982
f 3921//3921 3920//3920 3983//3983
f 3922//3922 3921//3921 3984//3984
f 3923//3923 3922//3922 3985//3985
f 3924//3924 3923//3923 3986//3986
f 3925//3925 3924//3924 3987//3987
f 3926//3926 3925//3925 3988//3988
f 3927//3927 3926//3926 3989//3989
f 3928//3928 3927//3927 3990//3990
f 3929//3929 3928//3928 3991//3991
f 3930//3930 3929//3929 3992//3992
f 3931//3931 3930//3930 3993//3993
f 3932//3932 3931//3931 3994//3994
f 3933//3933 3932//3932 3995//3995
f 3934//3934 3933//3933 3996//3996
f 3935//3935 3934//3934 3997//3997
f 3936//3936 3935//3935 3998//3998
f 3937//3937 3936//3936 3999//3999
f 3938//3938 3937//3937 4000//4000
f 3939//3939 3938//3938 4001//4001
f 3940//3940 3939//3939 4002//4002
f 3941//3941 3940//3940 4003//4003
f 3942//3942 3941//3941 4004//4004
f 3943//3943 3942//3942 4005//4005
f 3944//3944 3943//3943 4006//4006
f 3945//3945 3944//3944 4007//4007
f 3946//3946 3945//3945 4008//4008
f 3947//3947 3946//3946 4009//4009
f 3948//3948 3947//3947 4010//4010
f 3949//3949 3948//3948 4011//4011
f 3950//3950 3949//3949 4012//4012
f 3951//3951 3950//3950 4013//4013
f 3952//3952 3951//3951 4014//4014
f 3953//3953 3952//3952 4015//4015
f 3954//3954 3953//3953 4016//4016
f 3955//3955 3954//3954 4017//4017
f 3956//3956 3955//3955 4018//4018
f 3957//3957 3956//3956 4019//4019
f 3958//3958 3957//3957 4020//4020
f 3959//3959 3958//3958 4021//4021
f 3960//3960 3959//3959 4022//4022
f 3961//3961 3960//3960 4023//4023
f 3962//3962 3961//3961 4024//4024
f 3963//3963 3962//3962 4025//4025
f 3964//3964 3963//3963 4026//4026
f 3965//3965 3964//3964 4027//4027
f 3966//3966 3965//3965 4028//4028
f 3967//3967 3966//3966 4029//4029
f 3968//3968 3967//3967 4030//4030
f 3969//3969 3968//3968 4031//4031
f 3970//3970 3969//3969 4032//4032
f 3971//3971 3970//3970 4033//4033
f 3973//3973 3972//3972 3//3
f 3974//3974 3973//3973 4//4
f 3975//3975 3974//3974 6//6
f 3976//3976 3975//3975 8//8
f 3977//3977 3976//3976 10//10
f 3978//3978 3977//3977 12//12
f 3979//3979 3978//3978 14//14
f 3980//3980 3979//3979 16//16
f 3981//3981 3980//3980 18//18
f 3982//3982 3981//3981 20//20
f 3983//3983 3982//3982 22//22
f 3984//3984 3983//3983 24//24
f 3985//3985 3984//3984 26//26
f 3986//3986 3985//3985 28//28
f 3987//3987 3986//3986 30//30
f 3988//3988 3987//3987 32//32
f 3989//3989 3988//3988 34//34
f 3990//3990 3989//3989 36//36
f 3991//3991 3990//3990 38//38
f 3992//3992 3991//3991 40//40
f 3993//3993 3992//3992 42//42
f 3994//3994 3993//3993 44//44
f 3995//3995 3994//3994 46//46
f 3996//3996 3995//3995 48//48
f 3997//3997 3996//3996 50//50
f 3998//3998 3997//3997 52//52
f 3999//3999 3998//3998 54//54
f 4000//4000 3999//3999 56//56
f 4001//4001 4000//4000 58//58
f 4002//4002 4001//4001 60//60
f 4003//4003 4002//4002 62//62
f 4004//4004 4003//4003 64//64
f 4005//4005 4004//4004 66//66
f 4006//4006 4005//4005 68//68
f 4007//4007 4006//4006 70//70
f 4008//4008 4007//4007 72//72
f 4009//4009 4008//4008 74//74
f 4010//4010 4009//4009 76//76
f 4011//4011 4010//4010 78//78
f 4012//4012 4011//4011 80//80
f 4013//4013 4012//4012 82//82
f 4014//4014 4013//4013 84//84
f 4015//4015 4014//4014 86//86
f 4016//4016 4015//4015 88//88
f 4017//4017 4016//4016 90//90
f 4018//4018 4017//4017 92//92
f 4019//4019 4018//4018 94//94
f 4020//4020 4019//4019 96//96
f 4021//4021 4020//4020 98//98
f 4022//4022 4021//4021 100//100
f 4023//4023 4022//4022 102//102
f 4024//4024 4023//4023 104//104
f 4025//4025 4024//4024 106//106
f 4026//4026 4025//4025 108//108
f 4027//4027 4026//4026 110//110
f 4028//4028 4027//4027 112//112
f 4029//4029 4028//4028 114//114
f 4030//4030 4029//4029 116//116
f 4031//4031 4030//4030 118//118
f 4032//4032 4031//4031 120//120
f 4033//4033 4032//4032 122//122
f 4034//4034 4033//4033 124//124
# 8064 faces, 0 coords texture

# End of File
