{
  "Name":                       "HMMWV DoubleWishbone Front (ADAMS)",
  "Type":                       "Suspension",
  "Template":                   "DoubleWishbone",

  "Spindle" :
  {
    "Mass":                     1.103,
    "COM":                      [-0.040, 0.910, -0.026],
    "Inertia":                  [0.000478, 0.000496, 0.000478],
    "Radius":                   0.15,
    "Width":                    0.06
  },

  "Upright":
  {
    "Mass":                     3.638,
    "COM":                      [-0.040, 0.910, -0.026],
    "Inertia":                  [0.0408, 0.0423, 0.00834],
    "Radius":                   0.03
  },

  "Upper Control Arm":
  {
    "Mass":                     5.443,
    "COM":                      [-0.123, 0.546, 0.219],
    "Inertia":                  [0.0233, 0.0132, 0.0361],
    "Radius":                   0.02,
    "Location Chassis Front":   [-0.048, 0.446, 0.245],
    "Location Chassis Back":    [-0.268, 0.478, 0.196],
    "Location Upright":         [-0.053, 0.716, 0.216]
  },

  "Lower Control Arm":
  {
    "Mass":                     16.330,
    "COM":                      [-0.011, 0.467, -0.039],
    "Inertia":                  [0.147, 0.119, 0.232],
    "Radius":                   0.03,
    "Location Chassis Front":   [0.224, 0.307, 0.000],
    "Location Chassis Back":    [-0.223, 0.307, 0.000],
    "Location Upright":         [-0.035, 0.787, -0.118]
  },

  "Tierod":
  {
    "Location Chassis":         [-0.250, 0.448, 0.055],
    "Location Upright":         [-0.175, 0.821, -0.016]
  },

  "Spring":
  {
    "Location Chassis":         [0.101, 0.521, 0.143],
    "Location Arm":             [0.098, 0.544, -0.038],
    "Spring Coefficient":       167080.118,
    "Free Length" :             0.339344
  },

  "Shock":
  {
    "Location Chassis":         [0.104, 0.498, 0.323],
    "Location Arm":             [0.098, 0.544, -0.038],
    "Damping Coefficient":      19015.5692
  },

  "Axle":
  {
    "Inertia":                  0.4
  }
}
