{
  "Name":                           "MAN 10t Front 1 Solid Bellcrank Three Link Axle",
  "Type":                           "Suspension",
  "Template":                       "SolidBellcrankThreeLinkAxle",

  "Spindle" :
  {
    "Mass":                          60.2,
    "COM":                          [0, 1.035, 0],
    "Inertia":                        [0.2700752,	0.4822912,	0.2700752],
    "Radius":                       0.10,
    "Width":                         0.06
  },
    
  "Axle Tube" :
  {
    "Mass":                          405,
    "COM":                          [0, 0, 0],
    "Inertia":                        [21.23, 8.12, 21.31],
    "Radius":                       0.0476
  },

  "Knuckle":
  {
    "Mass":                          145.6,
    "COM":                          [0.000, 0.937, 0.000],
    "Inertia":                        [2.40, 3.97, 2.45],
    "Location Lower":               [0.000, 0.853748866, -0.10],
    "Location Upper":               [0.000, 0.836251134, 0.10],
    "Location Tierod":            [-0.238119607, 0.813061735, 0.153] 
    },

  "Bellcrank":
  {
    "Mass":                       24.4,
    "Inertia":                      [0.05, 0.29, 0.30],
    "Location Axle":          [-0.023, 0.000, 0.250],
    "Location Tierod":       [-0.273, 0.042, 0.153]
    },
    
  "Draglink":
  {
    "Mass":                         10.3,
    "Inertia":                        [0.29, 0.67, 0.95],
    "Location Steering":      [0.741, -0.217, 0.089], 
    "Location Bellcrank":     [0.045, 0.256, 0.153]
    },

  "Triangular Link" :
  {
      "Mass":                           50.0,
    "Inertia":                        [0.2, 0.2, 0.2],
    "Location Chassis":          [0.871, 0.420, 0.165],
    "Location Axle":                [0.125, 0.000, 0.260]
  }, 

  "Longitudinal Link" :
  {
      "Mass":                           25.0,
    "Inertia":                        [0.05, 0.1, 0.1],
    "Location Chassis":          [-1.138, 0.270, 0.115],
    "Location Axle":                [-0.115, 0.490, -0.090]
  }, 

"Tierod" :
  {
      "Mass":                           10.0,
    "Inertia":                        [0.05, 0.1, 0.105]
 }, 

  "Spring":
  {
    "Location Chassis":          [0.010, 0.552, 0.588],
    "Location Axle":                [0.000, 0.590, 0.090],
	"Free Length":					0.667,
	"Maximum Length":			0.649925,
	"Minimum Length":			0.38,
	"Curve Data": [
    	[-1,-435168],
		[-0.9,-358252],
		[-0.8,-288758],
		[-0.7,-226686],
		[-0.6,-172036],
		[-0.5,-124808],
		[-0.4,-85002.6],
		[-0.3,-52618.9],
		[-0.2,-27657.2],
		[-0.1,-10117.6],
		[0,0],
		[0.1,10117.6],
		[0.2,27657.2],
		[0.3,52618.9],
		[0.4,85002.6],
		[0.5,124808],
		[0.6,172036],
		[0.7,226686],
		[0.8,288758],
		[0.9,358252],
		[1,435168]
	]
  },

  "Shock":
  {
    "Location Chassis":             [0.235, 0.562, 0.570],
    "Location Axle":                [0.246, 0.523, -0.125],
    "Curve Data": [
		[-1,-13131.6],
		[-0.9,-12776.7],
		[-0.8,-12359.2],
		[-0.7,-11860.8],
		[-0.6,-11255.7],
		[-0.5,-10505.3],
		[-0.4,-9550.29],
		[-0.3,-8293.67],
		[-0.2,-6565.82],
		[-0.1,-4040.51],
		[0,0],
		[0.1,6680.04],
		[0.2,10095.4],
		[0.3,12169.3],
		[0.4,13562.4],
		[0.5,14562.6],
		[0.6,15315.7],
		[0.7,15903],
		[0.8,16374],
		[0.9,16760.1],
		[1,17082.3]
	]
  },

  "Axle":
  {
    "Inertia":                      0.4
  }
}
