{
  "Name": "HMMWV DoubleWishbone Front",
  "Type": "Suspension",
  "Template": "DoubleWishbone",

  "Vehicle-Frame Inertia": false,

  "Camber Angle (deg)": 0,
  "Toe Angle (deg)": 0,

  "Spindle": {
    "Mass": 14.705,
    "COM": [ -0.040, 0.910, -0.026 ],
    "Inertia": [ 0.04117, 0.07352, 0.04117 ],
    "Radius": 0.15,
    "Width": 0.06
  },

  "Upright": {
    "Mass": 19.450,
    "COM": [ -0.040, 0.751, -0.026 ],
    "Moments of Inertia": [ 0.1656, 0.1934, 0.04367 ],
    "Products of Inertia": [ 0, 0, 0 ],
    "Radius": 0.025
  },

  "Upper Control Arm": {
    "Mass": 5.813,
    "COM": [ -0.106, 0.589, 0.218 ],
    "Moments of Inertia": [ 0.03, 0.03, 0.06276 ],
    "Products of Inertia": [ 0, 0, 0 ],
    "Radius": 0.02,
    "Location Chassis Front": [ -0.048, 0.446, 0.245 ],
    "Location Chassis Back": [ -0.268, 0.478, 0.196 ],
    "Location Upright": [ -0.053, 0.716, 0.215 ]
  },

  "Lower Control Arm": {
    "Mass": 23.965,
    "COM": [ 0.000, 0.547, -0.059 ],
    "Moments of Inertia": [ 0.4, 0.4, 0.8938 ],
    "Products of Inertia": [ 0, 0, 0 ],
    "Radius": 0.03,
    "Location Chassis Front": [ 0.223, 0.307, 0.000 ],
    "Location Chassis Back": [ -0.223, 0.307, 0.000 ],
    "Location Upright": [ -0.036, 0.787, -0.118 ]
  },

  "Tierod": {
    "Location Chassis": [ -0.250, 0.448, 0.054 ],
    "Location Upright": [ -0.176, 0.821, -0.016 ]
  },

  "Spring": {
    "Location Chassis": [ 0.104, 0.510, 0.197 ],
    "Location Arm": [ 0.097, 0.543, -0.047 ],
    "Minimum Length": 0.15,
    "Maximum Length": 0.3,
    "Spring Coefficient": 167062.000,
    "Free Length": 0.339
  },

  "Shock": {
    "Location Chassis": [ 0.104, 0.498, 0.323 ],
    "Location Arm": [ 0.097, 0.543, -0.047 ],
    "Deformation": [ 0.273304, 0.278384, 0.283464, 0.288544, 0.293624, 0.324104, 0.343002, 0.361899, 0.380797, 0.399694, 0.418592, 0.423672, 0.428752, 0.433832, 0.438912 ],
    "Map Data": [
      [ -0.666667, -3931.01, -3931.01, -3931.01, -3931.01, -3931.01, -8347.71, -8347.71, -8347.71, -8347.71, -8347.71, -8347.71, -3931.01, -3931.01, -3931.01, -3931.01 ],
      [ -0.333333, -1965.51, -1965.51, -1965.51, -1965.51, -1965.51, -4173.85, -4173.85, -4173.85, -4173.85, -4173.85, -4173.85, -1965.51, -1965.51, -1965.51, -1965.51 ],
      [ 0.0, 0, 0, 0, 0, 0, 0, 0, 0, 0, 0, 0, 0, 0, 0 ],
      [ 0.333333, 20022.8, 20022.8, 20022.8, 20022.8, 20022.8, 7486.67, 7486.67, 7486.67, 7486.67, 7486.67, 7486.67, 20022.8, 20022.8, 20022.8, 20022.8 ],
      [ 0.666667, 40045.7, 40045.7, 40045.7, 40045.7, 40045.7, 14973.3, 14973.3, 14973.3, 14973.3, 14973.3, 14973.3, 40045.7, 40045.7, 40045.7, 40045.7 ]
    ]
  },

  "Axle": {
    "Inertia": 0.4
  }
}
