{
  "Name": "HMMWV DoubleWishbone Rear",
  "Type": "Suspension",
  "Template": "DoubleWishbone",

  "Vehicle-Frame Inertia": false,

  "Camber Angle (deg)": 0,
  "Toe Angle (deg)": 0,

  "Spindle": {
    "Mass": 15.91,
    "COM": [ 0.036, 0.910, -0.026 ],
    "Inertia": [ 2, 4, 2 ],
    "Radius": 0.15,
    "Width": 0.06
  },

  "Upright": {
    "Mass": 27.27,
    "COM": [ 0.036, 0.751, -0.026 ],
    "Moments of Inertia": [ 5, 5, 5 ],
    "Products of Inertia": [ 0, 0, 0 ],
    "Radius": 0.025
  },

  "Upper Control Arm": {
    "Mass": 5.45,
    "COM": [ 0.124, 0.589, 0.221 ],
    "Moments of Inertia": [ 2, 2, 2 ],
    "Products of Inertia": [ 0, 0, 0 ],
    "Radius": 0.02,
    "Location Chassis Front": [ 0.349, 0.462, 0.228 ],
    "Location Chassis Back": [ 0.077, 0.462, 0.224 ],
    "Location Upright": [ 0.036, 0.716, 0.216 ]
  },

  "Lower Control Arm": {
    "Mass": 16.36,
    "COM": [ 0.000, 0.547, -0.059 ],
    "Moments of Inertia": [ 3, 3, 3 ],
    "Products of Inertia": [ 0, 0, 0 ],
    "Radius": 0.03,
    "Location Chassis Front": [ 0.223, 0.307, 0.000 ],
    "Location Chassis Back": [ -0.223, 0.307, 0.000 ],
    "Location Upright": [ 0.036, 0.787, -0.118 ]
  },

  "Tierod": {
    "Location Chassis": [ 0.223, 0.416, 0.059 ],
    "Location Upright": [ 0.170, 0.821, -0.009 ]
  },

  "Spring": {
    "Location Chassis": [ -0.104, 0.502, 0.256 ],
    "Location Arm": [ -0.097, 0.543, -0.047 ],
    "Minimum Length": 0.15,
    "Maximum Length": 0.35,
    "Spring Coefficient": 369149.000,
    "Free Length": 0.382
  },

  "Shock": {
    "Location Chassis": [ -0.104, 0.498, 0.323 ],
    "Location Arm": [ -0.097, 0.544, -0.038 ],
    "Deformation": [ 0.273304, 0.278384, 0.283464, 0.288544, 0.293624, 0.324104, 0.343002, 0.361899, 0.380797, 0.399694, 0.418592, 0.423672, 0.428752, 0.433832, 0.438912 ],
    "Map Data": [
      [ -0.666667, -5691.62, -5691.62, -5691.62, -5691.62, -5691.62, -9690.35, -9690.35, -9690.35, -9690.35, -9690.35, -9690.35, -5691.62, -5691.62, -5691.62, -5691.62 ],
      [ -0.333333, -2845.81, -2845.81, -2845.81, -2845.81, -2845.81, -4845.17, -4845.17, -4845.17, -4845.17, -4845.17, -4845.17, -2845.81, -2845.81, -2845.81, -2845.81 ],
      [ 0.0, 0, 0, 0, 0, 0, 0, 0, 0, 0, 0, 0, 0, 0, 0 ],
      [ 0.333333, 21307.1, 21307.1, 21307.1, 21307.1, 21307.1, 11675.1, 11675.1, 11675.1, 11675.1, 11675.1, 11675.1, 21307.1, 21307.1, 21307.1, 21307.1 ],
      [ 0.666667, 42614.2, 42614.2, 42614.2, 42614.2, 42614.2, 23350.2, 23350.2, 23350.2, 23350.2, 23350.2, 23350.2, 42614.2, 42614.2, 42614.2, 42614.2 ]
    ]
  },

  "Axle": {
    "Inertia": 0.4
  }
}
